,ALL_LINK
0,https://www.nature.com/articles/s41401-021-00772-8
1,https://www.nature.com/articles/s41401-021-00778-2
2,https://www.nature.com/articles/s41401-021-00745-x
3,https://www.nature.com/articles/s41401-021-00770-w
4,https://www.nature.com/articles/s41401-021-00776-4
5,https://www.nature.com/articles/s41401-021-00774-6
6,https://www.nature.com/articles/s41401-021-00766-6
7,https://www.nature.com/articles/s41401-021-00773-7
8,https://www.nature.com/articles/s41401-021-00769-3
9,https://www.nature.com/articles/s41401-021-00768-4
10,https://www.nature.com/articles/s41401-021-00777-3
11,https://www.nature.com/articles/s41401-021-00755-9
12,https://www.nature.com/articles/s41401-021-00760-y
13,https://www.nature.com/articles/s41401-021-00763-9
14,https://www.nature.com/articles/s41401-021-00765-7
15,https://www.nature.com/articles/s41401-021-00731-3
16,https://www.nature.com/articles/s41401-021-00771-9
17,https://www.nature.com/articles/s41401-021-00730-4
18,https://www.nature.com/articles/s41401-021-00767-5
19,https://www.nature.com/articles/s41401-021-00761-x
20,https://www.nature.com/articles/s41404-021-0931-0
21,https://www.nature.com/articles/s41404-021-0922-1
22,https://www.nature.com/articles/s41404-021-0928-8
23,https://www.nature.com/articles/s41404-021-0925-y
24,https://www.nature.com/articles/s41404-021-0929-7
25,https://www.nature.com/articles/s41404-021-0930-1
26,https://www.nature.com/articles/s41404-021-0926-x
27,https://www.nature.com/articles/s41404-021-0917-y
28,https://www.nature.com/articles/s41404-021-0924-z
29,https://www.nature.com/articles/s41404-021-0910-5
30,https://www.nature.com/articles/s41404-021-0913-2
31,https://www.nature.com/articles/s41404-021-0919-9
32,https://www.nature.com/articles/s41404-021-0918-x
33,https://www.nature.com/articles/s41404-021-0920-3
34,https://www.nature.com/articles/s41404-021-0923-0
35,https://www.nature.com/articles/s41404-021-0914-1
36,https://www.nature.com/articles/s41404-021-0921-2
37,https://www.nature.com/articles/s41404-021-0927-9
38,https://www.nature.com/articles/s41404-021-0905-2
39,https://www.nature.com/articles/s41404-021-0912-3
40,https://www.nature.com/articles/s41405-021-00090-5
41,https://www.nature.com/articles/s41405-021-00088-z
42,https://www.nature.com/articles/s41405-021-00089-y
43,https://www.nature.com/articles/s41405-021-00087-0
44,https://www.nature.com/articles/s41405-021-00086-1
45,https://www.nature.com/articles/s41405-021-00083-4
46,https://www.nature.com/articles/s41405-021-00085-2
47,https://www.nature.com/articles/s41405-021-00084-3
48,https://www.nature.com/articles/s41405-021-00082-5
49,https://www.nature.com/articles/s41405-021-00076-3
50,https://www.nature.com/articles/s41405-021-00081-6
51,https://www.nature.com/articles/s41405-021-00079-0
52,https://www.nature.com/articles/s41405-021-00080-7
53,https://www.nature.com/articles/s41405-021-00077-2
54,https://www.nature.com/articles/s41405-021-00078-1
55,https://www.nature.com/articles/s41405-021-00075-4
56,https://www.nature.com/articles/s41405-021-00074-5
57,https://www.nature.com/articles/s41405-021-00073-6
58,https://www.nature.com/articles/s41405-021-00072-7
59,https://www.nature.com/articles/s41405-021-00071-8
60,https://www.nature.com/articles/s41406-021-0253-z
61,https://www.nature.com/articles/s41406-021-0232-4
62,https://www.nature.com/articles/s41406-021-0251-1
63,https://www.nature.com/articles/s41406-021-0257-8
64,https://www.nature.com/articles/s41406-021-0228-0
65,https://www.nature.com/articles/s41406-021-0248-9
66,https://www.nature.com/articles/s41406-021-0247-x
67,https://www.nature.com/articles/s41406-021-0254-y
68,https://www.nature.com/articles/s41406-021-0261-z
69,https://www.nature.com/articles/s41406-021-0252-0
70,https://www.nature.com/articles/s41406-021-0258-7
71,https://www.nature.com/articles/s41406-021-0249-8
72,https://www.nature.com/articles/s41406-021-0250-2
73,https://www.nature.com/articles/s41406-021-0256-9
74,https://www.nature.com/articles/s41406-021-0262-y
75,https://www.nature.com/articles/s41406-021-0259-6
76,https://www.nature.com/articles/s41406-021-0260-0
77,https://www.nature.com/articles/s41406-021-0246-y
78,https://www.nature.com/articles/s41406-021-0225-3
79,https://www.nature.com/articles/s41406-021-0244-0
80,https://www.nature.com/articles/s41407-021-0732-7
81,https://www.nature.com/articles/s41407-021-0735-4
82,https://www.nature.com/articles/s41407-021-0733-6
83,https://www.nature.com/articles/s41407-021-0731-8
84,https://www.nature.com/articles/s41407-021-0734-5
85,https://www.nature.com/articles/s41407-021-0722-9
86,https://www.nature.com/articles/s41407-021-0725-6
87,https://www.nature.com/articles/s41407-021-0728-3
88,https://www.nature.com/articles/s41407-021-0723-8
89,https://www.nature.com/articles/s41407-021-0719-4
90,https://www.nature.com/articles/s41407-021-0730-9
91,https://www.nature.com/articles/s41407-021-0726-5
92,https://www.nature.com/articles/s41407-021-0713-x
93,https://www.nature.com/articles/s41407-021-0729-2
94,https://www.nature.com/articles/s41407-021-0720-y
95,https://www.nature.com/articles/s41407-021-0724-7
96,https://www.nature.com/articles/s41407-021-0727-4
97,https://www.nature.com/articles/s41407-021-0721-x
98,https://www.nature.com/articles/s41407-021-0718-5
99,https://www.nature.com/articles/s41407-021-0706-9
100,https://www.nature.com/articles/d43747-021-00146-3
101,https://www.nature.com/articles/d43747-021-00145-4
102,https://www.nature.com/articles/d43747-021-00110-1
103,https://www.nature.com/articles/d43747-021-00107-w
104,https://www.nature.com/articles/d43747-021-00124-9
105,https://www.nature.com/articles/d43747-021-00115-w
106,https://www.nature.com/articles/d43747-021-00122-x
107,https://www.nature.com/articles/d43747-021-00127-6
108,https://www.nature.com/articles/d43747-021-00134-7
109,https://www.nature.com/articles/d43747-021-00141-8
110,https://www.nature.com/articles/d43747-021-00113-y
111,https://www.nature.com/articles/d43747-021-00137-4
112,https://www.nature.com/articles/d43747-021-00120-z
113,https://www.nature.com/articles/d43747-021-00111-0
114,https://www.nature.com/articles/d43747-021-00125-8
115,https://www.nature.com/articles/d43747-021-00132-9
116,https://www.nature.com/articles/d43747-021-00123-w
117,https://www.nature.com/articles/d43747-021-00128-5
118,https://www.nature.com/articles/d43747-021-00130-x
119,https://www.nature.com/articles/d43747-021-00116-9
120,https://www.nature.com/articles/s41408-021-00554-9
121,https://www.nature.com/articles/s41408-021-00559-4
122,https://www.nature.com/articles/s41408-021-00558-5
123,https://www.nature.com/articles/s41408-021-00555-8
124,https://www.nature.com/articles/s41408-021-00557-6
125,https://www.nature.com/articles/s41408-021-00527-y
126,https://www.nature.com/articles/s41408-021-00542-z
127,https://www.nature.com/articles/s41408-021-00553-w
128,https://www.nature.com/articles/s41408-021-00548-7
129,https://www.nature.com/articles/s41408-021-00538-9
130,https://www.nature.com/articles/s41408-021-00541-0
131,https://www.nature.com/articles/s41408-021-00552-x
132,https://www.nature.com/articles/s41408-021-00550-z
133,https://www.nature.com/articles/s41408-021-00549-6
134,https://www.nature.com/articles/s41408-021-00546-9
135,https://www.nature.com/articles/s41408-021-00547-8
136,https://www.nature.com/articles/s41408-021-00545-w
137,https://www.nature.com/articles/s41408-021-00544-x
138,https://www.nature.com/articles/s41408-021-00543-y
139,https://www.nature.com/articles/s41408-021-00539-8
140,https://www.nature.com/articles/s41409-021-01494-5
141,https://www.nature.com/articles/s41409-021-01480-x
142,https://www.nature.com/articles/s41409-021-01487-4
143,https://www.nature.com/articles/s41409-021-01478-5
144,https://www.nature.com/articles/s41409-021-01479-4
145,https://www.nature.com/articles/s41409-021-01491-8
146,https://www.nature.com/articles/s41409-021-01486-5
147,https://www.nature.com/articles/s41409-021-01485-6
148,https://www.nature.com/articles/s41409-021-01490-9
149,https://www.nature.com/articles/s41409-021-01477-6
150,https://www.nature.com/articles/s41409-021-01482-9
151,https://www.nature.com/articles/s41409-021-01489-2
152,https://www.nature.com/articles/s41409-021-01464-x
153,https://www.nature.com/articles/s41409-021-01484-7
154,https://www.nature.com/articles/s41409-021-01285-y
155,https://www.nature.com/articles/s41409-021-01465-w
156,https://www.nature.com/articles/s41409-021-01455-y
157,https://www.nature.com/articles/s41409-021-01481-w
158,https://www.nature.com/articles/s41409-021-01472-x
159,https://www.nature.com/articles/s41409-021-01468-7
160,https://www.nature.com/articles/s41413-021-00158-w
161,https://www.nature.com/articles/s41413-021-00157-x
162,https://www.nature.com/articles/s41413-021-00164-y
163,https://www.nature.com/articles/s41413-021-00159-9
164,https://www.nature.com/articles/s41413-021-00156-y
165,https://www.nature.com/articles/s41413-021-00153-1
166,https://www.nature.com/articles/s41413-021-00163-z
167,https://www.nature.com/articles/s41413-021-00155-z
168,https://www.nature.com/articles/s41413-021-00154-0
169,https://www.nature.com/articles/s41413-021-00160-2
170,https://www.nature.com/articles/s41413-021-00151-3
171,https://www.nature.com/articles/s41413-021-00152-2
172,https://www.nature.com/articles/s41413-021-00146-0
173,https://www.nature.com/articles/s41413-021-00148-y
174,https://www.nature.com/articles/s41413-021-00150-4
175,https://www.nature.com/articles/s41413-021-00149-x
176,https://www.nature.com/articles/s41413-021-00145-1
177,https://www.nature.com/articles/s41413-021-00144-2
178,https://www.nature.com/articles/s41413-021-00142-4
179,https://www.nature.com/articles/s41413-021-00136-2
180,https://www.nature.com/articles/s41415-021-3543-5
181,https://www.nature.com/articles/s41415-021-3542-6
182,https://www.nature.com/articles/s41415-021-3547-1
183,https://www.nature.com/articles/s41415-021-3559-x
184,https://www.nature.com/articles/s41415-021-3534-6
185,https://www.nature.com/articles/s41415-021-3553-3
186,https://www.nature.com/articles/s41415-021-3521-y
187,https://www.nature.com/articles/s41415-021-3558-y
188,https://www.nature.com/articles/s41415-021-3541-7
189,https://www.nature.com/articles/s41415-021-3518-6
190,https://www.nature.com/articles/s41415-021-3556-0
191,https://www.nature.com/articles/s41415-021-3544-4
192,https://www.nature.com/articles/s41415-021-3549-z
193,https://www.nature.com/articles/s41415-021-3551-5
194,https://www.nature.com/articles/s41415-021-3554-2
195,https://www.nature.com/articles/s41415-021-3523-9
196,https://www.nature.com/articles/s41415-021-3522-x
197,https://www.nature.com/articles/s41415-021-3519-5
198,https://www.nature.com/articles/s41415-021-3538-2
199,https://www.nature.com/articles/s41415-021-3427-8
200,https://www.nature.com/articles/s41416-021-01571-y
201,https://www.nature.com/articles/s41416-021-01532-5
202,https://www.nature.com/articles/s41416-021-01564-x
203,https://www.nature.com/articles/s41416-021-01565-w
204,https://www.nature.com/articles/s41416-021-01557-w
205,https://www.nature.com/articles/s41416-021-01569-6
206,https://www.nature.com/articles/s41416-021-01553-0
207,https://www.nature.com/articles/s41416-021-01559-8
208,https://www.nature.com/articles/s41416-021-01566-9
209,https://www.nature.com/articles/s41416-021-01525-4
210,https://www.nature.com/articles/s41416-021-01563-y
211,https://www.nature.com/articles/s41416-021-01561-0
212,https://www.nature.com/articles/s41416-021-01552-1
213,https://www.nature.com/articles/s41416-021-01558-9
214,https://www.nature.com/articles/s41416-021-01556-x
215,https://www.nature.com/articles/s41416-021-01547-y
216,https://www.nature.com/articles/s41416-021-01555-y
217,https://www.nature.com/articles/s41416-021-01549-w
218,https://www.nature.com/articles/s41416-021-01554-z
219,https://www.nature.com/articles/s41416-021-01540-5
220,https://www.nature.com/articles/s41417-021-00384-8
221,https://www.nature.com/articles/s41417-021-00391-9
222,https://www.nature.com/articles/s41417-021-00389-3
223,https://www.nature.com/articles/s41417-021-00387-5
224,https://www.nature.com/articles/s41417-021-00377-7
225,https://www.nature.com/articles/s41417-021-00386-6
226,https://www.nature.com/articles/s41417-021-00368-8
227,https://www.nature.com/articles/s41417-021-00381-x
228,https://www.nature.com/articles/s41417-021-00382-w
229,https://www.nature.com/articles/s41417-021-00383-9
230,https://www.nature.com/articles/s41417-021-00365-x
231,https://www.nature.com/articles/s41417-021-00351-3
232,https://www.nature.com/articles/s41417-021-00378-6
233,https://www.nature.com/articles/s41417-021-00374-w
234,https://www.nature.com/articles/s41417-021-00379-5
235,https://www.nature.com/articles/s41417-021-00376-8
236,https://www.nature.com/articles/s41417-021-00375-9
237,https://www.nature.com/articles/s41417-021-00373-x
238,https://www.nature.com/articles/s41417-021-00369-7
239,https://www.nature.com/articles/s41417-021-00372-y
240,https://www.nature.com/articles/s41418-021-00871-3
241,https://www.nature.com/articles/s41418-021-00888-8
242,https://www.nature.com/articles/s41418-021-00881-1
243,https://www.nature.com/articles/s41418-021-00885-x
244,https://www.nature.com/articles/s41418-021-00877-x
245,https://www.nature.com/articles/s41418-021-00884-y
246,https://www.nature.com/articles/s41418-021-00882-0
247,https://www.nature.com/articles/s41418-021-00875-z
248,https://www.nature.com/articles/s41418-021-00879-9
249,https://www.nature.com/articles/s41418-021-00876-y
250,https://www.nature.com/articles/s41418-021-00872-2
251,https://www.nature.com/articles/s41418-021-00874-0
252,https://www.nature.com/articles/s41418-021-00864-2
253,https://www.nature.com/articles/s41418-021-00873-1
254,https://www.nature.com/articles/s41418-021-00870-4
255,https://www.nature.com/articles/s41418-021-00869-x
256,https://www.nature.com/articles/s41418-021-00866-0
257,https://www.nature.com/articles/s41418-021-00868-y
258,https://www.nature.com/articles/s41418-021-00867-z
259,https://www.nature.com/articles/s41418-021-00865-1
260,https://www.nature.com/articles/s41419-021-04227-0
261,https://www.nature.com/articles/s41419-021-04225-2
262,https://www.nature.com/articles/s41419-021-03983-3
263,https://www.nature.com/articles/s41419-021-04184-8
264,https://www.nature.com/articles/s41419-021-04234-1
265,https://www.nature.com/articles/s41419-021-04218-1
266,https://www.nature.com/articles/s41419-021-04206-5
267,https://www.nature.com/articles/s41419-021-04197-3
268,https://www.nature.com/articles/s41419-021-04188-4
269,https://www.nature.com/articles/s41419-021-04202-9
270,https://www.nature.com/articles/s41419-021-04072-1
271,https://www.nature.com/articles/s41419-021-04183-9
272,https://www.nature.com/articles/s41419-021-04201-w
273,https://www.nature.com/articles/s41419-021-04198-2
274,https://www.nature.com/articles/s41419-021-04205-6
275,https://www.nature.com/articles/s41419-021-04191-9
276,https://www.nature.com/articles/s41419-021-04213-6
277,https://www.nature.com/articles/s41419-021-04211-8
278,https://www.nature.com/articles/s41419-021-04165-x
279,https://www.nature.com/articles/s41419-021-04215-4
280,https://www.nature.com/articles/s41420-021-00681-z
281,https://www.nature.com/articles/s41420-021-00680-0
282,https://www.nature.com/articles/s41420-021-00678-8
283,https://www.nature.com/articles/s41420-021-00672-0
284,https://www.nature.com/articles/s41420-021-00673-z
285,https://www.nature.com/articles/s41420-021-00671-1
286,https://www.nature.com/articles/s41420-021-00660-4
287,https://www.nature.com/articles/s41420-021-00665-z
288,https://www.nature.com/articles/s41420-021-00666-y
289,https://www.nature.com/articles/s41420-021-00658-y
290,https://www.nature.com/articles/s41420-021-00657-z
291,https://www.nature.com/articles/s41420-021-00667-x
292,https://www.nature.com/articles/s41420-021-00659-x
293,https://www.nature.com/articles/s41420-021-00664-0
294,https://www.nature.com/articles/s41420-021-00662-2
295,https://www.nature.com/articles/s41420-021-00656-0
296,https://www.nature.com/articles/s41420-021-00655-1
297,https://www.nature.com/articles/s41420-021-00642-6
298,https://www.nature.com/articles/s41420-021-00635-5
299,https://www.nature.com/articles/s41420-021-00651-5
300,https://www.nature.com/articles/s41421-021-00331-9
301,https://www.nature.com/articles/s41421-021-00301-1
302,https://www.nature.com/articles/s41421-021-00303-z
303,https://www.nature.com/articles/s41421-021-00321-x
304,https://www.nature.com/articles/s41421-021-00330-w
305,https://www.nature.com/articles/s41421-021-00298-7
306,https://www.nature.com/articles/s41421-021-00299-6
307,https://www.nature.com/articles/s41421-021-00314-w
308,https://www.nature.com/articles/s41421-021-00322-w
309,https://www.nature.com/articles/s41421-021-00297-8
310,https://www.nature.com/articles/s41421-021-00320-y
311,https://www.nature.com/articles/s41421-021-00316-8
312,https://www.nature.com/articles/s41421-021-00312-y
313,https://www.nature.com/articles/s41421-021-00307-9
314,https://www.nature.com/articles/s41421-021-00319-5
315,https://www.nature.com/articles/s41421-021-00318-6
316,https://www.nature.com/articles/s41421-021-00291-0
317,https://www.nature.com/articles/s41421-021-00305-x
318,https://www.nature.com/articles/s41421-021-00310-0
319,https://www.nature.com/articles/s41421-021-00288-9
320,https://www.nature.com/articles/s41422-021-00579-6
321,https://www.nature.com/articles/s41422-021-00576-9
322,https://www.nature.com/articles/s41422-021-00575-w
323,https://www.nature.com/articles/s41422-021-00570-1
324,https://www.nature.com/articles/s41422-021-00571-0
325,https://www.nature.com/articles/s41422-021-00565-y
326,https://www.nature.com/articles/s41422-021-00563-0
327,https://www.nature.com/articles/s41422-021-00569-8
328,https://www.nature.com/articles/s41422-021-00562-1
329,https://www.nature.com/articles/s41422-021-00572-z
330,https://www.nature.com/articles/s41422-021-00567-w
331,https://www.nature.com/articles/s41422-021-00568-9
332,https://www.nature.com/articles/s41422-021-00566-x
333,https://www.nature.com/articles/s41422-021-00561-2
334,https://www.nature.com/articles/s41422-021-00564-z
335,https://www.nature.com/articles/s41422-021-00554-1
336,https://www.nature.com/articles/s41422-021-00560-3
337,https://www.nature.com/articles/s41422-021-00559-w
338,https://www.nature.com/articles/s41422-021-00558-x
339,https://www.nature.com/articles/s41422-021-00557-y
340,https://www.nature.com/articles/s41423-021-00772-y
341,https://www.nature.com/articles/s41423-021-00776-8
342,https://www.nature.com/articles/s41423-021-00775-9
343,https://www.nature.com/articles/s41423-021-00757-x
344,https://www.nature.com/articles/s41423-021-00771-z
345,https://www.nature.com/articles/s41423-021-00759-9
346,https://www.nature.com/articles/s41423-021-00768-8
347,https://www.nature.com/articles/s41423-021-00763-z
348,https://www.nature.com/articles/s41423-021-00764-y
349,https://www.nature.com/articles/s41423-021-00767-9
350,https://www.nature.com/articles/s41423-021-00770-0
351,https://www.nature.com/articles/s41423-021-00769-7
352,https://www.nature.com/articles/s41423-021-00765-x
353,https://www.nature.com/articles/s41423-021-00766-w
354,https://www.nature.com/articles/s41423-021-00752-2
355,https://www.nature.com/articles/s41423-021-00746-0
356,https://www.nature.com/articles/s41423-021-00741-5
357,https://www.nature.com/articles/s41423-021-00760-2
358,https://www.nature.com/articles/s41423-021-00761-1
359,https://www.nature.com/articles/s41423-021-00743-3
360,https://www.nature.com/articles/s42003-021-02699-6
361,https://www.nature.com/articles/s42003-021-02668-z
362,https://www.nature.com/articles/s42003-021-02683-0
363,https://www.nature.com/articles/s42003-021-02671-4
364,https://www.nature.com/articles/s42003-021-02709-7
365,https://www.nature.com/articles/s42003-021-02681-2
366,https://www.nature.com/articles/s42003-021-02711-z
367,https://www.nature.com/articles/s42003-021-02679-w
368,https://www.nature.com/articles/s42003-021-02686-x
369,https://www.nature.com/articles/s42003-021-02707-9
370,https://www.nature.com/articles/s42003-021-02665-2
371,https://www.nature.com/articles/s42003-021-02693-y
372,https://www.nature.com/articles/s42003-021-02705-x
373,https://www.nature.com/articles/s42003-021-02675-0
374,https://www.nature.com/articles/s42003-021-02689-8
375,https://www.nature.com/articles/s42003-021-02682-1
376,https://www.nature.com/articles/s42003-021-02703-z
377,https://www.nature.com/articles/s42003-021-02670-5
378,https://www.nature.com/articles/s42003-021-02701-1
379,https://www.nature.com/articles/s42003-021-02673-2
380,https://www.nature.com/articles/s42004-021-00581-4
381,https://www.nature.com/articles/s42004-021-00573-4
382,https://www.nature.com/articles/s42004-021-00578-z
383,https://www.nature.com/articles/s42004-021-00568-1
384,https://www.nature.com/articles/s42004-021-00576-1
385,https://www.nature.com/articles/s42004-021-00575-2
386,https://www.nature.com/articles/s42004-021-00577-0
387,https://www.nature.com/articles/s42004-021-00569-0
388,https://www.nature.com/articles/s42004-021-00574-3
389,https://www.nature.com/articles/s42004-021-00562-7
390,https://www.nature.com/articles/s42004-021-00572-5
391,https://www.nature.com/articles/s42004-021-00571-6
392,https://www.nature.com/articles/s42004-021-00570-7
393,https://www.nature.com/articles/s42004-021-00567-2
394,https://www.nature.com/articles/s42004-021-00564-5
395,https://www.nature.com/articles/s42004-021-00566-3
396,https://www.nature.com/articles/s42004-021-00565-4
397,https://www.nature.com/articles/s42004-021-00563-6
398,https://www.nature.com/articles/s42004-021-00557-4
399,https://www.nature.com/articles/s42004-021-00560-9
400,https://www.nature.com/articles/s43247-021-00283-8
401,https://www.nature.com/articles/s43247-021-00285-6
402,https://www.nature.com/articles/s43247-021-00287-4
403,https://www.nature.com/articles/s43247-021-00280-x
404,https://www.nature.com/articles/s43247-021-00276-7
405,https://www.nature.com/articles/s43247-021-00279-4
406,https://www.nature.com/articles/s43247-021-00275-8
407,https://www.nature.com/articles/s43247-021-00278-5
408,https://www.nature.com/articles/s43247-021-00274-9
409,https://www.nature.com/articles/s43247-021-00277-6
410,https://www.nature.com/articles/s43247-021-00269-6
411,https://www.nature.com/articles/s43247-021-00255-y
412,https://www.nature.com/articles/s43247-021-00270-z
413,https://www.nature.com/articles/s43247-021-00273-w
414,https://www.nature.com/articles/s43247-021-00238-z
415,https://www.nature.com/articles/s43247-021-00272-x
416,https://www.nature.com/articles/s43247-021-00271-y
417,https://www.nature.com/articles/s43247-021-00281-w
418,https://www.nature.com/articles/s43247-021-00266-9
419,https://www.nature.com/articles/s43247-021-00263-y
420,https://www.nature.com/articles/s43246-021-00208-0
421,https://www.nature.com/articles/s43246-021-00206-2
422,https://www.nature.com/articles/s43246-021-00205-3
423,https://www.nature.com/articles/s43246-021-00200-8
424,https://www.nature.com/articles/s43246-021-00201-7
425,https://www.nature.com/articles/s43246-021-00204-4
426,https://www.nature.com/articles/s43246-021-00203-5
427,https://www.nature.com/articles/s43246-021-00202-6
428,https://www.nature.com/articles/s43246-021-00199-y
429,https://www.nature.com/articles/s43246-021-00197-0
430,https://www.nature.com/articles/s43246-021-00189-0
431,https://www.nature.com/articles/s43246-021-00198-z
432,https://www.nature.com/articles/s43246-021-00194-3
433,https://www.nature.com/articles/s43246-021-00188-1
434,https://www.nature.com/articles/s43246-021-00196-1
435,https://www.nature.com/articles/s43246-021-00195-2
436,https://www.nature.com/articles/s43246-021-00193-4
437,https://www.nature.com/articles/s43246-021-00190-7
438,https://www.nature.com/articles/s43246-021-00192-5
439,https://www.nature.com/articles/s43246-021-00191-6
440,https://www.nature.com/articles/s43856-021-00036-w
441,https://www.nature.com/articles/s43856-021-00037-9
442,https://www.nature.com/articles/s43856-021-00033-z
443,https://www.nature.com/articles/s43856-021-00035-x
444,https://www.nature.com/articles/s43856-021-00034-y
445,https://www.nature.com/articles/s43856-021-00032-0
446,https://www.nature.com/articles/s43856-021-00031-1
447,https://www.nature.com/articles/s43856-021-00027-x
448,https://www.nature.com/articles/s43856-021-00024-0
449,https://www.nature.com/articles/s43856-021-00029-9
450,https://www.nature.com/articles/s43856-021-00026-y
451,https://www.nature.com/articles/s43856-021-00030-2
452,https://www.nature.com/articles/s43856-021-00028-w
453,https://www.nature.com/articles/s43856-021-00025-z
454,https://www.nature.com/articles/s43856-021-00023-1
455,https://www.nature.com/articles/s43856-021-00022-2
456,https://www.nature.com/articles/s43856-021-00021-3
457,https://www.nature.com/articles/s43856-021-00019-x
458,https://www.nature.com/articles/s43856-021-00020-4
459,https://www.nature.com/articles/s43856-021-00017-z
460,https://www.nature.com/articles/s42005-021-00729-7
461,https://www.nature.com/articles/s42005-021-00722-0
462,https://www.nature.com/articles/s42005-021-00723-z
463,https://www.nature.com/articles/s42005-021-00724-y
464,https://www.nature.com/articles/s42005-021-00728-8
465,https://www.nature.com/articles/s42005-021-00719-9
466,https://www.nature.com/articles/s42005-021-00726-w
467,https://www.nature.com/articles/s42005-021-00721-1
468,https://www.nature.com/articles/s42005-021-00710-4
469,https://www.nature.com/articles/s42005-021-00712-2
470,https://www.nature.com/articles/s42005-021-00718-w
471,https://www.nature.com/articles/s42005-021-00711-3
472,https://www.nature.com/articles/s42005-021-00717-x
473,https://www.nature.com/articles/s42005-021-00715-z
474,https://www.nature.com/articles/s42005-021-00702-4
475,https://www.nature.com/articles/s42005-021-00716-y
476,https://www.nature.com/articles/s42005-021-00720-2
477,https://www.nature.com/articles/s42005-021-00714-0
478,https://www.nature.com/articles/s42005-021-00713-1
479,https://www.nature.com/articles/s42005-021-00700-6
480,https://www.nature.com/articles/s41430-021-01018-w
481,https://www.nature.com/articles/s41430-021-01020-2
482,https://www.nature.com/articles/s41430-021-01016-y
483,https://www.nature.com/articles/s41430-021-01021-1
484,https://www.nature.com/articles/s41430-021-01017-x
485,https://www.nature.com/articles/s41430-021-00991-6
486,https://www.nature.com/articles/s41430-021-01009-x
487,https://www.nature.com/articles/s41430-021-01007-z
488,https://www.nature.com/articles/s41430-021-01010-4
489,https://www.nature.com/articles/s41430-021-01005-1
490,https://www.nature.com/articles/s41430-021-01008-y
491,https://www.nature.com/articles/s41430-021-01006-0
492,https://www.nature.com/articles/s41430-021-00975-6
493,https://www.nature.com/articles/s41430-021-01004-2
494,https://www.nature.com/articles/s41430-021-00936-z
495,https://www.nature.com/articles/s41430-021-01000-6
496,https://www.nature.com/articles/s41430-021-01003-3
497,https://www.nature.com/articles/s41430-021-00995-2
498,https://www.nature.com/articles/s41430-021-01001-5
499,https://www.nature.com/articles/s41430-021-00993-4
500,https://www.nature.com/articles/s41431-021-00967-x
501,https://www.nature.com/articles/s41431-021-00972-0
502,https://www.nature.com/articles/s41431-021-00979-7
503,https://www.nature.com/articles/s41431-021-00975-x
504,https://www.nature.com/articles/s41431-021-00973-z
505,https://www.nature.com/articles/s41431-021-00970-2
506,https://www.nature.com/articles/s41431-021-00974-y
507,https://www.nature.com/articles/s41431-021-00971-1
508,https://www.nature.com/articles/s41431-021-00969-9
509,https://www.nature.com/articles/s41431-021-00962-2
510,https://www.nature.com/articles/s41431-021-00953-3
511,https://www.nature.com/articles/s41431-021-00963-1
512,https://www.nature.com/articles/s41431-021-00965-z
513,https://www.nature.com/articles/s41431-021-00960-4
514,https://www.nature.com/articles/s41431-021-00959-x
515,https://www.nature.com/articles/s41431-021-00955-1
516,https://www.nature.com/articles/s41431-021-00958-y
517,https://www.nature.com/articles/s41431-021-00957-z
518,https://www.nature.com/articles/s41431-021-00956-0
519,https://www.nature.com/articles/s41431-021-00954-2
520,https://www.nature.com/articles/s41432-021-0189-8
521,https://www.nature.com/articles/s41432-021-0191-1
522,https://www.nature.com/articles/s41432-021-0197-8
523,https://www.nature.com/articles/s41432-021-0202-2
524,https://www.nature.com/articles/s41432-021-0194-y
525,https://www.nature.com/articles/s41432-021-0192-0
526,https://www.nature.com/articles/s41432-021-0198-7
527,https://www.nature.com/articles/s41432-021-0200-4
528,https://www.nature.com/articles/s41432-021-0203-1
529,https://www.nature.com/articles/s41432-021-0190-2
530,https://www.nature.com/articles/s41432-021-0196-9
531,https://www.nature.com/articles/s41432-021-0195-x
532,https://www.nature.com/articles/s41432-021-0199-6
533,https://www.nature.com/articles/s41432-021-0201-3
534,https://www.nature.com/articles/s41432-021-0193-z
535,https://www.nature.com/articles/s41432-021-0204-0
536,https://www.nature.com/articles/s41432-021-0188-9
537,https://www.nature.com/articles/s41432-021-0187-x
538,https://www.nature.com/articles/s41432-021-0169-z
539,https://www.nature.com/articles/s41432-021-0181-3
540,https://www.nature.com/articles/s12276-021-00682-z
541,https://www.nature.com/articles/s12276-021-00684-x
542,https://www.nature.com/articles/s12276-021-00681-0
543,https://www.nature.com/articles/s12276-021-00674-z
544,https://www.nature.com/articles/s12276-021-00678-9
545,https://www.nature.com/articles/s12276-021-00679-8
546,https://www.nature.com/articles/s12276-021-00675-y
547,https://www.nature.com/articles/s12276-021-00676-x
548,https://www.nature.com/articles/s12276-021-00669-w
549,https://www.nature.com/articles/s12276-021-00672-1
550,https://www.nature.com/articles/s12276-021-00670-3
551,https://www.nature.com/articles/s12276-021-00673-0
552,https://www.nature.com/articles/s12276-021-00671-2
553,https://www.nature.com/articles/s12276-021-00662-3
554,https://www.nature.com/articles/s12276-021-00668-x
555,https://www.nature.com/articles/s12276-021-00665-0
556,https://www.nature.com/articles/s12276-021-00667-y
557,https://www.nature.com/articles/s12276-021-00655-2
558,https://www.nature.com/articles/s12276-021-00664-1
559,https://www.nature.com/articles/s12276-021-00660-5
560,https://www.nature.com/articles/s41433-021-01801-w
561,https://www.nature.com/articles/s41433-021-01790-w
562,https://www.nature.com/articles/s41433-021-01800-x
563,https://www.nature.com/articles/s41433-021-01796-4
564,https://www.nature.com/articles/s41433-021-01769-7
565,https://www.nature.com/articles/s41433-021-01776-8
566,https://www.nature.com/articles/s41433-021-01795-5
567,https://www.nature.com/articles/s41433-021-01775-9
568,https://www.nature.com/articles/s41433-021-01792-8
569,https://www.nature.com/articles/s41433-021-01755-z
570,https://www.nature.com/articles/s41433-021-01779-5
571,https://www.nature.com/articles/s41433-021-01782-w
572,https://www.nature.com/articles/s41433-021-01759-9
573,https://www.nature.com/articles/s41433-021-01758-w
574,https://www.nature.com/articles/s41433-021-01774-w
575,https://www.nature.com/articles/s41433-021-01781-x
576,https://www.nature.com/articles/s41433-021-01773-x
577,https://www.nature.com/articles/s41433-021-01566-2
578,https://www.nature.com/articles/s41433-021-01778-6
579,https://www.nature.com/articles/s41433-021-01772-y
580,https://www.nature.com/articles/s41434-021-00299-x
581,https://www.nature.com/articles/s41434-021-00292-4
582,https://www.nature.com/articles/s41434-021-00296-0
583,https://www.nature.com/articles/s41434-021-00256-8
584,https://www.nature.com/articles/s41434-021-00295-1
585,https://www.nature.com/articles/s41434-021-00297-z
586,https://www.nature.com/articles/s41434-021-00286-2
587,https://www.nature.com/articles/s41434-021-00293-3
588,https://www.nature.com/articles/s41434-021-00294-2
589,https://www.nature.com/articles/s41434-021-00290-6
590,https://www.nature.com/articles/s41434-021-00277-3
591,https://www.nature.com/articles/s41434-021-00289-z
592,https://www.nature.com/articles/s41434-021-00291-5
593,https://www.nature.com/articles/s41434-021-00284-4
594,https://www.nature.com/articles/s41434-021-00287-1
595,https://www.nature.com/articles/s41434-021-00285-3
596,https://www.nature.com/articles/s41434-021-00288-0
597,https://www.nature.com/articles/s41434-021-00278-2
598,https://www.nature.com/articles/s41434-021-00283-5
599,https://www.nature.com/articles/s41434-021-00281-7
600,https://www.nature.com/articles/s41435-021-00149-1
601,https://www.nature.com/articles/s41435-021-00148-2
602,https://www.nature.com/articles/s41435-021-00147-3
603,https://www.nature.com/articles/s41435-021-00146-4
604,https://www.nature.com/articles/s41435-021-00145-5
605,https://www.nature.com/articles/s41435-021-00144-6
606,https://www.nature.com/articles/s41435-021-00140-w
607,https://www.nature.com/articles/s41435-021-00141-9
608,https://www.nature.com/articles/s41435-021-00139-3
609,https://www.nature.com/articles/s41435-021-00142-8
610,https://www.nature.com/articles/s41435-021-00143-7
611,https://www.nature.com/articles/s41435-021-00137-5
612,https://www.nature.com/articles/s41435-021-00136-6
613,https://www.nature.com/articles/s41435-021-00138-4
614,https://www.nature.com/articles/s41435-021-00135-7
615,https://www.nature.com/articles/s41435-021-00134-8
616,https://www.nature.com/articles/s41435-021-00133-9
617,https://www.nature.com/articles/s41435-021-00132-w
618,https://www.nature.com/articles/s41435-021-00131-x
619,https://www.nature.com/articles/s41435-021-00129-5
620,https://www.nature.com/articles/s41436-021-01308-5
621,https://www.nature.com/articles/s41436-021-01307-6
622,https://www.nature.com/articles/s41436-021-01302-x
623,https://www.nature.com/articles/s41436-021-01303-w
624,https://www.nature.com/articles/s41436-021-01279-7
625,https://www.nature.com/articles/s41436-021-01306-7
626,https://www.nature.com/articles/s41436-021-01305-8
627,https://www.nature.com/articles/s41436-021-01300-z
628,https://www.nature.com/articles/s41436-021-01286-8
629,https://www.nature.com/articles/s41436-021-01295-7
630,https://www.nature.com/articles/s41436-021-01301-y
631,https://www.nature.com/articles/s41436-021-01297-5
632,https://www.nature.com/articles/s41436-021-01272-0
633,https://www.nature.com/articles/s41436-021-01299-3
634,https://www.nature.com/articles/s41436-021-01298-4
635,https://www.nature.com/articles/s41436-021-01296-6
636,https://www.nature.com/articles/s41436-021-01268-w
637,https://www.nature.com/articles/s41436-021-01281-z
638,https://www.nature.com/articles/s41436-021-01293-9
639,https://www.nature.com/articles/s41436-021-01291-x
640,https://www.nature.com/articles/s41437-021-00475-0
641,https://www.nature.com/articles/s41437-021-00473-2
642,https://www.nature.com/articles/s41437-021-00474-1
643,https://www.nature.com/articles/s41437-021-00467-0
644,https://www.nature.com/articles/s41437-021-00472-3
645,https://www.nature.com/articles/s41437-021-00463-4
646,https://www.nature.com/articles/s41437-021-00470-5
647,https://www.nature.com/articles/s41437-021-00466-1
648,https://www.nature.com/articles/s41437-021-00469-y
649,https://www.nature.com/articles/s41437-021-00468-z
650,https://www.nature.com/articles/s41437-021-00461-6
651,https://www.nature.com/articles/s41437-021-00464-3
652,https://www.nature.com/articles/s41437-021-00462-5
653,https://www.nature.com/articles/s41437-021-00465-2
654,https://www.nature.com/articles/s41437-021-00459-0
655,https://www.nature.com/articles/s41437-021-00460-7
656,https://www.nature.com/articles/s41437-021-00458-1
657,https://www.nature.com/articles/s41437-021-00457-2
658,https://www.nature.com/articles/s41437-021-00446-5
659,https://www.nature.com/articles/s41437-021-00447-4
660,https://www.nature.com/articles/s41438-021-00701-0
661,https://www.nature.com/articles/s41438-021-00664-2
662,https://www.nature.com/articles/s41438-021-00694-w
663,https://www.nature.com/articles/s41438-021-00684-y
664,https://www.nature.com/articles/s41438-021-00649-1
665,https://www.nature.com/articles/s41438-021-00644-6
666,https://www.nature.com/articles/s41438-021-00651-7
667,https://www.nature.com/articles/s41438-021-00647-3
668,https://www.nature.com/articles/s41438-021-00654-4
669,https://www.nature.com/articles/s41438-021-00642-8
670,https://www.nature.com/articles/s41438-021-00640-w
671,https://www.nature.com/articles/s41438-021-00645-5
672,https://www.nature.com/articles/s41438-021-00652-6
673,https://www.nature.com/articles/s41438-021-00648-2
674,https://www.nature.com/articles/s41438-021-00655-3
675,https://www.nature.com/articles/s41438-021-00650-8
676,https://www.nature.com/articles/s41438-021-00646-4
677,https://www.nature.com/articles/s41438-021-00653-5
678,https://www.nature.com/articles/s41438-021-00689-7
679,https://www.nature.com/articles/s41438-021-00665-1
680,https://www.nature.com/articles/s41439-021-00170-w
681,https://www.nature.com/articles/s41439-021-00168-4
682,https://www.nature.com/articles/s41439-021-00169-3
683,https://www.nature.com/articles/s41439-021-00167-5
684,https://www.nature.com/articles/s41439-021-00165-7
685,https://www.nature.com/articles/s41439-021-00164-8
686,https://www.nature.com/articles/s41439-021-00163-9
687,https://www.nature.com/articles/s41439-021-00160-y
688,https://www.nature.com/articles/s41439-021-00161-x
689,https://www.nature.com/articles/s41439-021-00162-w
690,https://www.nature.com/articles/s41439-021-00159-5
691,https://www.nature.com/articles/s41439-021-00157-7
692,https://www.nature.com/articles/s41439-021-00158-6
693,https://www.nature.com/articles/s41439-021-00156-8
694,https://www.nature.com/articles/s41439-021-00155-9
695,https://www.nature.com/articles/s41439-021-00147-9
696,https://www.nature.com/articles/s41439-021-00154-w
697,https://www.nature.com/articles/s41439-021-00153-x
698,https://www.nature.com/articles/s41439-021-00151-z
699,https://www.nature.com/articles/s41439-021-00152-y
700,https://www.nature.com/articles/s41599-021-00896-6
701,https://www.nature.com/articles/s41599-021-00906-7
702,https://www.nature.com/articles/s41599-021-00903-w
703,https://www.nature.com/articles/s41599-021-00905-8
704,https://www.nature.com/articles/s41599-021-00897-5
705,https://www.nature.com/articles/s41599-021-00901-y
706,https://www.nature.com/articles/s41599-021-00900-z
707,https://www.nature.com/articles/s41599-021-00898-4
708,https://www.nature.com/articles/s41599-021-00891-x
709,https://www.nature.com/articles/s41599-021-00894-8
710,https://www.nature.com/articles/s41599-021-00890-y
711,https://www.nature.com/articles/s41599-021-00895-7
712,https://www.nature.com/articles/s41599-021-00881-z
713,https://www.nature.com/articles/s41599-021-00884-w
714,https://www.nature.com/articles/s41599-021-00892-w
715,https://www.nature.com/articles/s41599-021-00893-9
716,https://www.nature.com/articles/s41599-021-00885-9
717,https://www.nature.com/articles/s41599-021-00883-x
718,https://www.nature.com/articles/s41599-021-00889-5
719,https://www.nature.com/articles/s41599-021-00887-7
720,https://www.nature.com/articles/s41440-021-00726-x
721,https://www.nature.com/articles/s41440-021-00775-2
722,https://www.nature.com/articles/s41440-021-00771-6
723,https://www.nature.com/articles/s41440-021-00772-5
724,https://www.nature.com/articles/s41440-021-00750-x
725,https://www.nature.com/articles/s41440-021-00733-y
726,https://www.nature.com/articles/s41440-021-00759-2
727,https://www.nature.com/articles/s41440-021-00768-1
728,https://www.nature.com/articles/s41440-021-00736-9
729,https://www.nature.com/articles/s41440-021-00747-6
730,https://www.nature.com/articles/s41440-021-00753-8
731,https://www.nature.com/articles/s41440-021-00728-9
732,https://www.nature.com/articles/s41440-021-00727-w
733,https://www.nature.com/articles/s41440-021-00748-5
734,https://www.nature.com/articles/s41440-021-00712-3
735,https://www.nature.com/articles/s41440-021-00745-8
736,https://www.nature.com/articles/s41440-021-00711-4
737,https://www.nature.com/articles/s41440-021-00744-9
738,https://www.nature.com/articles/s41440-021-00734-x
739,https://www.nature.com/articles/s41440-021-00739-6
740,https://www.nature.com/articles/s41443-021-00474-z
741,https://www.nature.com/articles/s41443-021-00475-y
742,https://www.nature.com/articles/s41443-021-00473-0
743,https://www.nature.com/articles/s41443-021-00472-1
744,https://www.nature.com/articles/s41443-021-00470-3
745,https://www.nature.com/articles/s41443-021-00469-w
746,https://www.nature.com/articles/s41443-021-00467-y
747,https://www.nature.com/articles/s41443-021-00465-0
748,https://www.nature.com/articles/s41443-021-00466-z
749,https://www.nature.com/articles/s41443-021-00464-1
750,https://www.nature.com/articles/s41443-021-00462-3
751,https://www.nature.com/articles/s41443-021-00461-4
752,https://www.nature.com/articles/s41443-021-00463-2
753,https://www.nature.com/articles/s41443-021-00452-5
754,https://www.nature.com/articles/s41443-021-00460-5
755,https://www.nature.com/articles/s41443-021-00458-z
756,https://www.nature.com/articles/s41443-021-00449-0
757,https://www.nature.com/articles/s41443-021-00459-y
758,https://www.nature.com/articles/s41443-021-00456-1
759,https://www.nature.com/articles/s41443-021-00457-0
760,https://www.nature.com/articles/s41366-021-00982-4
761,https://www.nature.com/articles/s41366-021-00978-0
762,https://www.nature.com/articles/s41366-021-00984-2
763,https://www.nature.com/articles/s41366-021-00897-0
764,https://www.nature.com/articles/s41366-021-00974-4
765,https://www.nature.com/articles/s41366-021-00971-7
766,https://www.nature.com/articles/s41366-021-00970-8
767,https://www.nature.com/articles/s41366-021-00972-6
768,https://www.nature.com/articles/s41366-021-00967-3
769,https://www.nature.com/articles/s41366-021-00968-2
770,https://www.nature.com/articles/s41366-021-00966-4
771,https://www.nature.com/articles/s41366-021-00969-1
772,https://www.nature.com/articles/s41366-021-00952-w
773,https://www.nature.com/articles/s41366-021-00954-8
774,https://www.nature.com/articles/s41366-021-00964-6
775,https://www.nature.com/articles/s41366-021-00963-7
776,https://www.nature.com/articles/s41366-021-00965-5
777,https://www.nature.com/articles/s41366-021-00959-3
778,https://www.nature.com/articles/s41366-021-00962-8
779,https://www.nature.com/articles/s41366-021-00961-9
780,https://www.nature.com/articles/s41367-020-0015-3
781,https://www.nature.com/articles/s41367-020-0018-0
782,https://www.nature.com/articles/s41367-020-0016-2
783,https://www.nature.com/articles/s41367-020-0014-4
784,https://www.nature.com/articles/s41367-020-0019-z
785,https://www.nature.com/articles/s41367-020-0017-1
786,https://www.nature.com/articles/s41367-019-0009-1
787,https://www.nature.com/articles/s41367-019-0012-6
788,https://www.nature.com/articles/s41367-019-0008-2
789,https://www.nature.com/articles/s41367-019-0010-8
790,https://www.nature.com/articles/s41367-019-0011-7
791,https://www.nature.com/articles/s41367-019-0007-3
792,https://www.nature.com/articles/s41367-018-0001-1
793,https://www.nature.com/articles/s41367-018-0004-y
794,https://www.nature.com/articles/s41367-018-0005-x
795,https://www.nature.com/articles/s41367-018-0002-0
796,https://www.nature.com/articles/s41367-018-0003-z
797,https://www.nature.com/articles/s41367-018-0006-9
798,https://www.nature.com/articles/ijosup20161
799,https://www.nature.com/articles/ijosup20167
800,https://www.nature.com/articles/s41368-021-00135-3
801,https://www.nature.com/articles/s41368-021-00136-2
802,https://www.nature.com/articles/s41368-021-00137-1
803,https://www.nature.com/articles/s41368-021-00133-5
804,https://www.nature.com/articles/s41368-021-00134-4
805,https://www.nature.com/articles/s41368-021-00132-6
806,https://www.nature.com/articles/s41368-021-00130-8
807,https://www.nature.com/articles/s41368-021-00128-2
808,https://www.nature.com/articles/s41368-021-00131-7
809,https://www.nature.com/articles/s41368-021-00129-1
810,https://www.nature.com/articles/s41368-021-00126-4
811,https://www.nature.com/articles/s41368-021-00127-3
812,https://www.nature.com/articles/s41368-021-00125-5
813,https://www.nature.com/articles/s41368-021-00121-9
814,https://www.nature.com/articles/s41368-021-00124-6
815,https://www.nature.com/articles/s41368-021-00122-8
816,https://www.nature.com/articles/s41368-021-00123-7
817,https://www.nature.com/articles/s41368-021-00119-3
818,https://www.nature.com/articles/s41368-021-00120-w
819,https://www.nature.com/articles/s41368-021-00117-5
820,https://www.nature.com/articles/s43705-021-00057-5
821,https://www.nature.com/articles/s43705-021-00058-4
822,https://www.nature.com/articles/s43705-021-00056-6
823,https://www.nature.com/articles/s43705-021-00052-w
824,https://www.nature.com/articles/s43705-021-00055-7
825,https://www.nature.com/articles/s43705-021-00053-9
826,https://www.nature.com/articles/s43705-021-00051-x
827,https://www.nature.com/articles/s43705-021-00050-y
828,https://www.nature.com/articles/s43705-021-00049-5
829,https://www.nature.com/articles/s43705-021-00047-7
830,https://www.nature.com/articles/s43705-021-00046-8
831,https://www.nature.com/articles/s43705-021-00045-9
832,https://www.nature.com/articles/s43705-021-00039-7
833,https://www.nature.com/articles/s43705-021-00040-0
834,https://www.nature.com/articles/s43705-021-00042-y
835,https://www.nature.com/articles/s43705-021-00041-z
836,https://www.nature.com/articles/s43705-021-00043-x
837,https://www.nature.com/articles/s43705-021-00038-8
838,https://www.nature.com/articles/s43705-021-00036-w
839,https://www.nature.com/articles/s43705-021-00034-y
840,https://www.nature.com/articles/s41396-021-01128-0
841,https://www.nature.com/articles/s41396-021-01130-6
842,https://www.nature.com/articles/s41396-021-01133-3
843,https://www.nature.com/articles/s41396-021-01121-7
844,https://www.nature.com/articles/s41396-021-01131-5
845,https://www.nature.com/articles/s41396-021-01110-w
846,https://www.nature.com/articles/s41396-021-01125-3
847,https://www.nature.com/articles/s41396-021-01122-6
848,https://www.nature.com/articles/s41396-021-01118-2
849,https://www.nature.com/articles/s41396-021-01111-9
850,https://www.nature.com/articles/s41396-021-01120-8
851,https://www.nature.com/articles/s41396-021-01114-6
852,https://www.nature.com/articles/s41396-021-01115-5
853,https://www.nature.com/articles/s41396-021-01117-3
854,https://www.nature.com/articles/s41396-021-01113-7
855,https://www.nature.com/articles/s41396-021-01107-5
856,https://www.nature.com/articles/s41396-021-01112-8
857,https://www.nature.com/articles/s41396-021-01106-6
858,https://www.nature.com/articles/s41396-021-01109-3
859,https://www.nature.com/articles/s41396-021-01108-4
860,https://www.nature.com/articles/s41429-021-00458-7
861,https://www.nature.com/articles/s41429-021-00478-3
862,https://www.nature.com/articles/s41429-021-00477-4
863,https://www.nature.com/articles/s41429-021-00474-7
864,https://www.nature.com/articles/s41429-021-00472-9
865,https://www.nature.com/articles/s41429-021-00471-w
866,https://www.nature.com/articles/s41429-021-00473-8
867,https://www.nature.com/articles/s41429-021-00476-5
868,https://www.nature.com/articles/s41429-021-00468-5
869,https://www.nature.com/articles/s41429-021-00470-x
870,https://www.nature.com/articles/s41429-021-00475-6
871,https://www.nature.com/articles/s41429-021-00469-4
872,https://www.nature.com/articles/s41429-021-00459-6
873,https://www.nature.com/articles/s41429-021-00465-8
874,https://www.nature.com/articles/s41429-021-00463-w
875,https://www.nature.com/articles/s41429-021-00460-z
876,https://www.nature.com/articles/s41429-021-00467-6
877,https://www.nature.com/articles/s41429-021-00464-9
878,https://www.nature.com/articles/s41429-021-00466-7
879,https://www.nature.com/articles/s41429-021-00462-x
880,https://www.nature.com/articles/s41370-021-00387-5
881,https://www.nature.com/articles/s41370-021-00386-6
882,https://www.nature.com/articles/s41370-021-00385-7
883,https://www.nature.com/articles/s41370-021-00383-9
884,https://www.nature.com/articles/s41370-021-00381-x
885,https://www.nature.com/articles/s41370-021-00375-9
886,https://www.nature.com/articles/s41370-021-00380-y
887,https://www.nature.com/articles/s41370-021-00377-7
888,https://www.nature.com/articles/s41370-021-00382-w
889,https://www.nature.com/articles/s41370-021-00379-5
890,https://www.nature.com/articles/s41370-021-00378-6
891,https://www.nature.com/articles/s41370-021-00376-8
892,https://www.nature.com/articles/s41370-021-00374-w
893,https://www.nature.com/articles/s41370-021-00372-y
894,https://www.nature.com/articles/s41370-021-00373-x
895,https://www.nature.com/articles/s41370-021-00359-9
896,https://www.nature.com/articles/s41370-021-00371-z
897,https://www.nature.com/articles/s41370-021-00364-y
898,https://www.nature.com/articles/s41370-021-00363-z
899,https://www.nature.com/articles/s41370-021-00370-0
900,https://www.nature.com/articles/s10038-021-00982-2
901,https://www.nature.com/articles/s10038-021-00981-3
902,https://www.nature.com/articles/s10038-021-00978-y
903,https://www.nature.com/articles/s10038-021-00979-x
904,https://www.nature.com/articles/s10038-021-00951-9
905,https://www.nature.com/articles/s10038-021-00975-1
906,https://www.nature.com/articles/s10038-021-00945-7
907,https://www.nature.com/articles/s10038-021-00976-0
908,https://www.nature.com/articles/s10038-021-00977-z
909,https://www.nature.com/articles/s10038-021-00974-2
910,https://www.nature.com/articles/s10038-021-00973-3
911,https://www.nature.com/articles/s10038-021-00972-4
912,https://www.nature.com/articles/s10038-021-00970-6
913,https://www.nature.com/articles/s10038-021-00971-5
914,https://www.nature.com/articles/s10038-021-00969-z
915,https://www.nature.com/articles/s10038-021-00968-0
916,https://www.nature.com/articles/s10038-021-00967-1
917,https://www.nature.com/articles/s10038-021-00966-2
918,https://www.nature.com/articles/s10038-021-00965-3
919,https://www.nature.com/articles/s10038-021-00963-5
920,https://www.nature.com/articles/s41371-021-00617-1
921,https://www.nature.com/articles/s41371-021-00618-0
922,https://www.nature.com/articles/s41371-021-00616-2
923,https://www.nature.com/articles/s41371-021-00608-2
924,https://www.nature.com/articles/s41371-021-00615-3
925,https://www.nature.com/articles/s41371-021-00613-5
926,https://www.nature.com/articles/s41371-021-00614-4
927,https://www.nature.com/articles/s41371-021-00603-7
928,https://www.nature.com/articles/s41371-021-00600-w
929,https://www.nature.com/articles/s41371-021-00610-8
930,https://www.nature.com/articles/s41371-021-00609-1
931,https://www.nature.com/articles/s41371-021-00605-5
932,https://www.nature.com/articles/s41371-021-00594-5
933,https://www.nature.com/articles/s41371-021-00606-4
934,https://www.nature.com/articles/s41371-021-00601-9
935,https://www.nature.com/articles/s41371-021-00607-3
936,https://www.nature.com/articles/s41371-021-00604-6
937,https://www.nature.com/articles/s41371-021-00602-8
938,https://www.nature.com/articles/s41371-021-00598-1
939,https://www.nature.com/articles/s41371-021-00599-0
940,https://www.nature.com/articles/s41372-021-01223-2
941,https://www.nature.com/articles/s41372-021-01219-y
942,https://www.nature.com/articles/s41372-021-01218-z
943,https://www.nature.com/articles/s41372-021-01225-0
944,https://www.nature.com/articles/s41372-021-01222-3
945,https://www.nature.com/articles/s41372-021-01212-5
946,https://www.nature.com/articles/s41372-021-01214-3
947,https://www.nature.com/articles/s41372-021-01215-2
948,https://www.nature.com/articles/s41372-021-01217-0
949,https://www.nature.com/articles/s41372-021-01216-1
950,https://www.nature.com/articles/s41372-021-01210-7
951,https://www.nature.com/articles/s41372-021-01213-4
952,https://www.nature.com/articles/s41372-021-01207-2
953,https://www.nature.com/articles/s41372-021-01206-3
954,https://www.nature.com/articles/s41372-021-01174-8
955,https://www.nature.com/articles/s41372-021-01208-1
956,https://www.nature.com/articles/s41372-021-01209-0
957,https://www.nature.com/articles/s41372-021-01151-1
958,https://www.nature.com/articles/s41372-021-01205-4
959,https://www.nature.com/articles/s41372-021-01177-5
960,https://www.nature.com/articles/s41684-021-00871-3
961,https://www.nature.com/articles/s41684-021-00878-w
962,https://www.nature.com/articles/s41684-021-00872-2
963,https://www.nature.com/articles/s41684-021-00864-2
964,https://www.nature.com/articles/s41684-021-00850-8
965,https://www.nature.com/articles/s41684-021-00858-0
966,https://www.nature.com/articles/s41684-021-00846-4
967,https://www.nature.com/articles/s41684-021-00865-1
968,https://www.nature.com/articles/s41684-021-00849-1
969,https://www.nature.com/articles/s41684-021-00860-6
970,https://www.nature.com/articles/s41684-021-00863-3
971,https://www.nature.com/articles/s41684-021-00851-7
972,https://www.nature.com/articles/s41684-021-00847-3
973,https://www.nature.com/articles/s41684-021-00866-0
974,https://www.nature.com/articles/s41684-021-00859-z
975,https://www.nature.com/articles/s41684-021-00861-5
976,https://www.nature.com/articles/s41684-021-00857-1
977,https://www.nature.com/articles/s41684-021-00867-z
978,https://www.nature.com/articles/s41684-021-00848-2
979,https://www.nature.com/articles/s41684-021-00853-5
980,https://www.nature.com/articles/s41374-021-00677-4
981,https://www.nature.com/articles/s41374-021-00666-7
982,https://www.nature.com/articles/s41374-021-00633-2
983,https://www.nature.com/articles/s41374-021-00669-4
984,https://www.nature.com/articles/s41374-021-00670-x
985,https://www.nature.com/articles/s41374-021-00647-w
986,https://www.nature.com/articles/s41374-021-00676-5
987,https://www.nature.com/articles/s41374-021-00662-x
988,https://www.nature.com/articles/s41374-021-00656-9
989,https://www.nature.com/articles/s41374-021-00668-5
990,https://www.nature.com/articles/s41374-021-00675-6
991,https://www.nature.com/articles/s41374-021-00672-9
992,https://www.nature.com/articles/s41374-021-00671-w
993,https://www.nature.com/articles/s41374-021-00657-8
994,https://www.nature.com/articles/s41374-021-00661-y
995,https://www.nature.com/articles/s41374-021-00673-8
996,https://www.nature.com/articles/s41374-021-00667-6
997,https://www.nature.com/articles/s41374-021-00660-z
998,https://www.nature.com/articles/s41374-021-00665-8
999,https://www.nature.com/articles/s41374-021-00663-w
1000,https://www.nature.com/articles/s41375-021-01442-8
1001,https://www.nature.com/articles/s41375-021-01447-3
1002,https://www.nature.com/articles/s41375-021-01438-4
1003,https://www.nature.com/articles/s41375-021-01436-6
1004,https://www.nature.com/articles/s41375-021-01435-7
1005,https://www.nature.com/articles/s41375-021-01437-5
1006,https://www.nature.com/articles/s41375-021-01439-3
1007,https://www.nature.com/articles/s41375-021-01426-8
1008,https://www.nature.com/articles/s41375-021-01427-7
1009,https://www.nature.com/articles/s41375-021-01422-y
1010,https://www.nature.com/articles/s41375-021-01421-z
1011,https://www.nature.com/articles/s41375-021-01419-7
1012,https://www.nature.com/articles/s41375-021-01429-5
1013,https://www.nature.com/articles/s41375-021-01423-x
1014,https://www.nature.com/articles/s41375-021-01424-w
1015,https://www.nature.com/articles/s41375-021-01416-w
1016,https://www.nature.com/articles/s41375-021-01428-6
1017,https://www.nature.com/articles/s41375-021-01399-8
1018,https://www.nature.com/articles/s41375-021-01418-8
1019,https://www.nature.com/articles/s41375-021-01400-4
1020,https://www.nature.com/articles/s41376-019-0004-5
1021,https://www.nature.com/articles/leusup201410
1022,https://www.nature.com/articles/leusup20148
1023,https://www.nature.com/articles/leusup20141
1024,https://www.nature.com/articles/leusup20143
1025,https://www.nature.com/articles/leusup201411
1026,https://www.nature.com/articles/leusup20145
1027,https://www.nature.com/articles/leusup201413
1028,https://www.nature.com/articles/leusup20147
1029,https://www.nature.com/articles/leusup201415
1030,https://www.nature.com/articles/leusup20149
1031,https://www.nature.com/articles/leusup20142
1032,https://www.nature.com/articles/leusup20144
1033,https://www.nature.com/articles/leusup201412
1034,https://www.nature.com/articles/leusup20146
1035,https://www.nature.com/articles/leusup201414
1036,https://www.nature.com/articles/leusup20136
1037,https://www.nature.com/articles/leusup20131
1038,https://www.nature.com/articles/leusup20133
1039,https://www.nature.com/articles/leusup20134
1040,https://www.nature.com/articles/s41377-021-00653-z
1041,https://www.nature.com/articles/s41377-021-00646-y
1042,https://www.nature.com/articles/s41377-021-00649-9
1043,https://www.nature.com/articles/s41377-021-00640-4
1044,https://www.nature.com/articles/s41377-021-00643-1
1045,https://www.nature.com/articles/s41377-021-00648-w
1046,https://www.nature.com/articles/s41377-021-00652-0
1047,https://www.nature.com/articles/s41377-021-00647-x
1048,https://www.nature.com/articles/s41377-021-00642-2
1049,https://www.nature.com/articles/s41377-021-00631-5
1050,https://www.nature.com/articles/s41377-021-00644-0
1051,https://www.nature.com/articles/s41377-021-00636-0
1052,https://www.nature.com/articles/s41377-021-00628-0
1053,https://www.nature.com/articles/s41377-021-00623-5
1054,https://www.nature.com/articles/s41377-021-00633-3
1055,https://www.nature.com/articles/s41377-021-00645-z
1056,https://www.nature.com/articles/s41377-021-00641-3
1057,https://www.nature.com/articles/s41377-021-00639-x
1058,https://www.nature.com/articles/s41377-021-00622-6
1059,https://www.nature.com/articles/s41377-021-00632-4
1060,https://www.nature.com/articles/s41378-021-00308-4
1061,https://www.nature.com/articles/s41378-021-00303-9
1062,https://www.nature.com/articles/s41378-021-00302-w
1063,https://www.nature.com/articles/s41378-021-00307-5
1064,https://www.nature.com/articles/s41378-021-00289-4
1065,https://www.nature.com/articles/s41378-021-00296-5
1066,https://www.nature.com/articles/s41378-021-00280-z
1067,https://www.nature.com/articles/s41378-021-00298-3
1068,https://www.nature.com/articles/s41378-021-00287-6
1069,https://www.nature.com/articles/s41378-021-00292-9
1070,https://www.nature.com/articles/s41378-021-00299-2
1071,https://www.nature.com/articles/s41378-021-00295-6
1072,https://www.nature.com/articles/s41378-021-00293-8
1073,https://www.nature.com/articles/s41378-021-00286-7
1074,https://www.nature.com/articles/s41378-021-00291-w
1075,https://www.nature.com/articles/s41378-021-00294-7
1076,https://www.nature.com/articles/s41378-021-00288-5
1077,https://www.nature.com/articles/s41378-021-00290-x
1078,https://www.nature.com/articles/s41378-021-00275-w
1079,https://www.nature.com/articles/s41378-021-00283-w
1080,https://www.nature.com/articles/s41379-021-00925-4
1081,https://www.nature.com/articles/s41379-021-00944-1
1082,https://www.nature.com/articles/s41379-021-00939-y
1083,https://www.nature.com/articles/s41379-021-00934-3
1084,https://www.nature.com/articles/s41379-021-00941-4
1085,https://www.nature.com/articles/s41379-021-00919-2
1086,https://www.nature.com/articles/s41379-021-00932-5
1087,https://www.nature.com/articles/s41379-021-00909-4
1088,https://www.nature.com/articles/s41379-021-00938-z
1089,https://www.nature.com/articles/s41379-021-00929-0
1090,https://www.nature.com/articles/s41379-021-00905-8
1091,https://www.nature.com/articles/s41379-021-00931-6
1092,https://www.nature.com/articles/s41379-021-00924-5
1093,https://www.nature.com/articles/s41379-021-00928-1
1094,https://www.nature.com/articles/s41379-021-00936-1
1095,https://www.nature.com/articles/s41379-021-00927-2
1096,https://www.nature.com/articles/s41379-021-00937-0
1097,https://www.nature.com/articles/s41379-021-00922-7
1098,https://www.nature.com/articles/s41379-021-00896-6
1099,https://www.nature.com/articles/s41379-021-00918-3
1100,https://www.nature.com/articles/s41380-021-01306-8
1101,https://www.nature.com/articles/s41380-021-01309-5
1102,https://www.nature.com/articles/s41380-021-01311-x
1103,https://www.nature.com/articles/s41380-021-01300-0
1104,https://www.nature.com/articles/s41380-021-01263-2
1105,https://www.nature.com/articles/s41380-021-01290-z
1106,https://www.nature.com/articles/s41380-021-01308-6
1107,https://www.nature.com/articles/s41380-021-01297-6
1108,https://www.nature.com/articles/s41380-021-01304-w
1109,https://www.nature.com/articles/s41380-021-01295-8
1110,https://www.nature.com/articles/s41380-021-01301-z
1111,https://www.nature.com/articles/s41380-021-01292-x
1112,https://www.nature.com/articles/s41380-021-01271-2
1113,https://www.nature.com/articles/s41380-021-01293-w
1114,https://www.nature.com/articles/s41380-021-01296-7
1115,https://www.nature.com/articles/s41380-021-01303-x
1116,https://www.nature.com/articles/s41380-021-01299-4
1117,https://www.nature.com/articles/s41380-021-01305-9
1118,https://www.nature.com/articles/s41380-021-01307-7
1119,https://www.nature.com/articles/s41380-021-01289-6
1120,https://www.nature.com/articles/s41385-021-00457-9
1121,https://www.nature.com/articles/s41385-021-00456-w
1122,https://www.nature.com/articles/s41385-021-00459-7
1123,https://www.nature.com/articles/s41385-021-00458-8
1124,https://www.nature.com/articles/s41385-021-00451-1
1125,https://www.nature.com/articles/s41385-021-00455-x
1126,https://www.nature.com/articles/s41385-021-00453-z
1127,https://www.nature.com/articles/s41385-021-00454-y
1128,https://www.nature.com/articles/s41385-021-00452-0
1129,https://www.nature.com/articles/s41385-021-00440-4
1130,https://www.nature.com/articles/s41385-021-00450-2
1131,https://www.nature.com/articles/s41385-021-00443-1
1132,https://www.nature.com/articles/s41385-021-00438-y
1133,https://www.nature.com/articles/s41385-021-00448-w
1134,https://www.nature.com/articles/s41385-021-00449-9
1135,https://www.nature.com/articles/s41385-021-00446-y
1136,https://www.nature.com/articles/s41385-021-00447-x
1137,https://www.nature.com/articles/s41385-021-00445-z
1138,https://www.nature.com/articles/s41385-021-00441-3
1139,https://www.nature.com/articles/s41385-021-00437-z
1140,https://www.nature.com/articles/s41586-021-04085-y
1141,https://www.nature.com/articles/d41586-021-02756-4
1142,https://www.nature.com/articles/d41586-021-02643-y
1143,https://www.nature.com/articles/d41586-021-02761-7
1144,https://www.nature.com/articles/s41586-021-04080-3
1145,https://www.nature.com/articles/s41586-021-03921-5
1146,https://www.nature.com/articles/d41586-021-02743-9
1147,https://www.nature.com/articles/d41586-021-02785-z
1148,https://www.nature.com/articles/d41586-021-02755-5
1149,https://www.nature.com/articles/d41586-021-02772-4
1150,https://www.nature.com/articles/d41586-021-02763-5
1151,https://www.nature.com/articles/d41586-021-02782-2
1152,https://www.nature.com/articles/d41586-021-02787-x
1153,https://www.nature.com/articles/d41586-021-02733-x
1154,https://www.nature.com/articles/d41586-021-02740-y
1155,https://www.nature.com/articles/d41586-021-02783-1
1156,https://www.nature.com/articles/s41586-021-04058-1
1157,https://www.nature.com/articles/s41586-021-04060-7
1158,https://www.nature.com/articles/d41586-021-02746-6
1159,https://www.nature.com/articles/d41586-021-02745-7
1160,https://www.nature.com/articles/d44148-021-00091-4
1161,https://www.nature.com/articles/d44148-021-00092-3
1162,https://www.nature.com/articles/d44148-021-00093-2
1163,https://www.nature.com/articles/d44148-021-00094-1
1164,https://www.nature.com/articles/d44148-021-00088-z
1165,https://www.nature.com/articles/d44148-021-00089-y
1166,https://www.nature.com/articles/d44148-021-00086-1
1167,https://www.nature.com/articles/d44148-021-00087-0
1168,https://www.nature.com/articles/d44148-021-00084-3
1169,https://www.nature.com/articles/d44148-021-00085-2
1170,https://www.nature.com/articles/d44148-021-00082-5
1171,https://www.nature.com/articles/d44148-021-00083-4
1172,https://www.nature.com/articles/d44148-021-00081-6
1173,https://www.nature.com/articles/d44148-021-00079-0
1174,https://www.nature.com/articles/d44148-021-00080-7
1175,https://www.nature.com/articles/d44148-021-00077-2
1176,https://www.nature.com/articles/d44148-021-00078-1
1177,https://www.nature.com/articles/d44148-021-00076-3
1178,https://www.nature.com/articles/d44148-021-00075-4
1179,https://www.nature.com/articles/d44148-021-00074-5
1180,https://www.nature.com/articles/s43587-021-00126-3
1181,https://www.nature.com/articles/s43587-021-00124-5
1182,https://www.nature.com/articles/s43587-021-00123-6
1183,https://www.nature.com/articles/s43587-021-00122-7
1184,https://www.nature.com/articles/s43587-021-00118-3
1185,https://www.nature.com/articles/s43587-021-00116-5
1186,https://www.nature.com/articles/s43587-021-00107-6
1187,https://www.nature.com/articles/s43587-021-00121-8
1188,https://www.nature.com/articles/s43587-021-00117-4
1189,https://www.nature.com/articles/s43587-021-00106-7
1190,https://www.nature.com/articles/s43587-021-00103-w
1191,https://www.nature.com/articles/s43587-021-00113-8
1192,https://www.nature.com/articles/s43587-021-00119-2
1193,https://www.nature.com/articles/s43587-021-00115-6
1194,https://www.nature.com/articles/s43587-021-00109-4
1195,https://www.nature.com/articles/s43587-021-00104-9
1196,https://www.nature.com/articles/s43587-021-00114-7
1197,https://www.nature.com/articles/s43587-021-00110-x
1198,https://www.nature.com/articles/s43587-021-00111-w
1199,https://www.nature.com/articles/s43587-021-00105-8
1200,https://www.nature.com/articles/s41550-021-01483-0
1201,https://www.nature.com/articles/s41550-021-01485-y
1202,https://www.nature.com/articles/s41550-021-01509-7
1203,https://www.nature.com/articles/s41550-021-01503-z
1204,https://www.nature.com/articles/s41550-021-01473-2
1205,https://www.nature.com/articles/s41550-021-01474-1
1206,https://www.nature.com/articles/s41550-021-01472-3
1207,https://www.nature.com/articles/s41550-021-01522-w
1208,https://www.nature.com/articles/s41550-021-01525-7
1209,https://www.nature.com/articles/s41550-021-01526-6
1210,https://www.nature.com/articles/s41550-021-01523-9
1211,https://www.nature.com/articles/s41550-021-01475-0
1212,https://www.nature.com/articles/s41550-021-01511-z
1213,https://www.nature.com/articles/s41550-021-01469-y
1214,https://www.nature.com/articles/s41550-021-01471-4
1215,https://www.nature.com/articles/s41550-021-01504-y
1216,https://www.nature.com/articles/s41550-021-01499-6
1217,https://www.nature.com/articles/s41550-021-01492-z
1218,https://www.nature.com/articles/s41550-021-01497-8
1219,https://www.nature.com/articles/s41550-021-01498-7
1220,https://www.nature.com/articles/s41551-021-00803-z
1221,https://www.nature.com/articles/s41551-021-00798-7
1222,https://www.nature.com/articles/s41551-021-00794-x
1223,https://www.nature.com/articles/s41551-021-00786-x
1224,https://www.nature.com/articles/s41551-021-00791-0
1225,https://www.nature.com/articles/s41551-021-00792-z
1226,https://www.nature.com/articles/s41551-021-00785-y
1227,https://www.nature.com/articles/s41551-021-00818-6
1228,https://www.nature.com/articles/s41551-021-00796-9
1229,https://www.nature.com/articles/s41551-021-00797-8
1230,https://www.nature.com/articles/s41551-021-00793-y
1231,https://www.nature.com/articles/s41551-021-00788-9
1232,https://www.nature.com/articles/s41551-021-00790-1
1233,https://www.nature.com/articles/s41551-021-00784-z
1234,https://www.nature.com/articles/s41551-021-00783-0
1235,https://www.nature.com/articles/s41551-021-00780-3
1236,https://www.nature.com/articles/s41551-021-00767-0
1237,https://www.nature.com/articles/s41551-021-00782-1
1238,https://www.nature.com/articles/s41551-021-00775-0
1239,https://www.nature.com/articles/s41551-021-00779-w
1240,https://www.nature.com/articles/s41587-021-01122-z
1241,https://www.nature.com/articles/s41587-021-01101-4
1242,https://www.nature.com/articles/s41587-021-01034-y
1243,https://www.nature.com/articles/s41587-021-01042-y
1244,https://www.nature.com/articles/s41587-021-01038-8
1245,https://www.nature.com/articles/s41587-021-01031-1
1246,https://www.nature.com/articles/s41587-021-01082-4
1247,https://www.nature.com/articles/s41587-021-01083-3
1248,https://www.nature.com/articles/s41587-021-01090-4
1249,https://www.nature.com/articles/s41587-021-01098-w
1250,https://www.nature.com/articles/s41587-021-01096-y
1251,https://www.nature.com/articles/s41587-021-01087-z
1252,https://www.nature.com/articles/s41587-021-01097-x
1253,https://www.nature.com/articles/s41587-021-01085-1
1254,https://www.nature.com/articles/s41587-021-01076-2
1255,https://www.nature.com/articles/s41587-021-01088-y
1256,https://www.nature.com/articles/s41587-021-01086-0
1257,https://www.nature.com/articles/s41587-021-01077-1
1258,https://www.nature.com/articles/s41587-021-01071-7
1259,https://www.nature.com/articles/s41587-021-01039-7
1260,https://www.nature.com/articles/s43018-021-00283-9
1261,https://www.nature.com/articles/s43018-021-00247-z
1262,https://www.nature.com/articles/s43018-021-00243-3
1263,https://www.nature.com/articles/s43018-021-00249-x
1264,https://www.nature.com/articles/s43018-021-00251-3
1265,https://www.nature.com/articles/s43018-021-00277-7
1266,https://www.nature.com/articles/s43018-021-00265-x
1267,https://www.nature.com/articles/s43018-021-00257-x
1268,https://www.nature.com/articles/s43018-021-00255-z
1269,https://www.nature.com/articles/s43018-021-00244-2
1270,https://www.nature.com/articles/s43018-021-00256-y
1271,https://www.nature.com/articles/s43018-021-00245-1
1272,https://www.nature.com/articles/s43018-021-00250-4
1273,https://www.nature.com/articles/s43018-021-00248-y
1274,https://www.nature.com/articles/s43018-021-00253-1
1275,https://www.nature.com/articles/s43018-021-00241-5
1276,https://www.nature.com/articles/s43018-021-00252-2
1277,https://www.nature.com/articles/s43018-021-00238-0
1278,https://www.nature.com/articles/s43018-021-00240-6
1279,https://www.nature.com/articles/s43018-021-00232-6
1280,https://www.nature.com/articles/s41929-021-00678-y
1281,https://www.nature.com/articles/s41929-021-00676-0
1282,https://www.nature.com/articles/s41929-021-00674-2
1283,https://www.nature.com/articles/s41929-021-00681-3
1284,https://www.nature.com/articles/s41929-021-00677-z
1285,https://www.nature.com/articles/s41929-021-00675-1
1286,https://www.nature.com/articles/s41929-021-00671-5
1287,https://www.nature.com/articles/s41929-021-00672-4
1288,https://www.nature.com/articles/s41929-021-00670-6
1289,https://www.nature.com/articles/s41929-021-00669-z
1290,https://www.nature.com/articles/s41929-021-00666-2
1291,https://www.nature.com/articles/s41929-021-00668-0
1292,https://www.nature.com/articles/s41929-021-00664-4
1293,https://www.nature.com/articles/s41929-021-00667-1
1294,https://www.nature.com/articles/s41929-021-00665-3
1295,https://www.nature.com/articles/s41929-021-00663-5
1296,https://www.nature.com/articles/s41929-021-00659-1
1297,https://www.nature.com/articles/s41929-021-00660-8
1298,https://www.nature.com/articles/s41929-021-00661-7
1299,https://www.nature.com/articles/s41929-021-00651-9
1300,https://www.nature.com/articles/s41556-021-00772-0
1301,https://www.nature.com/articles/s41556-021-00770-2
1302,https://www.nature.com/articles/s41556-021-00773-z
1303,https://www.nature.com/articles/s41556-021-00771-1
1304,https://www.nature.com/articles/s41556-021-00765-z
1305,https://www.nature.com/articles/s41556-021-00763-1
1306,https://www.nature.com/articles/s41556-021-00768-w
1307,https://www.nature.com/articles/s41556-021-00769-9
1308,https://www.nature.com/articles/s41556-021-00760-4
1309,https://www.nature.com/articles/s41556-021-00764-0
1310,https://www.nature.com/articles/s41556-021-00762-2
1311,https://www.nature.com/articles/s41556-021-00767-x
1312,https://www.nature.com/articles/s41556-021-00785-9
1313,https://www.nature.com/articles/s41556-021-00759-x
1314,https://www.nature.com/articles/s41556-021-00761-3
1315,https://www.nature.com/articles/s41556-021-00775-x
1316,https://www.nature.com/articles/s41556-021-00757-z
1317,https://www.nature.com/articles/s41556-021-00753-3
1318,https://www.nature.com/articles/s41556-021-00756-0
1319,https://www.nature.com/articles/s41556-021-00754-2
1320,https://www.nature.com/articles/s41589-021-00882-8
1321,https://www.nature.com/articles/s41589-021-00905-4
1322,https://www.nature.com/articles/s41589-021-00881-9
1323,https://www.nature.com/articles/s41589-021-00875-7
1324,https://www.nature.com/articles/s41589-021-00873-9
1325,https://www.nature.com/articles/s41589-021-00857-9
1326,https://www.nature.com/articles/s41589-021-00852-0
1327,https://www.nature.com/articles/s41589-021-00866-8
1328,https://www.nature.com/articles/s41589-021-00862-y
1329,https://www.nature.com/articles/s41589-021-00841-3
1330,https://www.nature.com/articles/s41589-021-00874-8
1331,https://www.nature.com/articles/s41589-021-00887-3
1332,https://www.nature.com/articles/s41589-021-00885-5
1333,https://www.nature.com/articles/s41589-021-00888-2
1334,https://www.nature.com/articles/s41589-021-00886-4
1335,https://www.nature.com/articles/s41589-021-00891-7
1336,https://www.nature.com/articles/s41589-021-00807-5
1337,https://www.nature.com/articles/s41589-021-00861-z
1338,https://www.nature.com/articles/s41589-021-00822-6
1339,https://www.nature.com/articles/s41589-021-00837-z
1340,https://www.nature.com/articles/s41557-021-00790-3
1341,https://www.nature.com/articles/s41557-021-00795-y
1342,https://www.nature.com/articles/s41557-021-00777-0
1343,https://www.nature.com/articles/s41557-021-00823-x
1344,https://www.nature.com/articles/s41557-021-00793-0
1345,https://www.nature.com/articles/s41557-021-00784-1
1346,https://www.nature.com/articles/s41557-021-00806-y
1347,https://www.nature.com/articles/s41557-021-00786-z
1348,https://www.nature.com/articles/s41557-021-00783-2
1349,https://www.nature.com/articles/s41557-021-00767-2
1350,https://www.nature.com/articles/s41557-021-00775-2
1351,https://www.nature.com/articles/s41557-021-00809-9
1352,https://www.nature.com/articles/s41557-021-00808-w
1353,https://www.nature.com/articles/s41557-021-00765-4
1354,https://www.nature.com/articles/s41557-021-00782-3
1355,https://www.nature.com/articles/s41557-021-00785-0
1356,https://www.nature.com/articles/s41557-021-00752-9
1357,https://www.nature.com/articles/s41557-021-00780-5
1358,https://www.nature.com/articles/s41557-021-00773-4
1359,https://www.nature.com/articles/s41557-021-00772-5
1360,https://www.nature.com/articles/s41558-021-01171-x
1361,https://www.nature.com/articles/s41558-021-01176-6
1362,https://www.nature.com/articles/s41558-021-01174-8
1363,https://www.nature.com/articles/s41558-021-01181-9
1364,https://www.nature.com/articles/s41558-021-01166-8
1365,https://www.nature.com/articles/s41558-021-01177-5
1366,https://www.nature.com/articles/s41558-021-01178-4
1367,https://www.nature.com/articles/s41558-021-01180-w
1368,https://www.nature.com/articles/s41558-021-01179-3
1369,https://www.nature.com/articles/s41558-021-01165-9
1370,https://www.nature.com/articles/s41558-021-01185-5
1371,https://www.nature.com/articles/s41558-021-01164-w
1372,https://www.nature.com/articles/s41558-021-01169-5
1373,https://www.nature.com/articles/s41558-021-01167-7
1374,https://www.nature.com/articles/s41558-021-01156-w
1375,https://www.nature.com/articles/s41558-021-01162-y
1376,https://www.nature.com/articles/s41558-021-01163-x
1377,https://www.nature.com/articles/s41558-021-01160-0
1378,https://www.nature.com/articles/s41558-021-01161-z
1379,https://www.nature.com/articles/s41558-021-01140-4
1380,https://www.nature.com/articles/s41467-021-26378-6
1381,https://www.nature.com/articles/s41467-021-26377-7
1382,https://www.nature.com/articles/s41467-021-26130-0
1383,https://www.nature.com/articles/s41467-021-26156-4
1384,https://www.nature.com/articles/s41467-021-26144-8
1385,https://www.nature.com/articles/s41467-021-26222-x
1386,https://www.nature.com/articles/s41467-021-26201-2
1387,https://www.nature.com/articles/s41467-021-26272-1
1388,https://www.nature.com/articles/s41467-021-25972-y
1389,https://www.nature.com/articles/s41467-021-26133-x
1390,https://www.nature.com/articles/s41467-021-26237-4
1391,https://www.nature.com/articles/s41467-021-26220-z
1392,https://www.nature.com/articles/s41467-021-26228-5
1393,https://www.nature.com/articles/s41467-021-26179-x
1394,https://www.nature.com/articles/s41467-021-26219-6
1395,https://www.nature.com/articles/s41467-021-26035-y
1396,https://www.nature.com/articles/s41467-021-26257-0
1397,https://www.nature.com/articles/s41467-021-26158-2
1398,https://www.nature.com/articles/s41467-021-26070-9
1399,https://www.nature.com/articles/s41467-021-26205-y
1400,https://www.nature.com/articles/s43588-021-00142-8
1401,https://www.nature.com/articles/s43588-021-00149-1
1402,https://www.nature.com/articles/s43588-021-00151-7
1403,https://www.nature.com/articles/s43588-021-00147-3
1404,https://www.nature.com/articles/s43588-021-00148-2
1405,https://www.nature.com/articles/s43588-021-00150-8
1406,https://www.nature.com/articles/s43588-021-00138-4
1407,https://www.nature.com/articles/s43588-021-00146-4
1408,https://www.nature.com/articles/s43588-021-00127-7
1409,https://www.nature.com/articles/s43588-021-00137-5
1410,https://www.nature.com/articles/s43588-021-00128-6
1411,https://www.nature.com/articles/s43588-021-00129-5
1412,https://www.nature.com/articles/s43588-021-00132-w
1413,https://www.nature.com/articles/s43588-021-00125-9
1414,https://www.nature.com/articles/s43588-021-00126-8
1415,https://www.nature.com/articles/s43588-021-00131-x
1416,https://www.nature.com/articles/s43588-021-00134-8
1417,https://www.nature.com/articles/s43588-021-00135-7
1418,https://www.nature.com/articles/s43588-021-00133-9
1419,https://www.nature.com/articles/s43588-021-00119-7
1420,https://www.nature.com/articles/s41559-021-01567-0
1421,https://www.nature.com/articles/s41559-021-01557-2
1422,https://www.nature.com/articles/s41559-021-01555-4
1423,https://www.nature.com/articles/s41559-021-01559-0
1424,https://www.nature.com/articles/s41559-021-01561-6
1425,https://www.nature.com/articles/s41559-021-01562-5
1426,https://www.nature.com/articles/s41559-021-01558-1
1427,https://www.nature.com/articles/s41559-021-01560-7
1428,https://www.nature.com/articles/s41559-021-01556-3
1429,https://www.nature.com/articles/s41559-021-01551-8
1430,https://www.nature.com/articles/s41559-021-01571-4
1431,https://www.nature.com/articles/s41559-021-01569-y
1432,https://www.nature.com/articles/s41559-021-01547-4
1433,https://www.nature.com/articles/s41559-021-01553-6
1434,https://www.nature.com/articles/s41559-021-01550-9
1435,https://www.nature.com/articles/s41559-021-01541-w
1436,https://www.nature.com/articles/s41559-021-01563-4
1437,https://www.nature.com/articles/s41559-021-01548-3
1438,https://www.nature.com/articles/s41559-021-01546-5
1439,https://www.nature.com/articles/s41559-021-01543-8
1440,https://www.nature.com/articles/s41928-021-00655-0
1441,https://www.nature.com/articles/s41928-021-00649-y
1442,https://www.nature.com/articles/s41928-021-00659-w
1443,https://www.nature.com/articles/s41928-021-00648-z
1444,https://www.nature.com/articles/s41928-021-00652-3
1445,https://www.nature.com/articles/s41928-021-00650-5
1446,https://www.nature.com/articles/s41928-021-00651-4
1447,https://www.nature.com/articles/s41928-021-00654-1
1448,https://www.nature.com/articles/s41928-021-00647-0
1449,https://www.nature.com/articles/s41928-021-00640-7
1450,https://www.nature.com/articles/s41928-021-00643-4
1451,https://www.nature.com/articles/s41928-021-00646-1
1452,https://www.nature.com/articles/s41928-021-00644-3
1453,https://www.nature.com/articles/s41928-021-00641-6
1454,https://www.nature.com/articles/s41928-021-00645-2
1455,https://www.nature.com/articles/s41928-021-00633-6
1456,https://www.nature.com/articles/s41928-021-00636-3
1457,https://www.nature.com/articles/s41928-021-00639-0
1458,https://www.nature.com/articles/s41928-021-00638-1
1459,https://www.nature.com/articles/s41928-021-00642-5
1460,https://www.nature.com/articles/s41560-021-00902-w
1461,https://www.nature.com/articles/s41560-021-00898-3
1462,https://www.nature.com/articles/s41560-021-00900-y
1463,https://www.nature.com/articles/s41560-021-00892-9
1464,https://www.nature.com/articles/s41560-021-00860-3
1465,https://www.nature.com/articles/s41560-021-00883-w
1466,https://www.nature.com/articles/s41560-021-00899-2
1467,https://www.nature.com/articles/s41560-021-00873-y
1468,https://www.nature.com/articles/s41560-021-00905-7
1469,https://www.nature.com/articles/s41560-021-00887-6
1470,https://www.nature.com/articles/s41560-021-00888-5
1471,https://www.nature.com/articles/s41560-021-00886-7
1472,https://www.nature.com/articles/s41560-021-00906-6
1473,https://www.nature.com/articles/s41560-021-00908-4
1474,https://www.nature.com/articles/s41560-021-00903-9
1475,https://www.nature.com/articles/s41560-021-00901-x
1476,https://www.nature.com/articles/s41560-021-00891-w
1477,https://www.nature.com/articles/s41560-021-00894-7
1478,https://www.nature.com/articles/s41560-021-00895-6
1479,https://www.nature.com/articles/s41560-021-00893-8
