,CLOSE_NAME,NOT_PUBLIC_LINK
0,Acta Pharmacologica Sinica,https://www.nature.com/articles/s41401-021-00778-2
1,Acta Pharmacologica Sinica,https://www.nature.com/articles/s41401-021-00778-2
2,Acta Pharmacologica Sinica,https://www.nature.com/articles/s41401-021-00776-4
3,Acta Pharmacologica Sinica,https://www.nature.com/articles/s41401-021-00776-4
4,Acta Pharmacologica Sinica,https://www.nature.com/articles/s41401-021-00774-6
5,Acta Pharmacologica Sinica,https://www.nature.com/articles/s41401-021-00774-6
6,Acta Pharmacologica Sinica,https://www.nature.com/articles/s41401-021-00766-6
7,Acta Pharmacologica Sinica,https://www.nature.com/articles/s41401-021-00766-6
8,Acta Pharmacologica Sinica,https://www.nature.com/articles/s41401-021-00768-4
9,Acta Pharmacologica Sinica,https://www.nature.com/articles/s41401-021-00768-4
10,Acta Pharmacologica Sinica,https://www.nature.com/articles/s41401-021-00755-9
11,Acta Pharmacologica Sinica,https://www.nature.com/articles/s41401-021-00755-9
12,Acta Pharmacologica Sinica,https://www.nature.com/articles/s41401-021-00760-y
13,Acta Pharmacologica Sinica,https://www.nature.com/articles/s41401-021-00760-y
14,Acta Pharmacologica Sinica,https://www.nature.com/articles/s41401-021-00763-9
15,Acta Pharmacologica Sinica,https://www.nature.com/articles/s41401-021-00763-9
16,Acta Pharmacologica Sinica,https://www.nature.com/articles/s41401-021-00765-7
17,Acta Pharmacologica Sinica,https://www.nature.com/articles/s41401-021-00765-7
18,Acta Pharmacologica Sinica,https://www.nature.com/articles/s41401-021-00767-5
19,Acta Pharmacologica Sinica,https://www.nature.com/articles/s41401-021-00767-5
20,Acta Pharmacologica Sinica,https://www.nature.com/articles/s41401-021-00761-x
21,Acta Pharmacologica Sinica,https://www.nature.com/articles/s41401-021-00761-x
22,BDJ Student,https://www.nature.com/articles/s41406-021-0232-4
23,BDJ Student,https://www.nature.com/articles/s41406-021-0232-4
24,BDJ Student,https://www.nature.com/articles/s41406-021-0228-0
25,BDJ Student,https://www.nature.com/articles/s41406-021-0228-0
26,BDJ Student,https://www.nature.com/articles/s41406-021-0248-9
27,BDJ Student,https://www.nature.com/articles/s41406-021-0248-9
28,BDJ Student,https://www.nature.com/articles/s41406-021-0260-0
29,BDJ Student,https://www.nature.com/articles/s41406-021-0260-0
30,BDJ Student,https://www.nature.com/articles/s41406-021-0244-0
31,BDJ Student,https://www.nature.com/articles/s41406-021-0244-0
32,Bone Marrow Transplantation,https://www.nature.com/articles/s41409-021-01494-5
33,Bone Marrow Transplantation,https://www.nature.com/articles/s41409-021-01494-5
34,Bone Marrow Transplantation,https://www.nature.com/articles/s41409-021-01478-5
35,Bone Marrow Transplantation,https://www.nature.com/articles/s41409-021-01478-5
36,Bone Marrow Transplantation,https://www.nature.com/articles/s41409-021-01479-4
37,Bone Marrow Transplantation,https://www.nature.com/articles/s41409-021-01479-4
38,Bone Marrow Transplantation,https://www.nature.com/articles/s41409-021-01491-8
39,Bone Marrow Transplantation,https://www.nature.com/articles/s41409-021-01491-8
40,Bone Marrow Transplantation,https://www.nature.com/articles/s41409-021-01486-5
41,Bone Marrow Transplantation,https://www.nature.com/articles/s41409-021-01486-5
42,Bone Marrow Transplantation,https://www.nature.com/articles/s41409-021-01485-6
43,Bone Marrow Transplantation,https://www.nature.com/articles/s41409-021-01485-6
44,Bone Marrow Transplantation,https://www.nature.com/articles/s41409-021-01482-9
45,Bone Marrow Transplantation,https://www.nature.com/articles/s41409-021-01482-9
46,Bone Marrow Transplantation,https://www.nature.com/articles/s41409-021-01464-x
47,Bone Marrow Transplantation,https://www.nature.com/articles/s41409-021-01464-x
48,Bone Marrow Transplantation,https://www.nature.com/articles/s41409-021-01484-7
49,Bone Marrow Transplantation,https://www.nature.com/articles/s41409-021-01484-7
50,Bone Marrow Transplantation,https://www.nature.com/articles/s41409-021-01285-y
51,Bone Marrow Transplantation,https://www.nature.com/articles/s41409-021-01285-y
52,Bone Marrow Transplantation,https://www.nature.com/articles/s41409-021-01455-y
53,Bone Marrow Transplantation,https://www.nature.com/articles/s41409-021-01455-y
54,Bone Marrow Transplantation,https://www.nature.com/articles/s41409-021-01481-w
55,Bone Marrow Transplantation,https://www.nature.com/articles/s41409-021-01481-w
56,Bone Marrow Transplantation,https://www.nature.com/articles/s41409-021-01468-7
57,Bone Marrow Transplantation,https://www.nature.com/articles/s41409-021-01468-7
58,British Dental Journal,https://www.nature.com/articles/s41415-021-3522-x
59,British Dental Journal,https://www.nature.com/articles/s41415-021-3522-x
60,British Journal of Cancer,https://www.nature.com/articles/s41416-021-01571-y
61,British Journal of Cancer,https://www.nature.com/articles/s41416-021-01571-y
62,British Journal of Cancer,https://www.nature.com/articles/s41416-021-01564-x
63,British Journal of Cancer,https://www.nature.com/articles/s41416-021-01564-x
64,British Journal of Cancer,https://www.nature.com/articles/s41416-021-01557-w
65,British Journal of Cancer,https://www.nature.com/articles/s41416-021-01557-w
66,British Journal of Cancer,https://www.nature.com/articles/s41416-021-01569-6
67,British Journal of Cancer,https://www.nature.com/articles/s41416-021-01569-6
68,British Journal of Cancer,https://www.nature.com/articles/s41416-021-01559-8
69,British Journal of Cancer,https://www.nature.com/articles/s41416-021-01559-8
70,British Journal of Cancer,https://www.nature.com/articles/s41416-021-01566-9
71,British Journal of Cancer,https://www.nature.com/articles/s41416-021-01566-9
72,British Journal of Cancer,https://www.nature.com/articles/s41416-021-01561-0
73,British Journal of Cancer,https://www.nature.com/articles/s41416-021-01561-0
74,British Journal of Cancer,https://www.nature.com/articles/s41416-021-01552-1
75,British Journal of Cancer,https://www.nature.com/articles/s41416-021-01552-1
76,British Journal of Cancer,https://www.nature.com/articles/s41416-021-01558-9
77,British Journal of Cancer,https://www.nature.com/articles/s41416-021-01558-9
78,British Journal of Cancer,https://www.nature.com/articles/s41416-021-01556-x
79,British Journal of Cancer,https://www.nature.com/articles/s41416-021-01556-x
80,British Journal of Cancer,https://www.nature.com/articles/s41416-021-01547-y
81,British Journal of Cancer,https://www.nature.com/articles/s41416-021-01547-y
82,British Journal of Cancer,https://www.nature.com/articles/s41416-021-01549-w
83,British Journal of Cancer,https://www.nature.com/articles/s41416-021-01549-w
84,British Journal of Cancer,https://www.nature.com/articles/s41416-021-01540-5
85,British Journal of Cancer,https://www.nature.com/articles/s41416-021-01540-5
86,Cancer Gene Therapy,https://www.nature.com/articles/s41417-021-00377-7
87,Cancer Gene Therapy,https://www.nature.com/articles/s41417-021-00377-7
88,Cancer Gene Therapy,https://www.nature.com/articles/s41417-021-00382-w
89,Cancer Gene Therapy,https://www.nature.com/articles/s41417-021-00382-w
90,Cancer Gene Therapy,https://www.nature.com/articles/s41417-021-00365-x
91,Cancer Gene Therapy,https://www.nature.com/articles/s41417-021-00365-x
92,Cancer Gene Therapy,https://www.nature.com/articles/s41417-021-00351-3
93,Cancer Gene Therapy,https://www.nature.com/articles/s41417-021-00351-3
94,Cancer Gene Therapy,https://www.nature.com/articles/s41417-021-00378-6
95,Cancer Gene Therapy,https://www.nature.com/articles/s41417-021-00378-6
96,Cancer Gene Therapy,https://www.nature.com/articles/s41417-021-00376-8
97,Cancer Gene Therapy,https://www.nature.com/articles/s41417-021-00376-8
98,Cancer Gene Therapy,https://www.nature.com/articles/s41417-021-00375-9
99,Cancer Gene Therapy,https://www.nature.com/articles/s41417-021-00375-9
100,Cancer Gene Therapy,https://www.nature.com/articles/s41417-021-00373-x
101,Cancer Gene Therapy,https://www.nature.com/articles/s41417-021-00373-x
102,Cancer Gene Therapy,https://www.nature.com/articles/s41417-021-00372-y
103,Cancer Gene Therapy,https://www.nature.com/articles/s41417-021-00372-y
104,Cell Death & Differentiation,https://www.nature.com/articles/s41418-021-00888-8
105,Cell Death & Differentiation,https://www.nature.com/articles/s41418-021-00888-8
106,Cell Death & Differentiation,https://www.nature.com/articles/s41418-021-00881-1
107,Cell Death & Differentiation,https://www.nature.com/articles/s41418-021-00881-1
108,Cell Death & Differentiation,https://www.nature.com/articles/s41418-021-00877-x
109,Cell Death & Differentiation,https://www.nature.com/articles/s41418-021-00877-x
110,Cell Death & Differentiation,https://www.nature.com/articles/s41418-021-00884-y
111,Cell Death & Differentiation,https://www.nature.com/articles/s41418-021-00884-y
112,Cell Death & Differentiation,https://www.nature.com/articles/s41418-021-00882-0
113,Cell Death & Differentiation,https://www.nature.com/articles/s41418-021-00882-0
114,Cell Death & Differentiation,https://www.nature.com/articles/s41418-021-00879-9
115,Cell Death & Differentiation,https://www.nature.com/articles/s41418-021-00879-9
116,Cell Death & Differentiation,https://www.nature.com/articles/s41418-021-00876-y
117,Cell Death & Differentiation,https://www.nature.com/articles/s41418-021-00876-y
118,Cell Death & Differentiation,https://www.nature.com/articles/s41418-021-00872-2
119,Cell Death & Differentiation,https://www.nature.com/articles/s41418-021-00872-2
120,Cell Death & Differentiation,https://www.nature.com/articles/s41418-021-00874-0
121,Cell Death & Differentiation,https://www.nature.com/articles/s41418-021-00874-0
122,Cell Death & Differentiation,https://www.nature.com/articles/s41418-021-00873-1
123,Cell Death & Differentiation,https://www.nature.com/articles/s41418-021-00873-1
124,Cell Death & Differentiation,https://www.nature.com/articles/s41418-021-00870-4
125,Cell Death & Differentiation,https://www.nature.com/articles/s41418-021-00870-4
126,Cell Death & Differentiation,https://www.nature.com/articles/s41418-021-00867-z
127,Cell Death & Differentiation,https://www.nature.com/articles/s41418-021-00867-z
128,Cell Death & Differentiation,https://www.nature.com/articles/s41418-021-00865-1
129,Cell Death & Differentiation,https://www.nature.com/articles/s41418-021-00865-1
130,Cell Research,https://www.nature.com/articles/s41422-021-00565-y
131,Cell Research,https://www.nature.com/articles/s41422-021-00565-y
132,Cell Research,https://www.nature.com/articles/s41422-021-00567-w
133,Cell Research,https://www.nature.com/articles/s41422-021-00567-w
134,Cell Research,https://www.nature.com/articles/s41422-021-00561-2
135,Cell Research,https://www.nature.com/articles/s41422-021-00561-2
136,Cell Research,https://www.nature.com/articles/s41422-021-00557-y
137,Cell Research,https://www.nature.com/articles/s41422-021-00557-y
138,Cellular & Molecular Immunology,https://www.nature.com/articles/s41423-021-00775-9
139,Cellular & Molecular Immunology,https://www.nature.com/articles/s41423-021-00775-9
140,Cellular & Molecular Immunology,https://www.nature.com/articles/s41423-021-00763-z
141,Cellular & Molecular Immunology,https://www.nature.com/articles/s41423-021-00763-z
142,Cellular & Molecular Immunology,https://www.nature.com/articles/s41423-021-00764-y
143,Cellular & Molecular Immunology,https://www.nature.com/articles/s41423-021-00764-y
144,Cellular & Molecular Immunology,https://www.nature.com/articles/s41423-021-00770-0
145,Cellular & Molecular Immunology,https://www.nature.com/articles/s41423-021-00770-0
146,Cellular & Molecular Immunology,https://www.nature.com/articles/s41423-021-00765-x
147,Cellular & Molecular Immunology,https://www.nature.com/articles/s41423-021-00765-x
148,Cellular & Molecular Immunology,https://www.nature.com/articles/s41423-021-00766-w
149,Cellular & Molecular Immunology,https://www.nature.com/articles/s41423-021-00766-w
150,Cellular & Molecular Immunology,https://www.nature.com/articles/s41423-021-00741-5
151,Cellular & Molecular Immunology,https://www.nature.com/articles/s41423-021-00741-5
152,Cellular & Molecular Immunology,https://www.nature.com/articles/s41423-021-00760-2
153,Cellular & Molecular Immunology,https://www.nature.com/articles/s41423-021-00760-2
154,European Journal of Clinical Nutrition,https://www.nature.com/articles/s41430-021-01018-w
155,European Journal of Clinical Nutrition,https://www.nature.com/articles/s41430-021-01018-w
156,European Journal of Clinical Nutrition,https://www.nature.com/articles/s41430-021-01020-2
157,European Journal of Clinical Nutrition,https://www.nature.com/articles/s41430-021-01020-2
158,European Journal of Clinical Nutrition,https://www.nature.com/articles/s41430-021-01016-y
159,European Journal of Clinical Nutrition,https://www.nature.com/articles/s41430-021-01016-y
160,European Journal of Clinical Nutrition,https://www.nature.com/articles/s41430-021-01021-1
161,European Journal of Clinical Nutrition,https://www.nature.com/articles/s41430-021-01021-1
162,European Journal of Clinical Nutrition,https://www.nature.com/articles/s41430-021-01017-x
163,European Journal of Clinical Nutrition,https://www.nature.com/articles/s41430-021-01017-x
164,European Journal of Clinical Nutrition,https://www.nature.com/articles/s41430-021-01009-x
165,European Journal of Clinical Nutrition,https://www.nature.com/articles/s41430-021-01009-x
166,European Journal of Clinical Nutrition,https://www.nature.com/articles/s41430-021-01007-z
167,European Journal of Clinical Nutrition,https://www.nature.com/articles/s41430-021-01007-z
168,European Journal of Clinical Nutrition,https://www.nature.com/articles/s41430-021-01010-4
169,European Journal of Clinical Nutrition,https://www.nature.com/articles/s41430-021-01010-4
170,European Journal of Clinical Nutrition,https://www.nature.com/articles/s41430-021-01005-1
171,European Journal of Clinical Nutrition,https://www.nature.com/articles/s41430-021-01005-1
172,European Journal of Clinical Nutrition,https://www.nature.com/articles/s41430-021-01008-y
173,European Journal of Clinical Nutrition,https://www.nature.com/articles/s41430-021-01008-y
174,European Journal of Clinical Nutrition,https://www.nature.com/articles/s41430-021-01006-0
175,European Journal of Clinical Nutrition,https://www.nature.com/articles/s41430-021-01006-0
176,European Journal of Clinical Nutrition,https://www.nature.com/articles/s41430-021-00975-6
177,European Journal of Clinical Nutrition,https://www.nature.com/articles/s41430-021-00975-6
178,European Journal of Clinical Nutrition,https://www.nature.com/articles/s41430-021-01004-2
179,European Journal of Clinical Nutrition,https://www.nature.com/articles/s41430-021-01004-2
180,European Journal of Clinical Nutrition,https://www.nature.com/articles/s41430-021-00936-z
181,European Journal of Clinical Nutrition,https://www.nature.com/articles/s41430-021-00936-z
182,European Journal of Clinical Nutrition,https://www.nature.com/articles/s41430-021-01003-3
183,European Journal of Clinical Nutrition,https://www.nature.com/articles/s41430-021-01003-3
184,European Journal of Clinical Nutrition,https://www.nature.com/articles/s41430-021-01001-5
185,European Journal of Clinical Nutrition,https://www.nature.com/articles/s41430-021-01001-5
186,European Journal of Human Genetics,https://www.nature.com/articles/s41431-021-00973-z
187,European Journal of Human Genetics,https://www.nature.com/articles/s41431-021-00973-z
188,European Journal of Human Genetics,https://www.nature.com/articles/s41431-021-00953-3
189,European Journal of Human Genetics,https://www.nature.com/articles/s41431-021-00953-3
190,European Journal of Human Genetics,https://www.nature.com/articles/s41431-021-00963-1
191,European Journal of Human Genetics,https://www.nature.com/articles/s41431-021-00963-1
192,European Journal of Human Genetics,https://www.nature.com/articles/s41431-021-00965-z
193,European Journal of Human Genetics,https://www.nature.com/articles/s41431-021-00965-z
194,European Journal of Human Genetics,https://www.nature.com/articles/s41431-021-00960-4
195,European Journal of Human Genetics,https://www.nature.com/articles/s41431-021-00960-4
196,European Journal of Human Genetics,https://www.nature.com/articles/s41431-021-00955-1
197,European Journal of Human Genetics,https://www.nature.com/articles/s41431-021-00955-1
198,European Journal of Human Genetics,https://www.nature.com/articles/s41431-021-00956-0
199,European Journal of Human Genetics,https://www.nature.com/articles/s41431-021-00956-0
200,Evidence-Based Dentistry,https://www.nature.com/articles/s41432-021-0197-8
201,Evidence-Based Dentistry,https://www.nature.com/articles/s41432-021-0197-8
202,Evidence-Based Dentistry,https://www.nature.com/articles/s41432-021-0202-2
203,Evidence-Based Dentistry,https://www.nature.com/articles/s41432-021-0202-2
204,Evidence-Based Dentistry,https://www.nature.com/articles/s41432-021-0192-0
205,Evidence-Based Dentistry,https://www.nature.com/articles/s41432-021-0192-0
206,Evidence-Based Dentistry,https://www.nature.com/articles/s41432-021-0198-7
207,Evidence-Based Dentistry,https://www.nature.com/articles/s41432-021-0198-7
208,Evidence-Based Dentistry,https://www.nature.com/articles/s41432-021-0200-4
209,Evidence-Based Dentistry,https://www.nature.com/articles/s41432-021-0200-4
210,Evidence-Based Dentistry,https://www.nature.com/articles/s41432-021-0203-1
211,Evidence-Based Dentistry,https://www.nature.com/articles/s41432-021-0203-1
212,Evidence-Based Dentistry,https://www.nature.com/articles/s41432-021-0196-9
213,Evidence-Based Dentistry,https://www.nature.com/articles/s41432-021-0196-9
214,Evidence-Based Dentistry,https://www.nature.com/articles/s41432-021-0195-x
215,Evidence-Based Dentistry,https://www.nature.com/articles/s41432-021-0195-x
216,Evidence-Based Dentistry,https://www.nature.com/articles/s41432-021-0199-6
217,Evidence-Based Dentistry,https://www.nature.com/articles/s41432-021-0199-6
218,Evidence-Based Dentistry,https://www.nature.com/articles/s41432-021-0193-z
219,Evidence-Based Dentistry,https://www.nature.com/articles/s41432-021-0193-z
220,Evidence-Based Dentistry,https://www.nature.com/articles/s41432-021-0204-0
221,Evidence-Based Dentistry,https://www.nature.com/articles/s41432-021-0204-0
222,Evidence-Based Dentistry,https://www.nature.com/articles/s41432-021-0188-9
223,Evidence-Based Dentistry,https://www.nature.com/articles/s41432-021-0188-9
224,Eye,https://www.nature.com/articles/s41433-021-01801-w
225,Eye,https://www.nature.com/articles/s41433-021-01801-w
226,Eye,https://www.nature.com/articles/s41433-021-01790-w
227,Eye,https://www.nature.com/articles/s41433-021-01790-w
228,Eye,https://www.nature.com/articles/s41433-021-01800-x
229,Eye,https://www.nature.com/articles/s41433-021-01800-x
230,Eye,https://www.nature.com/articles/s41433-021-01796-4
231,Eye,https://www.nature.com/articles/s41433-021-01796-4
232,Eye,https://www.nature.com/articles/s41433-021-01795-5
233,Eye,https://www.nature.com/articles/s41433-021-01795-5
234,Eye,https://www.nature.com/articles/s41433-021-01792-8
235,Eye,https://www.nature.com/articles/s41433-021-01792-8
236,Eye,https://www.nature.com/articles/s41433-021-01755-z
237,Eye,https://www.nature.com/articles/s41433-021-01755-z
238,Eye,https://www.nature.com/articles/s41433-021-01779-5
239,Eye,https://www.nature.com/articles/s41433-021-01779-5
240,Eye,https://www.nature.com/articles/s41433-021-01782-w
241,Eye,https://www.nature.com/articles/s41433-021-01782-w
242,Eye,https://www.nature.com/articles/s41433-021-01758-w
243,Eye,https://www.nature.com/articles/s41433-021-01758-w
244,Eye,https://www.nature.com/articles/s41433-021-01778-6
245,Eye,https://www.nature.com/articles/s41433-021-01778-6
246,Eye,https://www.nature.com/articles/s41433-021-01772-y
247,Eye,https://www.nature.com/articles/s41433-021-01772-y
248,Gene Therapy,https://www.nature.com/articles/s41434-021-00299-x
249,Gene Therapy,https://www.nature.com/articles/s41434-021-00299-x
250,Gene Therapy,https://www.nature.com/articles/s41434-021-00296-0
251,Gene Therapy,https://www.nature.com/articles/s41434-021-00296-0
252,Gene Therapy,https://www.nature.com/articles/s41434-021-00256-8
253,Gene Therapy,https://www.nature.com/articles/s41434-021-00256-8
254,Gene Therapy,https://www.nature.com/articles/s41434-021-00297-z
255,Gene Therapy,https://www.nature.com/articles/s41434-021-00297-z
256,Gene Therapy,https://www.nature.com/articles/s41434-021-00286-2
257,Gene Therapy,https://www.nature.com/articles/s41434-021-00286-2
258,Gene Therapy,https://www.nature.com/articles/s41434-021-00294-2
259,Gene Therapy,https://www.nature.com/articles/s41434-021-00294-2
260,Gene Therapy,https://www.nature.com/articles/s41434-021-00289-z
261,Gene Therapy,https://www.nature.com/articles/s41434-021-00289-z
262,Gene Therapy,https://www.nature.com/articles/s41434-021-00285-3
263,Gene Therapy,https://www.nature.com/articles/s41434-021-00285-3
264,Gene Therapy,https://www.nature.com/articles/s41434-021-00288-0
265,Gene Therapy,https://www.nature.com/articles/s41434-021-00288-0
266,Gene Therapy,https://www.nature.com/articles/s41434-021-00278-2
267,Gene Therapy,https://www.nature.com/articles/s41434-021-00278-2
268,Gene Therapy,https://www.nature.com/articles/s41434-021-00281-7
269,Gene Therapy,https://www.nature.com/articles/s41434-021-00281-7
270,Genes & Immunity,https://www.nature.com/articles/s41435-021-00146-4
271,Genes & Immunity,https://www.nature.com/articles/s41435-021-00146-4
272,Genes & Immunity,https://www.nature.com/articles/s41435-021-00141-9
273,Genes & Immunity,https://www.nature.com/articles/s41435-021-00141-9
274,Genes & Immunity,https://www.nature.com/articles/s41435-021-00138-4
275,Genes & Immunity,https://www.nature.com/articles/s41435-021-00138-4
276,Genes & Immunity,https://www.nature.com/articles/s41435-021-00135-7
277,Genes & Immunity,https://www.nature.com/articles/s41435-021-00135-7
278,Genes & Immunity,https://www.nature.com/articles/s41435-021-00134-8
279,Genes & Immunity,https://www.nature.com/articles/s41435-021-00134-8
280,Genes & Immunity,https://www.nature.com/articles/s41435-021-00132-w
281,Genes & Immunity,https://www.nature.com/articles/s41435-021-00132-w
282,Genetics in Medicine,https://www.nature.com/articles/s41436-021-01303-w
283,Genetics in Medicine,https://www.nature.com/articles/s41436-021-01303-w
284,Genetics in Medicine,https://www.nature.com/articles/s41436-021-01286-8
285,Genetics in Medicine,https://www.nature.com/articles/s41436-021-01286-8
286,Genetics in Medicine,https://www.nature.com/articles/s41436-021-01295-7
287,Genetics in Medicine,https://www.nature.com/articles/s41436-021-01295-7
288,Genetics in Medicine,https://www.nature.com/articles/s41436-021-01301-y
289,Genetics in Medicine,https://www.nature.com/articles/s41436-021-01301-y
290,Genetics in Medicine,https://www.nature.com/articles/s41436-021-01268-w
291,Genetics in Medicine,https://www.nature.com/articles/s41436-021-01268-w
292,Genetics in Medicine,https://www.nature.com/articles/s41436-021-01291-x
293,Genetics in Medicine,https://www.nature.com/articles/s41436-021-01291-x
294,Heredity,https://www.nature.com/articles/s41437-021-00475-0
295,Heredity,https://www.nature.com/articles/s41437-021-00475-0
296,Heredity,https://www.nature.com/articles/s41437-021-00467-0
297,Heredity,https://www.nature.com/articles/s41437-021-00467-0
298,Heredity,https://www.nature.com/articles/s41437-021-00472-3
299,Heredity,https://www.nature.com/articles/s41437-021-00472-3
300,Heredity,https://www.nature.com/articles/s41437-021-00463-4
301,Heredity,https://www.nature.com/articles/s41437-021-00463-4
302,Heredity,https://www.nature.com/articles/s41437-021-00470-5
303,Heredity,https://www.nature.com/articles/s41437-021-00470-5
304,Heredity,https://www.nature.com/articles/s41437-021-00466-1
305,Heredity,https://www.nature.com/articles/s41437-021-00466-1
306,Heredity,https://www.nature.com/articles/s41437-021-00469-y
307,Heredity,https://www.nature.com/articles/s41437-021-00469-y
308,Heredity,https://www.nature.com/articles/s41437-021-00468-z
309,Heredity,https://www.nature.com/articles/s41437-021-00468-z
310,Heredity,https://www.nature.com/articles/s41437-021-00465-2
311,Heredity,https://www.nature.com/articles/s41437-021-00465-2
312,Heredity,https://www.nature.com/articles/s41437-021-00457-2
313,Heredity,https://www.nature.com/articles/s41437-021-00457-2
314,Hypertension Research,https://www.nature.com/articles/s41440-021-00775-2
315,Hypertension Research,https://www.nature.com/articles/s41440-021-00775-2
316,Hypertension Research,https://www.nature.com/articles/s41440-021-00771-6
317,Hypertension Research,https://www.nature.com/articles/s41440-021-00771-6
318,Hypertension Research,https://www.nature.com/articles/s41440-021-00772-5
319,Hypertension Research,https://www.nature.com/articles/s41440-021-00772-5
320,Hypertension Research,https://www.nature.com/articles/s41440-021-00750-x
321,Hypertension Research,https://www.nature.com/articles/s41440-021-00750-x
322,Hypertension Research,https://www.nature.com/articles/s41440-021-00733-y
323,Hypertension Research,https://www.nature.com/articles/s41440-021-00733-y
324,Hypertension Research,https://www.nature.com/articles/s41440-021-00768-1
325,Hypertension Research,https://www.nature.com/articles/s41440-021-00768-1
326,Hypertension Research,https://www.nature.com/articles/s41440-021-00736-9
327,Hypertension Research,https://www.nature.com/articles/s41440-021-00736-9
328,Hypertension Research,https://www.nature.com/articles/s41440-021-00747-6
329,Hypertension Research,https://www.nature.com/articles/s41440-021-00747-6
330,Hypertension Research,https://www.nature.com/articles/s41440-021-00727-w
331,Hypertension Research,https://www.nature.com/articles/s41440-021-00727-w
332,Hypertension Research,https://www.nature.com/articles/s41440-021-00712-3
333,Hypertension Research,https://www.nature.com/articles/s41440-021-00712-3
334,Hypertension Research,https://www.nature.com/articles/s41440-021-00734-x
335,Hypertension Research,https://www.nature.com/articles/s41440-021-00734-x
336,Hypertension Research,https://www.nature.com/articles/s41440-021-00739-6
337,Hypertension Research,https://www.nature.com/articles/s41440-021-00739-6
338,International Journal of Impotence Research,https://www.nature.com/articles/s41443-021-00474-z
339,International Journal of Impotence Research,https://www.nature.com/articles/s41443-021-00474-z
340,International Journal of Impotence Research,https://www.nature.com/articles/s41443-021-00475-y
341,International Journal of Impotence Research,https://www.nature.com/articles/s41443-021-00475-y
342,International Journal of Impotence Research,https://www.nature.com/articles/s41443-021-00472-1
343,International Journal of Impotence Research,https://www.nature.com/articles/s41443-021-00472-1
344,International Journal of Impotence Research,https://www.nature.com/articles/s41443-021-00470-3
345,International Journal of Impotence Research,https://www.nature.com/articles/s41443-021-00470-3
346,International Journal of Impotence Research,https://www.nature.com/articles/s41443-021-00469-w
347,International Journal of Impotence Research,https://www.nature.com/articles/s41443-021-00469-w
348,International Journal of Impotence Research,https://www.nature.com/articles/s41443-021-00467-y
349,International Journal of Impotence Research,https://www.nature.com/articles/s41443-021-00467-y
350,International Journal of Impotence Research,https://www.nature.com/articles/s41443-021-00465-0
351,International Journal of Impotence Research,https://www.nature.com/articles/s41443-021-00465-0
352,International Journal of Impotence Research,https://www.nature.com/articles/s41443-021-00466-z
353,International Journal of Impotence Research,https://www.nature.com/articles/s41443-021-00466-z
354,International Journal of Impotence Research,https://www.nature.com/articles/s41443-021-00464-1
355,International Journal of Impotence Research,https://www.nature.com/articles/s41443-021-00464-1
356,International Journal of Impotence Research,https://www.nature.com/articles/s41443-021-00461-4
357,International Journal of Impotence Research,https://www.nature.com/articles/s41443-021-00461-4
358,International Journal of Impotence Research,https://www.nature.com/articles/s41443-021-00463-2
359,International Journal of Impotence Research,https://www.nature.com/articles/s41443-021-00463-2
360,International Journal of Impotence Research,https://www.nature.com/articles/s41443-021-00452-5
361,International Journal of Impotence Research,https://www.nature.com/articles/s41443-021-00452-5
362,International Journal of Impotence Research,https://www.nature.com/articles/s41443-021-00460-5
363,International Journal of Impotence Research,https://www.nature.com/articles/s41443-021-00460-5
364,International Journal of Impotence Research,https://www.nature.com/articles/s41443-021-00458-z
365,International Journal of Impotence Research,https://www.nature.com/articles/s41443-021-00458-z
366,International Journal of Impotence Research,https://www.nature.com/articles/s41443-021-00449-0
367,International Journal of Impotence Research,https://www.nature.com/articles/s41443-021-00449-0
368,International Journal of Impotence Research,https://www.nature.com/articles/s41443-021-00459-y
369,International Journal of Impotence Research,https://www.nature.com/articles/s41443-021-00459-y
370,International Journal of Impotence Research,https://www.nature.com/articles/s41443-021-00456-1
371,International Journal of Impotence Research,https://www.nature.com/articles/s41443-021-00456-1
372,International Journal of Obesity,https://www.nature.com/articles/s41366-021-00978-0
373,International Journal of Obesity,https://www.nature.com/articles/s41366-021-00978-0
374,International Journal of Obesity,https://www.nature.com/articles/s41366-021-00897-0
375,International Journal of Obesity,https://www.nature.com/articles/s41366-021-00897-0
376,International Journal of Obesity,https://www.nature.com/articles/s41366-021-00974-4
377,International Journal of Obesity,https://www.nature.com/articles/s41366-021-00974-4
378,International Journal of Obesity,https://www.nature.com/articles/s41366-021-00972-6
379,International Journal of Obesity,https://www.nature.com/articles/s41366-021-00972-6
380,International Journal of Obesity,https://www.nature.com/articles/s41366-021-00967-3
381,International Journal of Obesity,https://www.nature.com/articles/s41366-021-00967-3
382,International Journal of Obesity,https://www.nature.com/articles/s41366-021-00966-4
383,International Journal of Obesity,https://www.nature.com/articles/s41366-021-00966-4
384,International Journal of Obesity,https://www.nature.com/articles/s41366-021-00969-1
385,International Journal of Obesity,https://www.nature.com/articles/s41366-021-00969-1
386,International Journal of Obesity,https://www.nature.com/articles/s41366-021-00952-w
387,International Journal of Obesity,https://www.nature.com/articles/s41366-021-00952-w
388,International Journal of Obesity,https://www.nature.com/articles/s41366-021-00954-8
389,International Journal of Obesity,https://www.nature.com/articles/s41366-021-00954-8
390,International Journal of Obesity,https://www.nature.com/articles/s41366-021-00964-6
391,International Journal of Obesity,https://www.nature.com/articles/s41366-021-00964-6
392,International Journal of Obesity,https://www.nature.com/articles/s41366-021-00963-7
393,International Journal of Obesity,https://www.nature.com/articles/s41366-021-00963-7
394,International Journal of Obesity,https://www.nature.com/articles/s41366-021-00959-3
395,International Journal of Obesity,https://www.nature.com/articles/s41366-021-00959-3
396,International Journal of Obesity,https://www.nature.com/articles/s41366-021-00962-8
397,International Journal of Obesity,https://www.nature.com/articles/s41366-021-00962-8
398,International Journal of Obesity,https://www.nature.com/articles/s41366-021-00961-9
399,International Journal of Obesity,https://www.nature.com/articles/s41366-021-00961-9
400,International Journal of Obesity Supplements,https://www.nature.com/articles/s41367-020-0015-3
401,International Journal of Obesity Supplements,https://www.nature.com/articles/s41367-020-0015-3
402,International Journal of Obesity Supplements,https://www.nature.com/articles/s41367-020-0018-0
403,International Journal of Obesity Supplements,https://www.nature.com/articles/s41367-020-0018-0
404,International Journal of Obesity Supplements,https://www.nature.com/articles/s41367-020-0016-2
405,International Journal of Obesity Supplements,https://www.nature.com/articles/s41367-020-0016-2
406,International Journal of Obesity Supplements,https://www.nature.com/articles/s41367-020-0014-4
407,International Journal of Obesity Supplements,https://www.nature.com/articles/s41367-020-0014-4
408,International Journal of Obesity Supplements,https://www.nature.com/articles/s41367-020-0019-z
409,International Journal of Obesity Supplements,https://www.nature.com/articles/s41367-020-0019-z
410,International Journal of Obesity Supplements,https://www.nature.com/articles/s41367-020-0017-1
411,International Journal of Obesity Supplements,https://www.nature.com/articles/s41367-020-0017-1
412,International Journal of Obesity Supplements,https://www.nature.com/articles/s41367-019-0009-1
413,International Journal of Obesity Supplements,https://www.nature.com/articles/s41367-019-0009-1
414,International Journal of Obesity Supplements,https://www.nature.com/articles/s41367-019-0012-6
415,International Journal of Obesity Supplements,https://www.nature.com/articles/s41367-019-0012-6
416,International Journal of Obesity Supplements,https://www.nature.com/articles/s41367-019-0008-2
417,International Journal of Obesity Supplements,https://www.nature.com/articles/s41367-019-0008-2
418,International Journal of Obesity Supplements,https://www.nature.com/articles/s41367-019-0010-8
419,International Journal of Obesity Supplements,https://www.nature.com/articles/s41367-019-0010-8
420,International Journal of Obesity Supplements,https://www.nature.com/articles/s41367-019-0011-7
421,International Journal of Obesity Supplements,https://www.nature.com/articles/s41367-019-0011-7
422,International Journal of Obesity Supplements,https://www.nature.com/articles/s41367-019-0007-3
423,International Journal of Obesity Supplements,https://www.nature.com/articles/s41367-019-0007-3
424,International Journal of Obesity Supplements,https://www.nature.com/articles/s41367-018-0001-1
425,International Journal of Obesity Supplements,https://www.nature.com/articles/s41367-018-0001-1
426,International Journal of Obesity Supplements,https://www.nature.com/articles/s41367-018-0005-x
427,International Journal of Obesity Supplements,https://www.nature.com/articles/s41367-018-0005-x
428,International Journal of Obesity Supplements,https://www.nature.com/articles/s41367-018-0002-0
429,International Journal of Obesity Supplements,https://www.nature.com/articles/s41367-018-0002-0
430,International Journal of Obesity Supplements,https://www.nature.com/articles/s41367-018-0003-z
431,International Journal of Obesity Supplements,https://www.nature.com/articles/s41367-018-0003-z
432,International Journal of Obesity Supplements,https://www.nature.com/articles/s41367-018-0006-9
433,International Journal of Obesity Supplements,https://www.nature.com/articles/s41367-018-0006-9
434,International Journal of Obesity Supplements,https://www.nature.com/articles/ijosup20161
435,International Journal of Obesity Supplements,https://www.nature.com/articles/ijosup20161
436,International Journal of Obesity Supplements,https://www.nature.com/articles/ijosup20167
437,International Journal of Obesity Supplements,https://www.nature.com/articles/ijosup20167
438,The ISME Journal,https://www.nature.com/articles/s41396-021-01133-3
439,The ISME Journal,https://www.nature.com/articles/s41396-021-01133-3
440,The ISME Journal,https://www.nature.com/articles/s41396-021-01121-7
441,The ISME Journal,https://www.nature.com/articles/s41396-021-01121-7
442,The ISME Journal,https://www.nature.com/articles/s41396-021-01131-5
443,The ISME Journal,https://www.nature.com/articles/s41396-021-01131-5
444,The ISME Journal,https://www.nature.com/articles/s41396-021-01110-w
445,The ISME Journal,https://www.nature.com/articles/s41396-021-01110-w
446,The ISME Journal,https://www.nature.com/articles/s41396-021-01122-6
447,The ISME Journal,https://www.nature.com/articles/s41396-021-01122-6
448,The ISME Journal,https://www.nature.com/articles/s41396-021-01120-8
449,The ISME Journal,https://www.nature.com/articles/s41396-021-01120-8
450,The ISME Journal,https://www.nature.com/articles/s41396-021-01114-6
451,The ISME Journal,https://www.nature.com/articles/s41396-021-01114-6
452,The ISME Journal,https://www.nature.com/articles/s41396-021-01113-7
453,The ISME Journal,https://www.nature.com/articles/s41396-021-01113-7
454,The ISME Journal,https://www.nature.com/articles/s41396-021-01112-8
455,The ISME Journal,https://www.nature.com/articles/s41396-021-01112-8
456,The ISME Journal,https://www.nature.com/articles/s41396-021-01108-4
457,The ISME Journal,https://www.nature.com/articles/s41396-021-01108-4
458,The Journal of Antibiotics,https://www.nature.com/articles/s41429-021-00478-3
459,The Journal of Antibiotics,https://www.nature.com/articles/s41429-021-00478-3
460,The Journal of Antibiotics,https://www.nature.com/articles/s41429-021-00477-4
461,The Journal of Antibiotics,https://www.nature.com/articles/s41429-021-00477-4
462,The Journal of Antibiotics,https://www.nature.com/articles/s41429-021-00474-7
463,The Journal of Antibiotics,https://www.nature.com/articles/s41429-021-00474-7
464,The Journal of Antibiotics,https://www.nature.com/articles/s41429-021-00471-w
465,The Journal of Antibiotics,https://www.nature.com/articles/s41429-021-00471-w
466,The Journal of Antibiotics,https://www.nature.com/articles/s41429-021-00473-8
467,The Journal of Antibiotics,https://www.nature.com/articles/s41429-021-00473-8
468,The Journal of Antibiotics,https://www.nature.com/articles/s41429-021-00476-5
469,The Journal of Antibiotics,https://www.nature.com/articles/s41429-021-00476-5
470,The Journal of Antibiotics,https://www.nature.com/articles/s41429-021-00468-5
471,The Journal of Antibiotics,https://www.nature.com/articles/s41429-021-00468-5
472,The Journal of Antibiotics,https://www.nature.com/articles/s41429-021-00470-x
473,The Journal of Antibiotics,https://www.nature.com/articles/s41429-021-00470-x
474,The Journal of Antibiotics,https://www.nature.com/articles/s41429-021-00475-6
475,The Journal of Antibiotics,https://www.nature.com/articles/s41429-021-00475-6
476,The Journal of Antibiotics,https://www.nature.com/articles/s41429-021-00469-4
477,The Journal of Antibiotics,https://www.nature.com/articles/s41429-021-00469-4
478,The Journal of Antibiotics,https://www.nature.com/articles/s41429-021-00459-6
479,The Journal of Antibiotics,https://www.nature.com/articles/s41429-021-00459-6
480,The Journal of Antibiotics,https://www.nature.com/articles/s41429-021-00465-8
481,The Journal of Antibiotics,https://www.nature.com/articles/s41429-021-00465-8
482,The Journal of Antibiotics,https://www.nature.com/articles/s41429-021-00463-w
483,The Journal of Antibiotics,https://www.nature.com/articles/s41429-021-00463-w
484,The Journal of Antibiotics,https://www.nature.com/articles/s41429-021-00464-9
485,The Journal of Antibiotics,https://www.nature.com/articles/s41429-021-00464-9
486,The Journal of Antibiotics,https://www.nature.com/articles/s41429-021-00466-7
487,The Journal of Antibiotics,https://www.nature.com/articles/s41429-021-00466-7
488,The Journal of Antibiotics,https://www.nature.com/articles/s41429-021-00462-x
489,The Journal of Antibiotics,https://www.nature.com/articles/s41429-021-00462-x
490,Journal of Exposure Science & Environmental Epidemiology,https://www.nature.com/articles/s41370-021-00387-5
491,Journal of Exposure Science & Environmental Epidemiology,https://www.nature.com/articles/s41370-021-00387-5
492,Journal of Exposure Science & Environmental Epidemiology,https://www.nature.com/articles/s41370-021-00383-9
493,Journal of Exposure Science & Environmental Epidemiology,https://www.nature.com/articles/s41370-021-00383-9
494,Journal of Exposure Science & Environmental Epidemiology,https://www.nature.com/articles/s41370-021-00380-y
495,Journal of Exposure Science & Environmental Epidemiology,https://www.nature.com/articles/s41370-021-00380-y
496,Journal of Exposure Science & Environmental Epidemiology,https://www.nature.com/articles/s41370-021-00377-7
497,Journal of Exposure Science & Environmental Epidemiology,https://www.nature.com/articles/s41370-021-00377-7
498,Journal of Exposure Science & Environmental Epidemiology,https://www.nature.com/articles/s41370-021-00382-w
499,Journal of Exposure Science & Environmental Epidemiology,https://www.nature.com/articles/s41370-021-00382-w
500,Journal of Exposure Science & Environmental Epidemiology,https://www.nature.com/articles/s41370-021-00374-w
501,Journal of Exposure Science & Environmental Epidemiology,https://www.nature.com/articles/s41370-021-00374-w
502,Journal of Exposure Science & Environmental Epidemiology,https://www.nature.com/articles/s41370-021-00372-y
503,Journal of Exposure Science & Environmental Epidemiology,https://www.nature.com/articles/s41370-021-00372-y
504,Journal of Exposure Science & Environmental Epidemiology,https://www.nature.com/articles/s41370-021-00373-x
505,Journal of Exposure Science & Environmental Epidemiology,https://www.nature.com/articles/s41370-021-00373-x
506,Journal of Exposure Science & Environmental Epidemiology,https://www.nature.com/articles/s41370-021-00359-9
507,Journal of Exposure Science & Environmental Epidemiology,https://www.nature.com/articles/s41370-021-00359-9
508,Journal of Exposure Science & Environmental Epidemiology,https://www.nature.com/articles/s41370-021-00371-z
509,Journal of Exposure Science & Environmental Epidemiology,https://www.nature.com/articles/s41370-021-00371-z
510,Journal of Exposure Science & Environmental Epidemiology,https://www.nature.com/articles/s41370-021-00364-y
511,Journal of Exposure Science & Environmental Epidemiology,https://www.nature.com/articles/s41370-021-00364-y
512,Journal of Exposure Science & Environmental Epidemiology,https://www.nature.com/articles/s41370-021-00363-z
513,Journal of Exposure Science & Environmental Epidemiology,https://www.nature.com/articles/s41370-021-00363-z
514,Journal of Exposure Science & Environmental Epidemiology,https://www.nature.com/articles/s41370-021-00370-0
515,Journal of Exposure Science & Environmental Epidemiology,https://www.nature.com/articles/s41370-021-00370-0
516,Journal of Human Genetics,https://www.nature.com/articles/s10038-021-00981-3
517,Journal of Human Genetics,https://www.nature.com/articles/s10038-021-00981-3
518,Journal of Human Genetics,https://www.nature.com/articles/s10038-021-00979-x
519,Journal of Human Genetics,https://www.nature.com/articles/s10038-021-00979-x
520,Journal of Human Genetics,https://www.nature.com/articles/s10038-021-00975-1
521,Journal of Human Genetics,https://www.nature.com/articles/s10038-021-00975-1
522,Journal of Human Genetics,https://www.nature.com/articles/s10038-021-00945-7
523,Journal of Human Genetics,https://www.nature.com/articles/s10038-021-00945-7
524,Journal of Human Genetics,https://www.nature.com/articles/s10038-021-00977-z
525,Journal of Human Genetics,https://www.nature.com/articles/s10038-021-00977-z
526,Journal of Human Genetics,https://www.nature.com/articles/s10038-021-00974-2
527,Journal of Human Genetics,https://www.nature.com/articles/s10038-021-00974-2
528,Journal of Human Genetics,https://www.nature.com/articles/s10038-021-00973-3
529,Journal of Human Genetics,https://www.nature.com/articles/s10038-021-00973-3
530,Journal of Human Genetics,https://www.nature.com/articles/s10038-021-00972-4
531,Journal of Human Genetics,https://www.nature.com/articles/s10038-021-00972-4
532,Journal of Human Genetics,https://www.nature.com/articles/s10038-021-00971-5
533,Journal of Human Genetics,https://www.nature.com/articles/s10038-021-00971-5
534,Journal of Human Genetics,https://www.nature.com/articles/s10038-021-00968-0
535,Journal of Human Genetics,https://www.nature.com/articles/s10038-021-00968-0
536,Journal of Human Genetics,https://www.nature.com/articles/s10038-021-00967-1
537,Journal of Human Genetics,https://www.nature.com/articles/s10038-021-00967-1
538,Journal of Human Genetics,https://www.nature.com/articles/s10038-021-00966-2
539,Journal of Human Genetics,https://www.nature.com/articles/s10038-021-00966-2
540,Journal of Human Genetics,https://www.nature.com/articles/s10038-021-00965-3
541,Journal of Human Genetics,https://www.nature.com/articles/s10038-021-00965-3
542,Journal of Human Genetics,https://www.nature.com/articles/s10038-021-00963-5
543,Journal of Human Genetics,https://www.nature.com/articles/s10038-021-00963-5
544,Journal of Human Hypertension,https://www.nature.com/articles/s41371-021-00618-0
545,Journal of Human Hypertension,https://www.nature.com/articles/s41371-021-00618-0
546,Journal of Human Hypertension,https://www.nature.com/articles/s41371-021-00613-5
547,Journal of Human Hypertension,https://www.nature.com/articles/s41371-021-00613-5
548,Journal of Human Hypertension,https://www.nature.com/articles/s41371-021-00614-4
549,Journal of Human Hypertension,https://www.nature.com/articles/s41371-021-00614-4
550,Journal of Human Hypertension,https://www.nature.com/articles/s41371-021-00603-7
551,Journal of Human Hypertension,https://www.nature.com/articles/s41371-021-00603-7
552,Journal of Human Hypertension,https://www.nature.com/articles/s41371-021-00610-8
553,Journal of Human Hypertension,https://www.nature.com/articles/s41371-021-00610-8
554,Journal of Human Hypertension,https://www.nature.com/articles/s41371-021-00609-1
555,Journal of Human Hypertension,https://www.nature.com/articles/s41371-021-00609-1
556,Journal of Human Hypertension,https://www.nature.com/articles/s41371-021-00605-5
557,Journal of Human Hypertension,https://www.nature.com/articles/s41371-021-00605-5
558,Journal of Human Hypertension,https://www.nature.com/articles/s41371-021-00594-5
559,Journal of Human Hypertension,https://www.nature.com/articles/s41371-021-00594-5
560,Journal of Human Hypertension,https://www.nature.com/articles/s41371-021-00606-4
561,Journal of Human Hypertension,https://www.nature.com/articles/s41371-021-00606-4
562,Journal of Human Hypertension,https://www.nature.com/articles/s41371-021-00604-6
563,Journal of Human Hypertension,https://www.nature.com/articles/s41371-021-00604-6
564,Journal of Human Hypertension,https://www.nature.com/articles/s41371-021-00602-8
565,Journal of Human Hypertension,https://www.nature.com/articles/s41371-021-00602-8
566,Journal of Human Hypertension,https://www.nature.com/articles/s41371-021-00599-0
567,Journal of Human Hypertension,https://www.nature.com/articles/s41371-021-00599-0
568,Journal of Perinatology,https://www.nature.com/articles/s41372-021-01223-2
569,Journal of Perinatology,https://www.nature.com/articles/s41372-021-01223-2
570,Journal of Perinatology,https://www.nature.com/articles/s41372-021-01225-0
571,Journal of Perinatology,https://www.nature.com/articles/s41372-021-01225-0
572,Journal of Perinatology,https://www.nature.com/articles/s41372-021-01222-3
573,Journal of Perinatology,https://www.nature.com/articles/s41372-021-01222-3
574,Journal of Perinatology,https://www.nature.com/articles/s41372-021-01214-3
575,Journal of Perinatology,https://www.nature.com/articles/s41372-021-01214-3
576,Journal of Perinatology,https://www.nature.com/articles/s41372-021-01215-2
577,Journal of Perinatology,https://www.nature.com/articles/s41372-021-01215-2
578,Journal of Perinatology,https://www.nature.com/articles/s41372-021-01217-0
579,Journal of Perinatology,https://www.nature.com/articles/s41372-021-01217-0
580,Journal of Perinatology,https://www.nature.com/articles/s41372-021-01207-2
581,Journal of Perinatology,https://www.nature.com/articles/s41372-021-01207-2
582,Journal of Perinatology,https://www.nature.com/articles/s41372-021-01208-1
583,Journal of Perinatology,https://www.nature.com/articles/s41372-021-01208-1
584,Journal of Perinatology,https://www.nature.com/articles/s41372-021-01209-0
585,Journal of Perinatology,https://www.nature.com/articles/s41372-021-01209-0
586,Journal of Perinatology,https://www.nature.com/articles/s41372-021-01151-1
587,Journal of Perinatology,https://www.nature.com/articles/s41372-021-01151-1
588,Journal of Perinatology,https://www.nature.com/articles/s41372-021-01205-4
589,Journal of Perinatology,https://www.nature.com/articles/s41372-021-01205-4
590,Lab Animal,https://www.nature.com/articles/s41684-021-00871-3
591,Lab Animal,https://www.nature.com/articles/s41684-021-00871-3
592,Lab Animal,https://www.nature.com/articles/s41684-021-00864-2
593,Lab Animal,https://www.nature.com/articles/s41684-021-00864-2
594,Lab Animal,https://www.nature.com/articles/s41684-021-00850-8
595,Lab Animal,https://www.nature.com/articles/s41684-021-00850-8
596,Lab Animal,https://www.nature.com/articles/s41684-021-00858-0
597,Lab Animal,https://www.nature.com/articles/s41684-021-00858-0
598,Lab Animal,https://www.nature.com/articles/s41684-021-00846-4
599,Lab Animal,https://www.nature.com/articles/s41684-021-00846-4
600,Lab Animal,https://www.nature.com/articles/s41684-021-00865-1
601,Lab Animal,https://www.nature.com/articles/s41684-021-00865-1
602,Lab Animal,https://www.nature.com/articles/s41684-021-00849-1
603,Lab Animal,https://www.nature.com/articles/s41684-021-00849-1
604,Lab Animal,https://www.nature.com/articles/s41684-021-00860-6
605,Lab Animal,https://www.nature.com/articles/s41684-021-00860-6
606,Lab Animal,https://www.nature.com/articles/s41684-021-00863-3
607,Lab Animal,https://www.nature.com/articles/s41684-021-00863-3
608,Lab Animal,https://www.nature.com/articles/s41684-021-00851-7
609,Lab Animal,https://www.nature.com/articles/s41684-021-00851-7
610,Lab Animal,https://www.nature.com/articles/s41684-021-00847-3
611,Lab Animal,https://www.nature.com/articles/s41684-021-00847-3
612,Lab Animal,https://www.nature.com/articles/s41684-021-00866-0
613,Lab Animal,https://www.nature.com/articles/s41684-021-00866-0
614,Lab Animal,https://www.nature.com/articles/s41684-021-00859-z
615,Lab Animal,https://www.nature.com/articles/s41684-021-00859-z
616,Lab Animal,https://www.nature.com/articles/s41684-021-00861-5
617,Lab Animal,https://www.nature.com/articles/s41684-021-00861-5
618,Lab Animal,https://www.nature.com/articles/s41684-021-00857-1
619,Lab Animal,https://www.nature.com/articles/s41684-021-00857-1
620,Lab Animal,https://www.nature.com/articles/s41684-021-00848-2
621,Lab Animal,https://www.nature.com/articles/s41684-021-00848-2
622,Lab Animal,https://www.nature.com/articles/s41684-021-00853-5
623,Lab Animal,https://www.nature.com/articles/s41684-021-00853-5
624,Laboratory Investigation,https://www.nature.com/articles/s41374-021-00666-7
625,Laboratory Investigation,https://www.nature.com/articles/s41374-021-00666-7
626,Laboratory Investigation,https://www.nature.com/articles/s41374-021-00670-x
627,Laboratory Investigation,https://www.nature.com/articles/s41374-021-00670-x
628,Laboratory Investigation,https://www.nature.com/articles/s41374-021-00647-w
629,Laboratory Investigation,https://www.nature.com/articles/s41374-021-00647-w
630,Laboratory Investigation,https://www.nature.com/articles/s41374-021-00662-x
631,Laboratory Investigation,https://www.nature.com/articles/s41374-021-00662-x
632,Laboratory Investigation,https://www.nature.com/articles/s41374-021-00656-9
633,Laboratory Investigation,https://www.nature.com/articles/s41374-021-00656-9
634,Laboratory Investigation,https://www.nature.com/articles/s41374-021-00668-5
635,Laboratory Investigation,https://www.nature.com/articles/s41374-021-00668-5
636,Laboratory Investigation,https://www.nature.com/articles/s41374-021-00675-6
637,Laboratory Investigation,https://www.nature.com/articles/s41374-021-00675-6
638,Laboratory Investigation,https://www.nature.com/articles/s41374-021-00661-y
639,Laboratory Investigation,https://www.nature.com/articles/s41374-021-00661-y
640,Laboratory Investigation,https://www.nature.com/articles/s41374-021-00673-8
641,Laboratory Investigation,https://www.nature.com/articles/s41374-021-00673-8
642,Laboratory Investigation,https://www.nature.com/articles/s41374-021-00667-6
643,Laboratory Investigation,https://www.nature.com/articles/s41374-021-00667-6
644,Laboratory Investigation,https://www.nature.com/articles/s41374-021-00660-z
645,Laboratory Investigation,https://www.nature.com/articles/s41374-021-00660-z
646,Laboratory Investigation,https://www.nature.com/articles/s41374-021-00665-8
647,Laboratory Investigation,https://www.nature.com/articles/s41374-021-00665-8
648,Leukemia,https://www.nature.com/articles/s41375-021-01447-3
649,Leukemia,https://www.nature.com/articles/s41375-021-01447-3
650,Leukemia,https://www.nature.com/articles/s41375-021-01438-4
651,Leukemia,https://www.nature.com/articles/s41375-021-01438-4
652,Leukemia,https://www.nature.com/articles/s41375-021-01435-7
653,Leukemia,https://www.nature.com/articles/s41375-021-01435-7
654,Leukemia,https://www.nature.com/articles/s41375-021-01439-3
655,Leukemia,https://www.nature.com/articles/s41375-021-01439-3
656,Leukemia,https://www.nature.com/articles/s41375-021-01426-8
657,Leukemia,https://www.nature.com/articles/s41375-021-01426-8
658,Leukemia,https://www.nature.com/articles/s41375-021-01427-7
659,Leukemia,https://www.nature.com/articles/s41375-021-01427-7
660,Leukemia,https://www.nature.com/articles/s41375-021-01423-x
661,Leukemia,https://www.nature.com/articles/s41375-021-01423-x
662,Leukemia,https://www.nature.com/articles/s41375-021-01428-6
663,Leukemia,https://www.nature.com/articles/s41375-021-01428-6
664,Leukemia,https://www.nature.com/articles/s41375-021-01400-4
665,Leukemia,https://www.nature.com/articles/s41375-021-01400-4
666,Leukemia Supplements,https://www.nature.com/articles/leusup20148
667,Leukemia Supplements,https://www.nature.com/articles/leusup20148
668,Leukemia Supplements,https://www.nature.com/articles/leusup20141
669,Leukemia Supplements,https://www.nature.com/articles/leusup20141
670,Leukemia Supplements,https://www.nature.com/articles/leusup20143
671,Leukemia Supplements,https://www.nature.com/articles/leusup20143
672,Leukemia Supplements,https://www.nature.com/articles/leusup201411
673,Leukemia Supplements,https://www.nature.com/articles/leusup201411
674,Leukemia Supplements,https://www.nature.com/articles/leusup20145
675,Leukemia Supplements,https://www.nature.com/articles/leusup20145
676,Leukemia Supplements,https://www.nature.com/articles/leusup201413
677,Leukemia Supplements,https://www.nature.com/articles/leusup201413
678,Leukemia Supplements,https://www.nature.com/articles/leusup20147
679,Leukemia Supplements,https://www.nature.com/articles/leusup20147
680,Leukemia Supplements,https://www.nature.com/articles/leusup201415
681,Leukemia Supplements,https://www.nature.com/articles/leusup201415
682,Leukemia Supplements,https://www.nature.com/articles/leusup20149
683,Leukemia Supplements,https://www.nature.com/articles/leusup20149
684,Leukemia Supplements,https://www.nature.com/articles/leusup20142
685,Leukemia Supplements,https://www.nature.com/articles/leusup20142
686,Leukemia Supplements,https://www.nature.com/articles/leusup20144
687,Leukemia Supplements,https://www.nature.com/articles/leusup20144
688,Leukemia Supplements,https://www.nature.com/articles/leusup201412
689,Leukemia Supplements,https://www.nature.com/articles/leusup201412
690,Leukemia Supplements,https://www.nature.com/articles/leusup201414
691,Leukemia Supplements,https://www.nature.com/articles/leusup201414
692,Leukemia Supplements,https://www.nature.com/articles/leusup20136
693,Leukemia Supplements,https://www.nature.com/articles/leusup20136
694,Leukemia Supplements,https://www.nature.com/articles/leusup20133
695,Leukemia Supplements,https://www.nature.com/articles/leusup20133
696,Leukemia Supplements,https://www.nature.com/articles/leusup20134
697,Leukemia Supplements,https://www.nature.com/articles/leusup20134
698,Modern Pathology,https://www.nature.com/articles/s41379-021-00944-1
699,Modern Pathology,https://www.nature.com/articles/s41379-021-00944-1
700,Modern Pathology,https://www.nature.com/articles/s41379-021-00934-3
701,Modern Pathology,https://www.nature.com/articles/s41379-021-00934-3
702,Modern Pathology,https://www.nature.com/articles/s41379-021-00932-5
703,Modern Pathology,https://www.nature.com/articles/s41379-021-00932-5
704,Modern Pathology,https://www.nature.com/articles/s41379-021-00909-4
705,Modern Pathology,https://www.nature.com/articles/s41379-021-00909-4
706,Modern Pathology,https://www.nature.com/articles/s41379-021-00938-z
707,Modern Pathology,https://www.nature.com/articles/s41379-021-00938-z
708,Modern Pathology,https://www.nature.com/articles/s41379-021-00929-0
709,Modern Pathology,https://www.nature.com/articles/s41379-021-00929-0
710,Modern Pathology,https://www.nature.com/articles/s41379-021-00931-6
711,Modern Pathology,https://www.nature.com/articles/s41379-021-00931-6
712,Modern Pathology,https://www.nature.com/articles/s41379-021-00924-5
713,Modern Pathology,https://www.nature.com/articles/s41379-021-00924-5
714,Modern Pathology,https://www.nature.com/articles/s41379-021-00928-1
715,Modern Pathology,https://www.nature.com/articles/s41379-021-00928-1
716,Modern Pathology,https://www.nature.com/articles/s41379-021-00936-1
717,Modern Pathology,https://www.nature.com/articles/s41379-021-00936-1
718,Modern Pathology,https://www.nature.com/articles/s41379-021-00927-2
719,Modern Pathology,https://www.nature.com/articles/s41379-021-00927-2
720,Modern Pathology,https://www.nature.com/articles/s41379-021-00937-0
721,Modern Pathology,https://www.nature.com/articles/s41379-021-00937-0
722,Modern Pathology,https://www.nature.com/articles/s41379-021-00922-7
723,Modern Pathology,https://www.nature.com/articles/s41379-021-00922-7
724,Modern Pathology,https://www.nature.com/articles/s41379-021-00896-6
725,Modern Pathology,https://www.nature.com/articles/s41379-021-00896-6
726,Molecular Psychiatry,https://www.nature.com/articles/s41380-021-01308-6
727,Molecular Psychiatry,https://www.nature.com/articles/s41380-021-01308-6
728,Molecular Psychiatry,https://www.nature.com/articles/s41380-021-01297-6
729,Molecular Psychiatry,https://www.nature.com/articles/s41380-021-01297-6
730,Molecular Psychiatry,https://www.nature.com/articles/s41380-021-01292-x
731,Molecular Psychiatry,https://www.nature.com/articles/s41380-021-01292-x
732,Molecular Psychiatry,https://www.nature.com/articles/s41380-021-01293-w
733,Molecular Psychiatry,https://www.nature.com/articles/s41380-021-01293-w
734,Molecular Psychiatry,https://www.nature.com/articles/s41380-021-01296-7
735,Molecular Psychiatry,https://www.nature.com/articles/s41380-021-01296-7
736,Mucosal Immunology,https://www.nature.com/articles/s41385-021-00457-9
737,Mucosal Immunology,https://www.nature.com/articles/s41385-021-00457-9
738,Mucosal Immunology,https://www.nature.com/articles/s41385-021-00458-8
739,Mucosal Immunology,https://www.nature.com/articles/s41385-021-00458-8
740,Mucosal Immunology,https://www.nature.com/articles/s41385-021-00453-z
741,Mucosal Immunology,https://www.nature.com/articles/s41385-021-00453-z
742,Mucosal Immunology,https://www.nature.com/articles/s41385-021-00454-y
743,Mucosal Immunology,https://www.nature.com/articles/s41385-021-00454-y
744,Mucosal Immunology,https://www.nature.com/articles/s41385-021-00440-4
745,Mucosal Immunology,https://www.nature.com/articles/s41385-021-00440-4
746,Mucosal Immunology,https://www.nature.com/articles/s41385-021-00438-y
747,Mucosal Immunology,https://www.nature.com/articles/s41385-021-00438-y
748,Mucosal Immunology,https://www.nature.com/articles/s41385-021-00447-x
749,Mucosal Immunology,https://www.nature.com/articles/s41385-021-00447-x
750,Nature,https://www.nature.com/articles/d41586-021-02756-4
751,Nature,https://www.nature.com/articles/d41586-021-02756-4
752,Nature,https://www.nature.com/articles/d41586-021-02643-y
753,Nature,https://www.nature.com/articles/d41586-021-02643-y
754,Nature,https://www.nature.com/articles/s41586-021-04058-1
755,Nature,https://www.nature.com/articles/s41586-021-04058-1
756,Nature,https://www.nature.com/articles/d41586-021-02745-7
757,Nature,https://www.nature.com/articles/d41586-021-02745-7
758,Nature Aging,https://www.nature.com/articles/s43587-021-00124-5
759,Nature Aging,https://www.nature.com/articles/s43587-021-00124-5
760,Nature Aging,https://www.nature.com/articles/s43587-021-00123-6
761,Nature Aging,https://www.nature.com/articles/s43587-021-00123-6
762,Nature Aging,https://www.nature.com/articles/s43587-021-00122-7
763,Nature Aging,https://www.nature.com/articles/s43587-021-00122-7
764,Nature Aging,https://www.nature.com/articles/s43587-021-00116-5
765,Nature Aging,https://www.nature.com/articles/s43587-021-00116-5
766,Nature Aging,https://www.nature.com/articles/s43587-021-00107-6
767,Nature Aging,https://www.nature.com/articles/s43587-021-00107-6
768,Nature Aging,https://www.nature.com/articles/s43587-021-00117-4
769,Nature Aging,https://www.nature.com/articles/s43587-021-00117-4
770,Nature Aging,https://www.nature.com/articles/s43587-021-00103-w
771,Nature Aging,https://www.nature.com/articles/s43587-021-00103-w
772,Nature Aging,https://www.nature.com/articles/s43587-021-00113-8
773,Nature Aging,https://www.nature.com/articles/s43587-021-00113-8
774,Nature Aging,https://www.nature.com/articles/s43587-021-00109-4
775,Nature Aging,https://www.nature.com/articles/s43587-021-00109-4
776,Nature Aging,https://www.nature.com/articles/s43587-021-00110-x
777,Nature Aging,https://www.nature.com/articles/s43587-021-00110-x
778,Nature Aging,https://www.nature.com/articles/s43587-021-00111-w
779,Nature Aging,https://www.nature.com/articles/s43587-021-00111-w
780,Nature Astronomy,https://www.nature.com/articles/s41550-021-01483-0
781,Nature Astronomy,https://www.nature.com/articles/s41550-021-01483-0
782,Nature Astronomy,https://www.nature.com/articles/s41550-021-01485-y
783,Nature Astronomy,https://www.nature.com/articles/s41550-021-01485-y
784,Nature Astronomy,https://www.nature.com/articles/s41550-021-01509-7
785,Nature Astronomy,https://www.nature.com/articles/s41550-021-01509-7
786,Nature Astronomy,https://www.nature.com/articles/s41550-021-01473-2
787,Nature Astronomy,https://www.nature.com/articles/s41550-021-01473-2
788,Nature Astronomy,https://www.nature.com/articles/s41550-021-01474-1
789,Nature Astronomy,https://www.nature.com/articles/s41550-021-01474-1
790,Nature Astronomy,https://www.nature.com/articles/s41550-021-01472-3
791,Nature Astronomy,https://www.nature.com/articles/s41550-021-01472-3
792,Nature Astronomy,https://www.nature.com/articles/s41550-021-01522-w
793,Nature Astronomy,https://www.nature.com/articles/s41550-021-01522-w
794,Nature Astronomy,https://www.nature.com/articles/s41550-021-01525-7
795,Nature Astronomy,https://www.nature.com/articles/s41550-021-01525-7
796,Nature Astronomy,https://www.nature.com/articles/s41550-021-01526-6
797,Nature Astronomy,https://www.nature.com/articles/s41550-021-01526-6
798,Nature Astronomy,https://www.nature.com/articles/s41550-021-01523-9
799,Nature Astronomy,https://www.nature.com/articles/s41550-021-01523-9
800,Nature Astronomy,https://www.nature.com/articles/s41550-021-01475-0
801,Nature Astronomy,https://www.nature.com/articles/s41550-021-01475-0
802,Nature Astronomy,https://www.nature.com/articles/s41550-021-01511-z
803,Nature Astronomy,https://www.nature.com/articles/s41550-021-01511-z
804,Nature Astronomy,https://www.nature.com/articles/s41550-021-01469-y
805,Nature Astronomy,https://www.nature.com/articles/s41550-021-01469-y
806,Nature Astronomy,https://www.nature.com/articles/s41550-021-01471-4
807,Nature Astronomy,https://www.nature.com/articles/s41550-021-01471-4
808,Nature Astronomy,https://www.nature.com/articles/s41550-021-01504-y
809,Nature Astronomy,https://www.nature.com/articles/s41550-021-01504-y
810,Nature Astronomy,https://www.nature.com/articles/s41550-021-01499-6
811,Nature Astronomy,https://www.nature.com/articles/s41550-021-01499-6
812,Nature Astronomy,https://www.nature.com/articles/s41550-021-01492-z
813,Nature Astronomy,https://www.nature.com/articles/s41550-021-01492-z
814,Nature Astronomy,https://www.nature.com/articles/s41550-021-01497-8
815,Nature Astronomy,https://www.nature.com/articles/s41550-021-01497-8
816,Nature Astronomy,https://www.nature.com/articles/s41550-021-01498-7
817,Nature Astronomy,https://www.nature.com/articles/s41550-021-01498-7
818,Nature Biomedical Engineering,https://www.nature.com/articles/s41551-021-00803-z
819,Nature Biomedical Engineering,https://www.nature.com/articles/s41551-021-00803-z
820,Nature Biomedical Engineering,https://www.nature.com/articles/s41551-021-00791-0
821,Nature Biomedical Engineering,https://www.nature.com/articles/s41551-021-00791-0
822,Nature Biomedical Engineering,https://www.nature.com/articles/s41551-021-00792-z
823,Nature Biomedical Engineering,https://www.nature.com/articles/s41551-021-00792-z
824,Nature Biomedical Engineering,https://www.nature.com/articles/s41551-021-00785-y
825,Nature Biomedical Engineering,https://www.nature.com/articles/s41551-021-00785-y
826,Nature Biomedical Engineering,https://www.nature.com/articles/s41551-021-00796-9
827,Nature Biomedical Engineering,https://www.nature.com/articles/s41551-021-00796-9
828,Nature Biomedical Engineering,https://www.nature.com/articles/s41551-021-00793-y
829,Nature Biomedical Engineering,https://www.nature.com/articles/s41551-021-00793-y
830,Nature Biomedical Engineering,https://www.nature.com/articles/s41551-021-00788-9
831,Nature Biomedical Engineering,https://www.nature.com/articles/s41551-021-00788-9
832,Nature Biomedical Engineering,https://www.nature.com/articles/s41551-021-00784-z
833,Nature Biomedical Engineering,https://www.nature.com/articles/s41551-021-00784-z
834,Nature Biomedical Engineering,https://www.nature.com/articles/s41551-021-00783-0
835,Nature Biomedical Engineering,https://www.nature.com/articles/s41551-021-00783-0
836,Nature Biomedical Engineering,https://www.nature.com/articles/s41551-021-00780-3
837,Nature Biomedical Engineering,https://www.nature.com/articles/s41551-021-00780-3
838,Nature Biomedical Engineering,https://www.nature.com/articles/s41551-021-00767-0
839,Nature Biomedical Engineering,https://www.nature.com/articles/s41551-021-00767-0
840,Nature Biomedical Engineering,https://www.nature.com/articles/s41551-021-00782-1
841,Nature Biomedical Engineering,https://www.nature.com/articles/s41551-021-00782-1
842,Nature Biomedical Engineering,https://www.nature.com/articles/s41551-021-00779-w
843,Nature Biomedical Engineering,https://www.nature.com/articles/s41551-021-00779-w
844,Nature Biotechnology,https://www.nature.com/articles/s41587-021-01101-4
845,Nature Biotechnology,https://www.nature.com/articles/s41587-021-01101-4
846,Nature Biotechnology,https://www.nature.com/articles/s41587-021-01042-y
847,Nature Biotechnology,https://www.nature.com/articles/s41587-021-01042-y
848,Nature Biotechnology,https://www.nature.com/articles/s41587-021-01038-8
849,Nature Biotechnology,https://www.nature.com/articles/s41587-021-01038-8
850,Nature Biotechnology,https://www.nature.com/articles/s41587-021-01031-1
851,Nature Biotechnology,https://www.nature.com/articles/s41587-021-01031-1
852,Nature Biotechnology,https://www.nature.com/articles/s41587-021-01082-4
853,Nature Biotechnology,https://www.nature.com/articles/s41587-021-01082-4
854,Nature Biotechnology,https://www.nature.com/articles/s41587-021-01083-3
855,Nature Biotechnology,https://www.nature.com/articles/s41587-021-01083-3
856,Nature Biotechnology,https://www.nature.com/articles/s41587-021-01090-4
857,Nature Biotechnology,https://www.nature.com/articles/s41587-021-01090-4
858,Nature Biotechnology,https://www.nature.com/articles/s41587-021-01098-w
859,Nature Biotechnology,https://www.nature.com/articles/s41587-021-01098-w
860,Nature Biotechnology,https://www.nature.com/articles/s41587-021-01096-y
861,Nature Biotechnology,https://www.nature.com/articles/s41587-021-01096-y
862,Nature Biotechnology,https://www.nature.com/articles/s41587-021-01087-z
863,Nature Biotechnology,https://www.nature.com/articles/s41587-021-01087-z
864,Nature Biotechnology,https://www.nature.com/articles/s41587-021-01097-x
865,Nature Biotechnology,https://www.nature.com/articles/s41587-021-01097-x
866,Nature Biotechnology,https://www.nature.com/articles/s41587-021-01076-2
867,Nature Biotechnology,https://www.nature.com/articles/s41587-021-01076-2
868,Nature Biotechnology,https://www.nature.com/articles/s41587-021-01086-0
869,Nature Biotechnology,https://www.nature.com/articles/s41587-021-01086-0
870,Nature Biotechnology,https://www.nature.com/articles/s41587-021-01077-1
871,Nature Biotechnology,https://www.nature.com/articles/s41587-021-01077-1
872,Nature Biotechnology,https://www.nature.com/articles/s41587-021-01071-7
873,Nature Biotechnology,https://www.nature.com/articles/s41587-021-01071-7
874,Nature Biotechnology,https://www.nature.com/articles/s41587-021-01039-7
875,Nature Biotechnology,https://www.nature.com/articles/s41587-021-01039-7
876,Nature Cancer,https://www.nature.com/articles/s43018-021-00247-z
877,Nature Cancer,https://www.nature.com/articles/s43018-021-00247-z
878,Nature Cancer,https://www.nature.com/articles/s43018-021-00249-x
879,Nature Cancer,https://www.nature.com/articles/s43018-021-00249-x
880,Nature Cancer,https://www.nature.com/articles/s43018-021-00251-3
881,Nature Cancer,https://www.nature.com/articles/s43018-021-00251-3
882,Nature Cancer,https://www.nature.com/articles/s43018-021-00257-x
883,Nature Cancer,https://www.nature.com/articles/s43018-021-00257-x
884,Nature Cancer,https://www.nature.com/articles/s43018-021-00255-z
885,Nature Cancer,https://www.nature.com/articles/s43018-021-00255-z
886,Nature Cancer,https://www.nature.com/articles/s43018-021-00244-2
887,Nature Cancer,https://www.nature.com/articles/s43018-021-00244-2
888,Nature Cancer,https://www.nature.com/articles/s43018-021-00256-y
889,Nature Cancer,https://www.nature.com/articles/s43018-021-00256-y
890,Nature Cancer,https://www.nature.com/articles/s43018-021-00245-1
891,Nature Cancer,https://www.nature.com/articles/s43018-021-00245-1
892,Nature Cancer,https://www.nature.com/articles/s43018-021-00250-4
893,Nature Cancer,https://www.nature.com/articles/s43018-021-00250-4
894,Nature Cancer,https://www.nature.com/articles/s43018-021-00248-y
895,Nature Cancer,https://www.nature.com/articles/s43018-021-00248-y
896,Nature Cancer,https://www.nature.com/articles/s43018-021-00241-5
897,Nature Cancer,https://www.nature.com/articles/s43018-021-00241-5
898,Nature Cancer,https://www.nature.com/articles/s43018-021-00238-0
899,Nature Cancer,https://www.nature.com/articles/s43018-021-00238-0
900,Nature Cancer,https://www.nature.com/articles/s43018-021-00240-6
901,Nature Cancer,https://www.nature.com/articles/s43018-021-00240-6
902,Nature Cancer,https://www.nature.com/articles/s43018-021-00232-6
903,Nature Cancer,https://www.nature.com/articles/s43018-021-00232-6
904,Nature Catalysis,https://www.nature.com/articles/s41929-021-00678-y
905,Nature Catalysis,https://www.nature.com/articles/s41929-021-00678-y
906,Nature Catalysis,https://www.nature.com/articles/s41929-021-00676-0
907,Nature Catalysis,https://www.nature.com/articles/s41929-021-00676-0
908,Nature Catalysis,https://www.nature.com/articles/s41929-021-00674-2
909,Nature Catalysis,https://www.nature.com/articles/s41929-021-00674-2
910,Nature Catalysis,https://www.nature.com/articles/s41929-021-00675-1
911,Nature Catalysis,https://www.nature.com/articles/s41929-021-00675-1
912,Nature Catalysis,https://www.nature.com/articles/s41929-021-00671-5
913,Nature Catalysis,https://www.nature.com/articles/s41929-021-00671-5
914,Nature Catalysis,https://www.nature.com/articles/s41929-021-00672-4
915,Nature Catalysis,https://www.nature.com/articles/s41929-021-00672-4
916,Nature Catalysis,https://www.nature.com/articles/s41929-021-00670-6
917,Nature Catalysis,https://www.nature.com/articles/s41929-021-00670-6
918,Nature Catalysis,https://www.nature.com/articles/s41929-021-00669-z
919,Nature Catalysis,https://www.nature.com/articles/s41929-021-00669-z
920,Nature Catalysis,https://www.nature.com/articles/s41929-021-00666-2
921,Nature Catalysis,https://www.nature.com/articles/s41929-021-00666-2
922,Nature Catalysis,https://www.nature.com/articles/s41929-021-00668-0
923,Nature Catalysis,https://www.nature.com/articles/s41929-021-00668-0
924,Nature Catalysis,https://www.nature.com/articles/s41929-021-00664-4
925,Nature Catalysis,https://www.nature.com/articles/s41929-021-00664-4
926,Nature Catalysis,https://www.nature.com/articles/s41929-021-00667-1
927,Nature Catalysis,https://www.nature.com/articles/s41929-021-00667-1
928,Nature Catalysis,https://www.nature.com/articles/s41929-021-00665-3
929,Nature Catalysis,https://www.nature.com/articles/s41929-021-00665-3
930,Nature Catalysis,https://www.nature.com/articles/s41929-021-00663-5
931,Nature Catalysis,https://www.nature.com/articles/s41929-021-00663-5
932,Nature Catalysis,https://www.nature.com/articles/s41929-021-00659-1
933,Nature Catalysis,https://www.nature.com/articles/s41929-021-00659-1
934,Nature Catalysis,https://www.nature.com/articles/s41929-021-00660-8
935,Nature Catalysis,https://www.nature.com/articles/s41929-021-00660-8
936,Nature Catalysis,https://www.nature.com/articles/s41929-021-00661-7
937,Nature Catalysis,https://www.nature.com/articles/s41929-021-00661-7
938,Nature Catalysis,https://www.nature.com/articles/s41929-021-00651-9
939,Nature Catalysis,https://www.nature.com/articles/s41929-021-00651-9
940,Nature Cell Biology,https://www.nature.com/articles/s41556-021-00770-2
941,Nature Cell Biology,https://www.nature.com/articles/s41556-021-00770-2
942,Nature Cell Biology,https://www.nature.com/articles/s41556-021-00773-z
943,Nature Cell Biology,https://www.nature.com/articles/s41556-021-00773-z
944,Nature Cell Biology,https://www.nature.com/articles/s41556-021-00771-1
945,Nature Cell Biology,https://www.nature.com/articles/s41556-021-00771-1
946,Nature Cell Biology,https://www.nature.com/articles/s41556-021-00765-z
947,Nature Cell Biology,https://www.nature.com/articles/s41556-021-00765-z
948,Nature Cell Biology,https://www.nature.com/articles/s41556-021-00763-1
949,Nature Cell Biology,https://www.nature.com/articles/s41556-021-00763-1
950,Nature Cell Biology,https://www.nature.com/articles/s41556-021-00768-w
951,Nature Cell Biology,https://www.nature.com/articles/s41556-021-00768-w
952,Nature Cell Biology,https://www.nature.com/articles/s41556-021-00769-9
953,Nature Cell Biology,https://www.nature.com/articles/s41556-021-00769-9
954,Nature Cell Biology,https://www.nature.com/articles/s41556-021-00760-4
955,Nature Cell Biology,https://www.nature.com/articles/s41556-021-00760-4
956,Nature Cell Biology,https://www.nature.com/articles/s41556-021-00764-0
957,Nature Cell Biology,https://www.nature.com/articles/s41556-021-00764-0
958,Nature Cell Biology,https://www.nature.com/articles/s41556-021-00762-2
959,Nature Cell Biology,https://www.nature.com/articles/s41556-021-00762-2
960,Nature Cell Biology,https://www.nature.com/articles/s41556-021-00767-x
961,Nature Cell Biology,https://www.nature.com/articles/s41556-021-00767-x
962,Nature Cell Biology,https://www.nature.com/articles/s41556-021-00753-3
963,Nature Cell Biology,https://www.nature.com/articles/s41556-021-00753-3
964,Nature Cell Biology,https://www.nature.com/articles/s41556-021-00754-2
965,Nature Cell Biology,https://www.nature.com/articles/s41556-021-00754-2
966,Nature Chemical Biology,https://www.nature.com/articles/s41589-021-00881-9
967,Nature Chemical Biology,https://www.nature.com/articles/s41589-021-00881-9
968,Nature Chemical Biology,https://www.nature.com/articles/s41589-021-00875-7
969,Nature Chemical Biology,https://www.nature.com/articles/s41589-021-00875-7
970,Nature Chemical Biology,https://www.nature.com/articles/s41589-021-00873-9
971,Nature Chemical Biology,https://www.nature.com/articles/s41589-021-00873-9
972,Nature Chemical Biology,https://www.nature.com/articles/s41589-021-00857-9
973,Nature Chemical Biology,https://www.nature.com/articles/s41589-021-00857-9
974,Nature Chemical Biology,https://www.nature.com/articles/s41589-021-00852-0
975,Nature Chemical Biology,https://www.nature.com/articles/s41589-021-00852-0
976,Nature Chemical Biology,https://www.nature.com/articles/s41589-021-00866-8
977,Nature Chemical Biology,https://www.nature.com/articles/s41589-021-00866-8
978,Nature Chemical Biology,https://www.nature.com/articles/s41589-021-00862-y
979,Nature Chemical Biology,https://www.nature.com/articles/s41589-021-00862-y
980,Nature Chemical Biology,https://www.nature.com/articles/s41589-021-00874-8
981,Nature Chemical Biology,https://www.nature.com/articles/s41589-021-00874-8
982,Nature Chemical Biology,https://www.nature.com/articles/s41589-021-00887-3
983,Nature Chemical Biology,https://www.nature.com/articles/s41589-021-00887-3
984,Nature Chemical Biology,https://www.nature.com/articles/s41589-021-00885-5
985,Nature Chemical Biology,https://www.nature.com/articles/s41589-021-00885-5
986,Nature Chemical Biology,https://www.nature.com/articles/s41589-021-00888-2
987,Nature Chemical Biology,https://www.nature.com/articles/s41589-021-00888-2
988,Nature Chemical Biology,https://www.nature.com/articles/s41589-021-00886-4
989,Nature Chemical Biology,https://www.nature.com/articles/s41589-021-00886-4
990,Nature Chemical Biology,https://www.nature.com/articles/s41589-021-00807-5
991,Nature Chemical Biology,https://www.nature.com/articles/s41589-021-00807-5
992,Nature Chemical Biology,https://www.nature.com/articles/s41589-021-00861-z
993,Nature Chemical Biology,https://www.nature.com/articles/s41589-021-00861-z
994,Nature Chemical Biology,https://www.nature.com/articles/s41589-021-00822-6
995,Nature Chemical Biology,https://www.nature.com/articles/s41589-021-00822-6
996,Nature Chemical Biology,https://www.nature.com/articles/s41589-021-00837-z
997,Nature Chemical Biology,https://www.nature.com/articles/s41589-021-00837-z
998,Nature Chemistry,https://www.nature.com/articles/s41557-021-00790-3
999,Nature Chemistry,https://www.nature.com/articles/s41557-021-00790-3
1000,Nature Chemistry,https://www.nature.com/articles/s41557-021-00795-y
1001,Nature Chemistry,https://www.nature.com/articles/s41557-021-00795-y
1002,Nature Chemistry,https://www.nature.com/articles/s41557-021-00777-0
1003,Nature Chemistry,https://www.nature.com/articles/s41557-021-00777-0
1004,Nature Chemistry,https://www.nature.com/articles/s41557-021-00793-0
1005,Nature Chemistry,https://www.nature.com/articles/s41557-021-00793-0
1006,Nature Chemistry,https://www.nature.com/articles/s41557-021-00784-1
1007,Nature Chemistry,https://www.nature.com/articles/s41557-021-00784-1
1008,Nature Chemistry,https://www.nature.com/articles/s41557-021-00786-z
1009,Nature Chemistry,https://www.nature.com/articles/s41557-021-00786-z
1010,Nature Chemistry,https://www.nature.com/articles/s41557-021-00783-2
1011,Nature Chemistry,https://www.nature.com/articles/s41557-021-00783-2
1012,Nature Chemistry,https://www.nature.com/articles/s41557-021-00767-2
1013,Nature Chemistry,https://www.nature.com/articles/s41557-021-00767-2
1014,Nature Chemistry,https://www.nature.com/articles/s41557-021-00782-3
1015,Nature Chemistry,https://www.nature.com/articles/s41557-021-00782-3
1016,Nature Chemistry,https://www.nature.com/articles/s41557-021-00785-0
1017,Nature Chemistry,https://www.nature.com/articles/s41557-021-00785-0
1018,Nature Chemistry,https://www.nature.com/articles/s41557-021-00780-5
1019,Nature Chemistry,https://www.nature.com/articles/s41557-021-00780-5
1020,Nature Chemistry,https://www.nature.com/articles/s41557-021-00772-5
1021,Nature Chemistry,https://www.nature.com/articles/s41557-021-00772-5
1022,Nature Climate Change,https://www.nature.com/articles/s41558-021-01171-x
1023,Nature Climate Change,https://www.nature.com/articles/s41558-021-01171-x
1024,Nature Climate Change,https://www.nature.com/articles/s41558-021-01176-6
1025,Nature Climate Change,https://www.nature.com/articles/s41558-021-01176-6
1026,Nature Climate Change,https://www.nature.com/articles/s41558-021-01174-8
1027,Nature Climate Change,https://www.nature.com/articles/s41558-021-01174-8
1028,Nature Climate Change,https://www.nature.com/articles/s41558-021-01181-9
1029,Nature Climate Change,https://www.nature.com/articles/s41558-021-01181-9
1030,Nature Climate Change,https://www.nature.com/articles/s41558-021-01166-8
1031,Nature Climate Change,https://www.nature.com/articles/s41558-021-01166-8
1032,Nature Climate Change,https://www.nature.com/articles/s41558-021-01177-5
1033,Nature Climate Change,https://www.nature.com/articles/s41558-021-01177-5
1034,Nature Climate Change,https://www.nature.com/articles/s41558-021-01178-4
1035,Nature Climate Change,https://www.nature.com/articles/s41558-021-01178-4
1036,Nature Climate Change,https://www.nature.com/articles/s41558-021-01180-w
1037,Nature Climate Change,https://www.nature.com/articles/s41558-021-01180-w
1038,Nature Climate Change,https://www.nature.com/articles/s41558-021-01179-3
1039,Nature Climate Change,https://www.nature.com/articles/s41558-021-01179-3
1040,Nature Climate Change,https://www.nature.com/articles/s41558-021-01165-9
1041,Nature Climate Change,https://www.nature.com/articles/s41558-021-01165-9
1042,Nature Climate Change,https://www.nature.com/articles/s41558-021-01169-5
1043,Nature Climate Change,https://www.nature.com/articles/s41558-021-01169-5
1044,Nature Climate Change,https://www.nature.com/articles/s41558-021-01167-7
1045,Nature Climate Change,https://www.nature.com/articles/s41558-021-01167-7
1046,Nature Climate Change,https://www.nature.com/articles/s41558-021-01162-y
1047,Nature Climate Change,https://www.nature.com/articles/s41558-021-01162-y
1048,Nature Climate Change,https://www.nature.com/articles/s41558-021-01163-x
1049,Nature Climate Change,https://www.nature.com/articles/s41558-021-01163-x
1050,Nature Climate Change,https://www.nature.com/articles/s41558-021-01160-0
1051,Nature Climate Change,https://www.nature.com/articles/s41558-021-01160-0
1052,Nature Climate Change,https://www.nature.com/articles/s41558-021-01161-z
1053,Nature Climate Change,https://www.nature.com/articles/s41558-021-01161-z
1054,Nature Climate Change,https://www.nature.com/articles/s41558-021-01140-4
1055,Nature Climate Change,https://www.nature.com/articles/s41558-021-01140-4
1056,Nature Computational Science,https://www.nature.com/articles/s43588-021-00149-1
1057,Nature Computational Science,https://www.nature.com/articles/s43588-021-00149-1
1058,Nature Computational Science,https://www.nature.com/articles/s43588-021-00151-7
1059,Nature Computational Science,https://www.nature.com/articles/s43588-021-00151-7
1060,Nature Computational Science,https://www.nature.com/articles/s43588-021-00148-2
1061,Nature Computational Science,https://www.nature.com/articles/s43588-021-00148-2
1062,Nature Computational Science,https://www.nature.com/articles/s43588-021-00150-8
1063,Nature Computational Science,https://www.nature.com/articles/s43588-021-00150-8
1064,Nature Computational Science,https://www.nature.com/articles/s43588-021-00128-6
1065,Nature Computational Science,https://www.nature.com/articles/s43588-021-00128-6
1066,Nature Computational Science,https://www.nature.com/articles/s43588-021-00129-5
1067,Nature Computational Science,https://www.nature.com/articles/s43588-021-00129-5
1068,Nature Computational Science,https://www.nature.com/articles/s43588-021-00132-w
1069,Nature Computational Science,https://www.nature.com/articles/s43588-021-00132-w
1070,Nature Computational Science,https://www.nature.com/articles/s43588-021-00131-x
1071,Nature Computational Science,https://www.nature.com/articles/s43588-021-00131-x
1072,Nature Computational Science,https://www.nature.com/articles/s43588-021-00134-8
1073,Nature Computational Science,https://www.nature.com/articles/s43588-021-00134-8
1074,Nature Computational Science,https://www.nature.com/articles/s43588-021-00135-7
1075,Nature Computational Science,https://www.nature.com/articles/s43588-021-00135-7
1076,Nature Computational Science,https://www.nature.com/articles/s43588-021-00133-9
1077,Nature Computational Science,https://www.nature.com/articles/s43588-021-00133-9
1078,Nature Ecology & Evolution,https://www.nature.com/articles/s41559-021-01567-0
1079,Nature Ecology & Evolution,https://www.nature.com/articles/s41559-021-01567-0
1080,Nature Ecology & Evolution,https://www.nature.com/articles/s41559-021-01557-2
1081,Nature Ecology & Evolution,https://www.nature.com/articles/s41559-021-01557-2
1082,Nature Ecology & Evolution,https://www.nature.com/articles/s41559-021-01555-4
1083,Nature Ecology & Evolution,https://www.nature.com/articles/s41559-021-01555-4
1084,Nature Ecology & Evolution,https://www.nature.com/articles/s41559-021-01559-0
1085,Nature Ecology & Evolution,https://www.nature.com/articles/s41559-021-01559-0
1086,Nature Ecology & Evolution,https://www.nature.com/articles/s41559-021-01561-6
1087,Nature Ecology & Evolution,https://www.nature.com/articles/s41559-021-01561-6
1088,Nature Ecology & Evolution,https://www.nature.com/articles/s41559-021-01562-5
1089,Nature Ecology & Evolution,https://www.nature.com/articles/s41559-021-01562-5
1090,Nature Ecology & Evolution,https://www.nature.com/articles/s41559-021-01558-1
1091,Nature Ecology & Evolution,https://www.nature.com/articles/s41559-021-01558-1
1092,Nature Ecology & Evolution,https://www.nature.com/articles/s41559-021-01556-3
1093,Nature Ecology & Evolution,https://www.nature.com/articles/s41559-021-01556-3
1094,Nature Ecology & Evolution,https://www.nature.com/articles/s41559-021-01551-8
1095,Nature Ecology & Evolution,https://www.nature.com/articles/s41559-021-01551-8
1096,Nature Ecology & Evolution,https://www.nature.com/articles/s41559-021-01547-4
1097,Nature Ecology & Evolution,https://www.nature.com/articles/s41559-021-01547-4
1098,Nature Ecology & Evolution,https://www.nature.com/articles/s41559-021-01553-6
1099,Nature Ecology & Evolution,https://www.nature.com/articles/s41559-021-01553-6
1100,Nature Ecology & Evolution,https://www.nature.com/articles/s41559-021-01550-9
1101,Nature Ecology & Evolution,https://www.nature.com/articles/s41559-021-01550-9
1102,Nature Ecology & Evolution,https://www.nature.com/articles/s41559-021-01548-3
1103,Nature Ecology & Evolution,https://www.nature.com/articles/s41559-021-01548-3
1104,Nature Ecology & Evolution,https://www.nature.com/articles/s41559-021-01543-8
1105,Nature Ecology & Evolution,https://www.nature.com/articles/s41559-021-01543-8
1106,Nature Electronics,https://www.nature.com/articles/s41928-021-00655-0
1107,Nature Electronics,https://www.nature.com/articles/s41928-021-00655-0
1108,Nature Electronics,https://www.nature.com/articles/s41928-021-00659-w
1109,Nature Electronics,https://www.nature.com/articles/s41928-021-00659-w
1110,Nature Electronics,https://www.nature.com/articles/s41928-021-00648-z
1111,Nature Electronics,https://www.nature.com/articles/s41928-021-00648-z
1112,Nature Electronics,https://www.nature.com/articles/s41928-021-00652-3
1113,Nature Electronics,https://www.nature.com/articles/s41928-021-00652-3
1114,Nature Electronics,https://www.nature.com/articles/s41928-021-00650-5
1115,Nature Electronics,https://www.nature.com/articles/s41928-021-00650-5
1116,Nature Electronics,https://www.nature.com/articles/s41928-021-00651-4
1117,Nature Electronics,https://www.nature.com/articles/s41928-021-00651-4
1118,Nature Electronics,https://www.nature.com/articles/s41928-021-00647-0
1119,Nature Electronics,https://www.nature.com/articles/s41928-021-00647-0
1120,Nature Electronics,https://www.nature.com/articles/s41928-021-00640-7
1121,Nature Electronics,https://www.nature.com/articles/s41928-021-00640-7
1122,Nature Electronics,https://www.nature.com/articles/s41928-021-00643-4
1123,Nature Electronics,https://www.nature.com/articles/s41928-021-00643-4
1124,Nature Electronics,https://www.nature.com/articles/s41928-021-00646-1
1125,Nature Electronics,https://www.nature.com/articles/s41928-021-00646-1
1126,Nature Electronics,https://www.nature.com/articles/s41928-021-00641-6
1127,Nature Electronics,https://www.nature.com/articles/s41928-021-00641-6
1128,Nature Electronics,https://www.nature.com/articles/s41928-021-00645-2
1129,Nature Electronics,https://www.nature.com/articles/s41928-021-00645-2
1130,Nature Electronics,https://www.nature.com/articles/s41928-021-00633-6
1131,Nature Electronics,https://www.nature.com/articles/s41928-021-00633-6
1132,Nature Electronics,https://www.nature.com/articles/s41928-021-00636-3
1133,Nature Electronics,https://www.nature.com/articles/s41928-021-00636-3
1134,Nature Electronics,https://www.nature.com/articles/s41928-021-00639-0
1135,Nature Electronics,https://www.nature.com/articles/s41928-021-00639-0
1136,Nature Electronics,https://www.nature.com/articles/s41928-021-00638-1
1137,Nature Electronics,https://www.nature.com/articles/s41928-021-00638-1
1138,Nature Energy,https://www.nature.com/articles/s41560-021-00902-w
1139,Nature Energy,https://www.nature.com/articles/s41560-021-00902-w
1140,Nature Energy,https://www.nature.com/articles/s41560-021-00898-3
1141,Nature Energy,https://www.nature.com/articles/s41560-021-00898-3
1142,Nature Energy,https://www.nature.com/articles/s41560-021-00892-9
1143,Nature Energy,https://www.nature.com/articles/s41560-021-00892-9
1144,Nature Energy,https://www.nature.com/articles/s41560-021-00860-3
1145,Nature Energy,https://www.nature.com/articles/s41560-021-00860-3
1146,Nature Energy,https://www.nature.com/articles/s41560-021-00883-w
1147,Nature Energy,https://www.nature.com/articles/s41560-021-00883-w
1148,Nature Energy,https://www.nature.com/articles/s41560-021-00899-2
1149,Nature Energy,https://www.nature.com/articles/s41560-021-00899-2
1150,Nature Energy,https://www.nature.com/articles/s41560-021-00873-y
1151,Nature Energy,https://www.nature.com/articles/s41560-021-00873-y
1152,Nature Energy,https://www.nature.com/articles/s41560-021-00905-7
1153,Nature Energy,https://www.nature.com/articles/s41560-021-00905-7
1154,Nature Energy,https://www.nature.com/articles/s41560-021-00887-6
1155,Nature Energy,https://www.nature.com/articles/s41560-021-00887-6
1156,Nature Energy,https://www.nature.com/articles/s41560-021-00886-7
1157,Nature Energy,https://www.nature.com/articles/s41560-021-00886-7
1158,Nature Energy,https://www.nature.com/articles/s41560-021-00906-6
1159,Nature Energy,https://www.nature.com/articles/s41560-021-00906-6
1160,Nature Energy,https://www.nature.com/articles/s41560-021-00908-4
1161,Nature Energy,https://www.nature.com/articles/s41560-021-00908-4
1162,Nature Energy,https://www.nature.com/articles/s41560-021-00903-9
1163,Nature Energy,https://www.nature.com/articles/s41560-021-00903-9
1164,Nature Energy,https://www.nature.com/articles/s41560-021-00901-x
1165,Nature Energy,https://www.nature.com/articles/s41560-021-00901-x
1166,Nature Energy,https://www.nature.com/articles/s41560-021-00891-w
1167,Nature Energy,https://www.nature.com/articles/s41560-021-00891-w
1168,Nature Energy,https://www.nature.com/articles/s41560-021-00894-7
1169,Nature Energy,https://www.nature.com/articles/s41560-021-00894-7
1170,Nature Energy,https://www.nature.com/articles/s41560-021-00895-6
1171,Nature Energy,https://www.nature.com/articles/s41560-021-00895-6
1172,Nature Energy,https://www.nature.com/articles/s41560-021-00893-8
1173,Nature Energy,https://www.nature.com/articles/s41560-021-00893-8
