,OPEN_NAME,OK_LINK
0,Acta Pharmacologica Sinica,https://www.nature.com/articles/s41401-021-00772-8
1,Acta Pharmacologica Sinica,https://www.nature.com/articles/s41401-021-00745-x
2,Acta Pharmacologica Sinica,https://www.nature.com/articles/s41401-021-00770-w
3,Acta Pharmacologica Sinica,https://www.nature.com/articles/s41401-021-00773-7
4,Acta Pharmacologica Sinica,https://www.nature.com/articles/s41401-021-00769-3
5,Acta Pharmacologica Sinica,https://www.nature.com/articles/s41401-021-00777-3
6,Acta Pharmacologica Sinica,https://www.nature.com/articles/s41401-021-00731-3
7,Acta Pharmacologica Sinica,https://www.nature.com/articles/s41401-021-00771-9
8,Acta Pharmacologica Sinica,https://www.nature.com/articles/s41401-021-00730-4
9,BDJ In Practice,https://www.nature.com/articles/s41404-021-0931-0
10,BDJ In Practice,https://www.nature.com/articles/s41404-021-0922-1
11,BDJ In Practice,https://www.nature.com/articles/s41404-021-0928-8
12,BDJ In Practice,https://www.nature.com/articles/s41404-021-0925-y
13,BDJ In Practice,https://www.nature.com/articles/s41404-021-0929-7
14,BDJ In Practice,https://www.nature.com/articles/s41404-021-0930-1
15,BDJ In Practice,https://www.nature.com/articles/s41404-021-0926-x
16,BDJ In Practice,https://www.nature.com/articles/s41404-021-0917-y
17,BDJ In Practice,https://www.nature.com/articles/s41404-021-0924-z
18,BDJ In Practice,https://www.nature.com/articles/s41404-021-0910-5
19,BDJ In Practice,https://www.nature.com/articles/s41404-021-0913-2
20,BDJ In Practice,https://www.nature.com/articles/s41404-021-0919-9
21,BDJ In Practice,https://www.nature.com/articles/s41404-021-0918-x
22,BDJ In Practice,https://www.nature.com/articles/s41404-021-0920-3
23,BDJ In Practice,https://www.nature.com/articles/s41404-021-0923-0
24,BDJ In Practice,https://www.nature.com/articles/s41404-021-0914-1
25,BDJ In Practice,https://www.nature.com/articles/s41404-021-0921-2
26,BDJ In Practice,https://www.nature.com/articles/s41404-021-0927-9
27,BDJ In Practice,https://www.nature.com/articles/s41404-021-0905-2
28,BDJ In Practice,https://www.nature.com/articles/s41404-021-0912-3
29,BDJ Open,https://www.nature.com/articles/s41405-021-00090-5
30,BDJ Open,https://www.nature.com/articles/s41405-021-00088-z
31,BDJ Open,https://www.nature.com/articles/s41405-021-00089-y
32,BDJ Open,https://www.nature.com/articles/s41405-021-00087-0
33,BDJ Open,https://www.nature.com/articles/s41405-021-00086-1
34,BDJ Open,https://www.nature.com/articles/s41405-021-00083-4
35,BDJ Open,https://www.nature.com/articles/s41405-021-00085-2
36,BDJ Open,https://www.nature.com/articles/s41405-021-00084-3
37,BDJ Open,https://www.nature.com/articles/s41405-021-00082-5
38,BDJ Open,https://www.nature.com/articles/s41405-021-00076-3
39,BDJ Open,https://www.nature.com/articles/s41405-021-00081-6
40,BDJ Open,https://www.nature.com/articles/s41405-021-00079-0
41,BDJ Open,https://www.nature.com/articles/s41405-021-00080-7
42,BDJ Open,https://www.nature.com/articles/s41405-021-00077-2
43,BDJ Open,https://www.nature.com/articles/s41405-021-00078-1
44,BDJ Open,https://www.nature.com/articles/s41405-021-00075-4
45,BDJ Open,https://www.nature.com/articles/s41405-021-00074-5
46,BDJ Open,https://www.nature.com/articles/s41405-021-00073-6
47,BDJ Open,https://www.nature.com/articles/s41405-021-00072-7
48,BDJ Open,https://www.nature.com/articles/s41405-021-00071-8
49,BDJ Student,https://www.nature.com/articles/s41406-021-0253-z
50,BDJ Student,https://www.nature.com/articles/s41406-021-0251-1
51,BDJ Student,https://www.nature.com/articles/s41406-021-0257-8
52,BDJ Student,https://www.nature.com/articles/s41406-021-0247-x
53,BDJ Student,https://www.nature.com/articles/s41406-021-0254-y
54,BDJ Student,https://www.nature.com/articles/s41406-021-0261-z
55,BDJ Student,https://www.nature.com/articles/s41406-021-0252-0
56,BDJ Student,https://www.nature.com/articles/s41406-021-0258-7
57,BDJ Student,https://www.nature.com/articles/s41406-021-0249-8
58,BDJ Student,https://www.nature.com/articles/s41406-021-0250-2
59,BDJ Student,https://www.nature.com/articles/s41406-021-0256-9
60,BDJ Student,https://www.nature.com/articles/s41406-021-0262-y
61,BDJ Student,https://www.nature.com/articles/s41406-021-0259-6
62,BDJ Student,https://www.nature.com/articles/s41406-021-0246-y
63,BDJ Student,https://www.nature.com/articles/s41406-021-0225-3
64,BDJ Team,https://www.nature.com/articles/s41407-021-0732-7
65,BDJ Team,https://www.nature.com/articles/s41407-021-0735-4
66,BDJ Team,https://www.nature.com/articles/s41407-021-0733-6
67,BDJ Team,https://www.nature.com/articles/s41407-021-0731-8
68,BDJ Team,https://www.nature.com/articles/s41407-021-0734-5
69,BDJ Team,https://www.nature.com/articles/s41407-021-0722-9
70,BDJ Team,https://www.nature.com/articles/s41407-021-0725-6
71,BDJ Team,https://www.nature.com/articles/s41407-021-0728-3
72,BDJ Team,https://www.nature.com/articles/s41407-021-0723-8
73,BDJ Team,https://www.nature.com/articles/s41407-021-0719-4
74,BDJ Team,https://www.nature.com/articles/s41407-021-0730-9
75,BDJ Team,https://www.nature.com/articles/s41407-021-0726-5
76,BDJ Team,https://www.nature.com/articles/s41407-021-0713-x
77,BDJ Team,https://www.nature.com/articles/s41407-021-0729-2
78,BDJ Team,https://www.nature.com/articles/s41407-021-0720-y
79,BDJ Team,https://www.nature.com/articles/s41407-021-0724-7
80,BDJ Team,https://www.nature.com/articles/s41407-021-0727-4
81,BDJ Team,https://www.nature.com/articles/s41407-021-0721-x
82,BDJ Team,https://www.nature.com/articles/s41407-021-0718-5
83,BDJ Team,https://www.nature.com/articles/s41407-021-0706-9
84,BDJ Team,https://www.nature.com/articles/s41407-021-0706-9
85,Biopharma Dealmakers,https://www.nature.com/articles/d43747-021-00146-3
86,Biopharma Dealmakers,https://www.nature.com/articles/d43747-021-00145-4
87,Biopharma Dealmakers,https://www.nature.com/articles/d43747-021-00110-1
88,Biopharma Dealmakers,https://www.nature.com/articles/d43747-021-00110-1
89,Biopharma Dealmakers,https://www.nature.com/articles/d43747-021-00107-w
90,Biopharma Dealmakers,https://www.nature.com/articles/d43747-021-00107-w
91,Biopharma Dealmakers,https://www.nature.com/articles/d43747-021-00124-9
92,Biopharma Dealmakers,https://www.nature.com/articles/d43747-021-00115-w
93,Biopharma Dealmakers,https://www.nature.com/articles/d43747-021-00122-x
94,Biopharma Dealmakers,https://www.nature.com/articles/d43747-021-00127-6
95,Biopharma Dealmakers,https://www.nature.com/articles/d43747-021-00134-7
96,Biopharma Dealmakers,https://www.nature.com/articles/d43747-021-00141-8
97,Biopharma Dealmakers,https://www.nature.com/articles/d43747-021-00113-y
98,Biopharma Dealmakers,https://www.nature.com/articles/d43747-021-00137-4
99,Biopharma Dealmakers,https://www.nature.com/articles/d43747-021-00120-z
100,Biopharma Dealmakers,https://www.nature.com/articles/d43747-021-00111-0
101,Biopharma Dealmakers,https://www.nature.com/articles/d43747-021-00125-8
102,Biopharma Dealmakers,https://www.nature.com/articles/d43747-021-00132-9
103,Biopharma Dealmakers,https://www.nature.com/articles/d43747-021-00123-w
104,Biopharma Dealmakers,https://www.nature.com/articles/d43747-021-00128-5
105,Biopharma Dealmakers,https://www.nature.com/articles/d43747-021-00130-x
106,Biopharma Dealmakers,https://www.nature.com/articles/d43747-021-00116-9
107,Blood Cancer Journal,https://www.nature.com/articles/s41408-021-00554-9
108,Blood Cancer Journal,https://www.nature.com/articles/s41408-021-00559-4
109,Blood Cancer Journal,https://www.nature.com/articles/s41408-021-00558-5
110,Blood Cancer Journal,https://www.nature.com/articles/s41408-021-00555-8
111,Blood Cancer Journal,https://www.nature.com/articles/s41408-021-00557-6
112,Blood Cancer Journal,https://www.nature.com/articles/s41408-021-00527-y
113,Blood Cancer Journal,https://www.nature.com/articles/s41408-021-00542-z
114,Blood Cancer Journal,https://www.nature.com/articles/s41408-021-00553-w
115,Blood Cancer Journal,https://www.nature.com/articles/s41408-021-00548-7
116,Blood Cancer Journal,https://www.nature.com/articles/s41408-021-00538-9
117,Blood Cancer Journal,https://www.nature.com/articles/s41408-021-00541-0
118,Blood Cancer Journal,https://www.nature.com/articles/s41408-021-00552-x
119,Blood Cancer Journal,https://www.nature.com/articles/s41408-021-00550-z
120,Blood Cancer Journal,https://www.nature.com/articles/s41408-021-00549-6
121,Blood Cancer Journal,https://www.nature.com/articles/s41408-021-00546-9
122,Blood Cancer Journal,https://www.nature.com/articles/s41408-021-00547-8
123,Blood Cancer Journal,https://www.nature.com/articles/s41408-021-00545-w
124,Blood Cancer Journal,https://www.nature.com/articles/s41408-021-00544-x
125,Blood Cancer Journal,https://www.nature.com/articles/s41408-021-00543-y
126,Blood Cancer Journal,https://www.nature.com/articles/s41408-021-00539-8
127,Bone Marrow Transplantation,https://www.nature.com/articles/s41409-021-01480-x
128,Bone Marrow Transplantation,https://www.nature.com/articles/s41409-021-01487-4
129,Bone Marrow Transplantation,https://www.nature.com/articles/s41409-021-01490-9
130,Bone Marrow Transplantation,https://www.nature.com/articles/s41409-021-01477-6
131,Bone Marrow Transplantation,https://www.nature.com/articles/s41409-021-01489-2
132,Bone Marrow Transplantation,https://www.nature.com/articles/s41409-021-01465-w
133,Bone Marrow Transplantation,https://www.nature.com/articles/s41409-021-01472-x
134,Bone Research,https://www.nature.com/articles/s41413-021-00158-w
135,Bone Research,https://www.nature.com/articles/s41413-021-00157-x
136,Bone Research,https://www.nature.com/articles/s41413-021-00164-y
137,Bone Research,https://www.nature.com/articles/s41413-021-00159-9
138,Bone Research,https://www.nature.com/articles/s41413-021-00156-y
139,Bone Research,https://www.nature.com/articles/s41413-021-00153-1
140,Bone Research,https://www.nature.com/articles/s41413-021-00163-z
141,Bone Research,https://www.nature.com/articles/s41413-021-00155-z
142,Bone Research,https://www.nature.com/articles/s41413-021-00154-0
143,Bone Research,https://www.nature.com/articles/s41413-021-00160-2
144,Bone Research,https://www.nature.com/articles/s41413-021-00151-3
145,Bone Research,https://www.nature.com/articles/s41413-021-00152-2
146,Bone Research,https://www.nature.com/articles/s41413-021-00146-0
147,Bone Research,https://www.nature.com/articles/s41413-021-00148-y
148,Bone Research,https://www.nature.com/articles/s41413-021-00150-4
149,Bone Research,https://www.nature.com/articles/s41413-021-00149-x
150,Bone Research,https://www.nature.com/articles/s41413-021-00145-1
151,Bone Research,https://www.nature.com/articles/s41413-021-00144-2
152,Bone Research,https://www.nature.com/articles/s41413-021-00142-4
153,Bone Research,https://www.nature.com/articles/s41413-021-00136-2
154,British Dental Journal,https://www.nature.com/articles/s41415-021-3543-5
155,British Dental Journal,https://www.nature.com/articles/s41415-021-3542-6
156,British Dental Journal,https://www.nature.com/articles/s41415-021-3547-1
157,British Dental Journal,https://www.nature.com/articles/s41415-021-3559-x
158,British Dental Journal,https://www.nature.com/articles/s41415-021-3534-6
159,British Dental Journal,https://www.nature.com/articles/s41415-021-3553-3
160,British Dental Journal,https://www.nature.com/articles/s41415-021-3521-y
161,British Dental Journal,https://www.nature.com/articles/s41415-021-3558-y
162,British Dental Journal,https://www.nature.com/articles/s41415-021-3541-7
163,British Dental Journal,https://www.nature.com/articles/s41415-021-3518-6
164,British Dental Journal,https://www.nature.com/articles/s41415-021-3556-0
165,British Dental Journal,https://www.nature.com/articles/s41415-021-3544-4
166,British Dental Journal,https://www.nature.com/articles/s41415-021-3549-z
167,British Dental Journal,https://www.nature.com/articles/s41415-021-3551-5
168,British Dental Journal,https://www.nature.com/articles/s41415-021-3554-2
169,British Dental Journal,https://www.nature.com/articles/s41415-021-3523-9
170,British Dental Journal,https://www.nature.com/articles/s41415-021-3519-5
171,British Dental Journal,https://www.nature.com/articles/s41415-021-3538-2
172,British Dental Journal,https://www.nature.com/articles/s41415-021-3427-8
173,British Journal of Cancer,https://www.nature.com/articles/s41416-021-01532-5
174,British Journal of Cancer,https://www.nature.com/articles/s41416-021-01565-w
175,British Journal of Cancer,https://www.nature.com/articles/s41416-021-01553-0
176,British Journal of Cancer,https://www.nature.com/articles/s41416-021-01525-4
177,British Journal of Cancer,https://www.nature.com/articles/s41416-021-01563-y
178,British Journal of Cancer,https://www.nature.com/articles/s41416-021-01555-y
179,British Journal of Cancer,https://www.nature.com/articles/s41416-021-01554-z
180,Cancer Gene Therapy,https://www.nature.com/articles/s41417-021-00384-8
181,Cancer Gene Therapy,https://www.nature.com/articles/s41417-021-00391-9
182,Cancer Gene Therapy,https://www.nature.com/articles/s41417-021-00389-3
183,Cancer Gene Therapy,https://www.nature.com/articles/s41417-021-00387-5
184,Cancer Gene Therapy,https://www.nature.com/articles/s41417-021-00386-6
185,Cancer Gene Therapy,https://www.nature.com/articles/s41417-021-00368-8
186,Cancer Gene Therapy,https://www.nature.com/articles/s41417-021-00381-x
187,Cancer Gene Therapy,https://www.nature.com/articles/s41417-021-00383-9
188,Cancer Gene Therapy,https://www.nature.com/articles/s41417-021-00374-w
189,Cancer Gene Therapy,https://www.nature.com/articles/s41417-021-00379-5
190,Cancer Gene Therapy,https://www.nature.com/articles/s41417-021-00369-7
191,Cell Death & Differentiation,https://www.nature.com/articles/s41418-021-00871-3
192,Cell Death & Differentiation,https://www.nature.com/articles/s41418-021-00885-x
193,Cell Death & Differentiation,https://www.nature.com/articles/s41418-021-00875-z
194,Cell Death & Differentiation,https://www.nature.com/articles/s41418-021-00864-2
195,Cell Death & Differentiation,https://www.nature.com/articles/s41418-021-00869-x
196,Cell Death & Differentiation,https://www.nature.com/articles/s41418-021-00866-0
197,Cell Death & Differentiation,https://www.nature.com/articles/s41418-021-00868-y
198,Cell Death & Disease,https://www.nature.com/articles/s41419-021-04227-0
199,Cell Death & Disease,https://www.nature.com/articles/s41419-021-04225-2
200,Cell Death & Disease,https://www.nature.com/articles/s41419-021-03983-3
201,Cell Death & Disease,https://www.nature.com/articles/s41419-021-04184-8
202,Cell Death & Disease,https://www.nature.com/articles/s41419-021-04234-1
203,Cell Death & Disease,https://www.nature.com/articles/s41419-021-04218-1
204,Cell Death & Disease,https://www.nature.com/articles/s41419-021-04206-5
205,Cell Death & Disease,https://www.nature.com/articles/s41419-021-04197-3
206,Cell Death & Disease,https://www.nature.com/articles/s41419-021-04188-4
207,Cell Death & Disease,https://www.nature.com/articles/s41419-021-04202-9
208,Cell Death & Disease,https://www.nature.com/articles/s41419-021-04072-1
209,Cell Death & Disease,https://www.nature.com/articles/s41419-021-04183-9
210,Cell Death & Disease,https://www.nature.com/articles/s41419-021-04201-w
211,Cell Death & Disease,https://www.nature.com/articles/s41419-021-04198-2
212,Cell Death & Disease,https://www.nature.com/articles/s41419-021-04205-6
213,Cell Death & Disease,https://www.nature.com/articles/s41419-021-04191-9
214,Cell Death & Disease,https://www.nature.com/articles/s41419-021-04213-6
215,Cell Death & Disease,https://www.nature.com/articles/s41419-021-04211-8
216,Cell Death & Disease,https://www.nature.com/articles/s41419-021-04165-x
217,Cell Death & Disease,https://www.nature.com/articles/s41419-021-04215-4
218,Cell Death Discovery,https://www.nature.com/articles/s41420-021-00681-z
219,Cell Death Discovery,https://www.nature.com/articles/s41420-021-00680-0
220,Cell Death Discovery,https://www.nature.com/articles/s41420-021-00678-8
221,Cell Death Discovery,https://www.nature.com/articles/s41420-021-00672-0
222,Cell Death Discovery,https://www.nature.com/articles/s41420-021-00673-z
223,Cell Death Discovery,https://www.nature.com/articles/s41420-021-00671-1
224,Cell Death Discovery,https://www.nature.com/articles/s41420-021-00660-4
225,Cell Death Discovery,https://www.nature.com/articles/s41420-021-00665-z
226,Cell Death Discovery,https://www.nature.com/articles/s41420-021-00666-y
227,Cell Death Discovery,https://www.nature.com/articles/s41420-021-00658-y
228,Cell Death Discovery,https://www.nature.com/articles/s41420-021-00657-z
229,Cell Death Discovery,https://www.nature.com/articles/s41420-021-00667-x
230,Cell Death Discovery,https://www.nature.com/articles/s41420-021-00659-x
231,Cell Death Discovery,https://www.nature.com/articles/s41420-021-00664-0
232,Cell Death Discovery,https://www.nature.com/articles/s41420-021-00662-2
233,Cell Death Discovery,https://www.nature.com/articles/s41420-021-00656-0
234,Cell Death Discovery,https://www.nature.com/articles/s41420-021-00655-1
235,Cell Death Discovery,https://www.nature.com/articles/s41420-021-00642-6
236,Cell Death Discovery,https://www.nature.com/articles/s41420-021-00635-5
237,Cell Death Discovery,https://www.nature.com/articles/s41420-021-00651-5
238,Cell Discovery,https://www.nature.com/articles/s41421-021-00331-9
239,Cell Discovery,https://www.nature.com/articles/s41421-021-00301-1
240,Cell Discovery,https://www.nature.com/articles/s41421-021-00303-z
241,Cell Discovery,https://www.nature.com/articles/s41421-021-00321-x
242,Cell Discovery,https://www.nature.com/articles/s41421-021-00330-w
243,Cell Discovery,https://www.nature.com/articles/s41421-021-00298-7
244,Cell Discovery,https://www.nature.com/articles/s41421-021-00299-6
245,Cell Discovery,https://www.nature.com/articles/s41421-021-00314-w
246,Cell Discovery,https://www.nature.com/articles/s41421-021-00322-w
247,Cell Discovery,https://www.nature.com/articles/s41421-021-00297-8
248,Cell Discovery,https://www.nature.com/articles/s41421-021-00320-y
249,Cell Discovery,https://www.nature.com/articles/s41421-021-00316-8
250,Cell Discovery,https://www.nature.com/articles/s41421-021-00312-y
251,Cell Discovery,https://www.nature.com/articles/s41421-021-00307-9
252,Cell Discovery,https://www.nature.com/articles/s41421-021-00319-5
253,Cell Discovery,https://www.nature.com/articles/s41421-021-00318-6
254,Cell Discovery,https://www.nature.com/articles/s41421-021-00291-0
255,Cell Discovery,https://www.nature.com/articles/s41421-021-00305-x
256,Cell Discovery,https://www.nature.com/articles/s41421-021-00310-0
257,Cell Discovery,https://www.nature.com/articles/s41421-021-00288-9
258,Cell Research,https://www.nature.com/articles/s41422-021-00579-6
259,Cell Research,https://www.nature.com/articles/s41422-021-00579-6
260,Cell Research,https://www.nature.com/articles/s41422-021-00576-9
261,Cell Research,https://www.nature.com/articles/s41422-021-00575-w
262,Cell Research,https://www.nature.com/articles/s41422-021-00570-1
263,Cell Research,https://www.nature.com/articles/s41422-021-00571-0
264,Cell Research,https://www.nature.com/articles/s41422-021-00563-0
265,Cell Research,https://www.nature.com/articles/s41422-021-00569-8
266,Cell Research,https://www.nature.com/articles/s41422-021-00562-1
267,Cell Research,https://www.nature.com/articles/s41422-021-00572-z
268,Cell Research,https://www.nature.com/articles/s41422-021-00568-9
269,Cell Research,https://www.nature.com/articles/s41422-021-00566-x
270,Cell Research,https://www.nature.com/articles/s41422-021-00564-z
271,Cell Research,https://www.nature.com/articles/s41422-021-00554-1
272,Cell Research,https://www.nature.com/articles/s41422-021-00560-3
273,Cell Research,https://www.nature.com/articles/s41422-021-00559-w
274,Cell Research,https://www.nature.com/articles/s41422-021-00558-x
275,Cellular & Molecular Immunology,https://www.nature.com/articles/s41423-021-00772-y
276,Cellular & Molecular Immunology,https://www.nature.com/articles/s41423-021-00776-8
277,Cellular & Molecular Immunology,https://www.nature.com/articles/s41423-021-00757-x
278,Cellular & Molecular Immunology,https://www.nature.com/articles/s41423-021-00771-z
279,Cellular & Molecular Immunology,https://www.nature.com/articles/s41423-021-00759-9
280,Cellular & Molecular Immunology,https://www.nature.com/articles/s41423-021-00768-8
281,Cellular & Molecular Immunology,https://www.nature.com/articles/s41423-021-00767-9
282,Cellular & Molecular Immunology,https://www.nature.com/articles/s41423-021-00769-7
283,Cellular & Molecular Immunology,https://www.nature.com/articles/s41423-021-00752-2
284,Cellular & Molecular Immunology,https://www.nature.com/articles/s41423-021-00746-0
285,Cellular & Molecular Immunology,https://www.nature.com/articles/s41423-021-00761-1
286,Cellular & Molecular Immunology,https://www.nature.com/articles/s41423-021-00743-3
287,Communications Biology,https://www.nature.com/articles/s42003-021-02699-6
288,Communications Biology,https://www.nature.com/articles/s42003-021-02668-z
289,Communications Biology,https://www.nature.com/articles/s42003-021-02683-0
290,Communications Biology,https://www.nature.com/articles/s42003-021-02671-4
291,Communications Biology,https://www.nature.com/articles/s42003-021-02709-7
292,Communications Biology,https://www.nature.com/articles/s42003-021-02681-2
293,Communications Biology,https://www.nature.com/articles/s42003-021-02711-z
294,Communications Biology,https://www.nature.com/articles/s42003-021-02679-w
295,Communications Biology,https://www.nature.com/articles/s42003-021-02686-x
296,Communications Biology,https://www.nature.com/articles/s42003-021-02707-9
297,Communications Biology,https://www.nature.com/articles/s42003-021-02665-2
298,Communications Biology,https://www.nature.com/articles/s42003-021-02693-y
299,Communications Biology,https://www.nature.com/articles/s42003-021-02705-x
300,Communications Biology,https://www.nature.com/articles/s42003-021-02675-0
301,Communications Biology,https://www.nature.com/articles/s42003-021-02689-8
302,Communications Biology,https://www.nature.com/articles/s42003-021-02682-1
303,Communications Biology,https://www.nature.com/articles/s42003-021-02703-z
304,Communications Biology,https://www.nature.com/articles/s42003-021-02670-5
305,Communications Biology,https://www.nature.com/articles/s42003-021-02701-1
306,Communications Biology,https://www.nature.com/articles/s42003-021-02673-2
307,Communications Chemistry,https://www.nature.com/articles/s42004-021-00581-4
308,Communications Chemistry,https://www.nature.com/articles/s42004-021-00573-4
309,Communications Chemistry,https://www.nature.com/articles/s42004-021-00578-z
310,Communications Chemistry,https://www.nature.com/articles/s42004-021-00568-1
311,Communications Chemistry,https://www.nature.com/articles/s42004-021-00576-1
312,Communications Chemistry,https://www.nature.com/articles/s42004-021-00575-2
313,Communications Chemistry,https://www.nature.com/articles/s42004-021-00577-0
314,Communications Chemistry,https://www.nature.com/articles/s42004-021-00569-0
315,Communications Chemistry,https://www.nature.com/articles/s42004-021-00574-3
316,Communications Chemistry,https://www.nature.com/articles/s42004-021-00562-7
317,Communications Chemistry,https://www.nature.com/articles/s42004-021-00572-5
318,Communications Chemistry,https://www.nature.com/articles/s42004-021-00571-6
319,Communications Chemistry,https://www.nature.com/articles/s42004-021-00570-7
320,Communications Chemistry,https://www.nature.com/articles/s42004-021-00567-2
321,Communications Chemistry,https://www.nature.com/articles/s42004-021-00564-5
322,Communications Chemistry,https://www.nature.com/articles/s42004-021-00566-3
323,Communications Chemistry,https://www.nature.com/articles/s42004-021-00565-4
324,Communications Chemistry,https://www.nature.com/articles/s42004-021-00563-6
325,Communications Chemistry,https://www.nature.com/articles/s42004-021-00557-4
326,Communications Chemistry,https://www.nature.com/articles/s42004-021-00560-9
327,Communications Earth & Environment,https://www.nature.com/articles/s43247-021-00283-8
328,Communications Earth & Environment,https://www.nature.com/articles/s43247-021-00285-6
329,Communications Earth & Environment,https://www.nature.com/articles/s43247-021-00287-4
330,Communications Earth & Environment,https://www.nature.com/articles/s43247-021-00280-x
331,Communications Earth & Environment,https://www.nature.com/articles/s43247-021-00276-7
332,Communications Earth & Environment,https://www.nature.com/articles/s43247-021-00279-4
333,Communications Earth & Environment,https://www.nature.com/articles/s43247-021-00275-8
334,Communications Earth & Environment,https://www.nature.com/articles/s43247-021-00278-5
335,Communications Earth & Environment,https://www.nature.com/articles/s43247-021-00274-9
336,Communications Earth & Environment,https://www.nature.com/articles/s43247-021-00277-6
337,Communications Earth & Environment,https://www.nature.com/articles/s43247-021-00269-6
338,Communications Earth & Environment,https://www.nature.com/articles/s43247-021-00255-y
339,Communications Earth & Environment,https://www.nature.com/articles/s43247-021-00270-z
340,Communications Earth & Environment,https://www.nature.com/articles/s43247-021-00273-w
341,Communications Earth & Environment,https://www.nature.com/articles/s43247-021-00238-z
342,Communications Earth & Environment,https://www.nature.com/articles/s43247-021-00272-x
343,Communications Earth & Environment,https://www.nature.com/articles/s43247-021-00271-y
344,Communications Earth & Environment,https://www.nature.com/articles/s43247-021-00281-w
345,Communications Earth & Environment,https://www.nature.com/articles/s43247-021-00266-9
346,Communications Earth & Environment,https://www.nature.com/articles/s43247-021-00263-y
347,Communications Materials,https://www.nature.com/articles/s43246-021-00208-0
348,Communications Materials,https://www.nature.com/articles/s43246-021-00206-2
349,Communications Materials,https://www.nature.com/articles/s43246-021-00205-3
350,Communications Materials,https://www.nature.com/articles/s43246-021-00200-8
351,Communications Materials,https://www.nature.com/articles/s43246-021-00201-7
352,Communications Materials,https://www.nature.com/articles/s43246-021-00204-4
353,Communications Materials,https://www.nature.com/articles/s43246-021-00203-5
354,Communications Materials,https://www.nature.com/articles/s43246-021-00202-6
355,Communications Materials,https://www.nature.com/articles/s43246-021-00199-y
356,Communications Materials,https://www.nature.com/articles/s43246-021-00197-0
357,Communications Materials,https://www.nature.com/articles/s43246-021-00189-0
358,Communications Materials,https://www.nature.com/articles/s43246-021-00198-z
359,Communications Materials,https://www.nature.com/articles/s43246-021-00194-3
360,Communications Materials,https://www.nature.com/articles/s43246-021-00188-1
361,Communications Materials,https://www.nature.com/articles/s43246-021-00196-1
362,Communications Materials,https://www.nature.com/articles/s43246-021-00195-2
363,Communications Materials,https://www.nature.com/articles/s43246-021-00193-4
364,Communications Materials,https://www.nature.com/articles/s43246-021-00190-7
365,Communications Materials,https://www.nature.com/articles/s43246-021-00192-5
366,Communications Materials,https://www.nature.com/articles/s43246-021-00191-6
367,Communications Medicine,https://www.nature.com/articles/s43856-021-00036-w
368,Communications Medicine,https://www.nature.com/articles/s43856-021-00037-9
369,Communications Medicine,https://www.nature.com/articles/s43856-021-00033-z
370,Communications Medicine,https://www.nature.com/articles/s43856-021-00035-x
371,Communications Medicine,https://www.nature.com/articles/s43856-021-00034-y
372,Communications Medicine,https://www.nature.com/articles/s43856-021-00032-0
373,Communications Medicine,https://www.nature.com/articles/s43856-021-00031-1
374,Communications Medicine,https://www.nature.com/articles/s43856-021-00027-x
375,Communications Medicine,https://www.nature.com/articles/s43856-021-00024-0
376,Communications Medicine,https://www.nature.com/articles/s43856-021-00029-9
377,Communications Medicine,https://www.nature.com/articles/s43856-021-00026-y
378,Communications Medicine,https://www.nature.com/articles/s43856-021-00030-2
379,Communications Medicine,https://www.nature.com/articles/s43856-021-00028-w
380,Communications Medicine,https://www.nature.com/articles/s43856-021-00025-z
381,Communications Medicine,https://www.nature.com/articles/s43856-021-00023-1
382,Communications Medicine,https://www.nature.com/articles/s43856-021-00022-2
383,Communications Medicine,https://www.nature.com/articles/s43856-021-00021-3
384,Communications Medicine,https://www.nature.com/articles/s43856-021-00019-x
385,Communications Medicine,https://www.nature.com/articles/s43856-021-00020-4
386,Communications Medicine,https://www.nature.com/articles/s43856-021-00017-z
387,Communications Physics,https://www.nature.com/articles/s42005-021-00729-7
388,Communications Physics,https://www.nature.com/articles/s42005-021-00722-0
389,Communications Physics,https://www.nature.com/articles/s42005-021-00723-z
390,Communications Physics,https://www.nature.com/articles/s42005-021-00724-y
391,Communications Physics,https://www.nature.com/articles/s42005-021-00728-8
392,Communications Physics,https://www.nature.com/articles/s42005-021-00719-9
393,Communications Physics,https://www.nature.com/articles/s42005-021-00726-w
394,Communications Physics,https://www.nature.com/articles/s42005-021-00721-1
395,Communications Physics,https://www.nature.com/articles/s42005-021-00710-4
396,Communications Physics,https://www.nature.com/articles/s42005-021-00712-2
397,Communications Physics,https://www.nature.com/articles/s42005-021-00718-w
398,Communications Physics,https://www.nature.com/articles/s42005-021-00711-3
399,Communications Physics,https://www.nature.com/articles/s42005-021-00717-x
400,Communications Physics,https://www.nature.com/articles/s42005-021-00715-z
401,Communications Physics,https://www.nature.com/articles/s42005-021-00702-4
402,Communications Physics,https://www.nature.com/articles/s42005-021-00716-y
403,Communications Physics,https://www.nature.com/articles/s42005-021-00720-2
404,Communications Physics,https://www.nature.com/articles/s42005-021-00714-0
405,Communications Physics,https://www.nature.com/articles/s42005-021-00713-1
406,Communications Physics,https://www.nature.com/articles/s42005-021-00700-6
407,European Journal of Clinical Nutrition,https://www.nature.com/articles/s41430-021-00991-6
408,European Journal of Clinical Nutrition,https://www.nature.com/articles/s41430-021-01000-6
409,European Journal of Clinical Nutrition,https://www.nature.com/articles/s41430-021-00995-2
410,European Journal of Clinical Nutrition,https://www.nature.com/articles/s41430-021-00993-4
411,European Journal of Human Genetics,https://www.nature.com/articles/s41431-021-00967-x
412,European Journal of Human Genetics,https://www.nature.com/articles/s41431-021-00972-0
413,European Journal of Human Genetics,https://www.nature.com/articles/s41431-021-00979-7
414,European Journal of Human Genetics,https://www.nature.com/articles/s41431-021-00975-x
415,European Journal of Human Genetics,https://www.nature.com/articles/s41431-021-00970-2
416,European Journal of Human Genetics,https://www.nature.com/articles/s41431-021-00974-y
417,European Journal of Human Genetics,https://www.nature.com/articles/s41431-021-00971-1
418,European Journal of Human Genetics,https://www.nature.com/articles/s41431-021-00971-1
419,European Journal of Human Genetics,https://www.nature.com/articles/s41431-021-00969-9
420,European Journal of Human Genetics,https://www.nature.com/articles/s41431-021-00962-2
421,European Journal of Human Genetics,https://www.nature.com/articles/s41431-021-00959-x
422,European Journal of Human Genetics,https://www.nature.com/articles/s41431-021-00958-y
423,European Journal of Human Genetics,https://www.nature.com/articles/s41431-021-00957-z
424,European Journal of Human Genetics,https://www.nature.com/articles/s41431-021-00954-2
425,Evidence-Based Dentistry,https://www.nature.com/articles/s41432-021-0189-8
426,Evidence-Based Dentistry,https://www.nature.com/articles/s41432-021-0191-1
427,Evidence-Based Dentistry,https://www.nature.com/articles/s41432-021-0191-1
428,Evidence-Based Dentistry,https://www.nature.com/articles/s41432-021-0194-y
429,Evidence-Based Dentistry,https://www.nature.com/articles/s41432-021-0194-y
430,Evidence-Based Dentistry,https://www.nature.com/articles/s41432-021-0190-2
431,Evidence-Based Dentistry,https://www.nature.com/articles/s41432-021-0190-2
432,Evidence-Based Dentistry,https://www.nature.com/articles/s41432-021-0201-3
433,Evidence-Based Dentistry,https://www.nature.com/articles/s41432-021-0201-3
434,Evidence-Based Dentistry,https://www.nature.com/articles/s41432-021-0187-x
435,Evidence-Based Dentistry,https://www.nature.com/articles/s41432-021-0169-z
436,Evidence-Based Dentistry,https://www.nature.com/articles/s41432-021-0181-3
437,Experimental & Molecular Medicine,https://www.nature.com/articles/s12276-021-00682-z
438,Experimental & Molecular Medicine,https://www.nature.com/articles/s12276-021-00684-x
439,Experimental & Molecular Medicine,https://www.nature.com/articles/s12276-021-00681-0
440,Experimental & Molecular Medicine,https://www.nature.com/articles/s12276-021-00674-z
441,Experimental & Molecular Medicine,https://www.nature.com/articles/s12276-021-00678-9
442,Experimental & Molecular Medicine,https://www.nature.com/articles/s12276-021-00679-8
443,Experimental & Molecular Medicine,https://www.nature.com/articles/s12276-021-00675-y
444,Experimental & Molecular Medicine,https://www.nature.com/articles/s12276-021-00676-x
445,Experimental & Molecular Medicine,https://www.nature.com/articles/s12276-021-00669-w
446,Experimental & Molecular Medicine,https://www.nature.com/articles/s12276-021-00672-1
447,Experimental & Molecular Medicine,https://www.nature.com/articles/s12276-021-00670-3
448,Experimental & Molecular Medicine,https://www.nature.com/articles/s12276-021-00673-0
449,Experimental & Molecular Medicine,https://www.nature.com/articles/s12276-021-00671-2
450,Experimental & Molecular Medicine,https://www.nature.com/articles/s12276-021-00662-3
451,Experimental & Molecular Medicine,https://www.nature.com/articles/s12276-021-00668-x
452,Experimental & Molecular Medicine,https://www.nature.com/articles/s12276-021-00665-0
453,Experimental & Molecular Medicine,https://www.nature.com/articles/s12276-021-00667-y
454,Experimental & Molecular Medicine,https://www.nature.com/articles/s12276-021-00655-2
455,Experimental & Molecular Medicine,https://www.nature.com/articles/s12276-021-00664-1
456,Experimental & Molecular Medicine,https://www.nature.com/articles/s12276-021-00660-5
457,Eye,https://www.nature.com/articles/s41433-021-01769-7
458,Eye,https://www.nature.com/articles/s41433-021-01776-8
459,Eye,https://www.nature.com/articles/s41433-021-01775-9
460,Eye,https://www.nature.com/articles/s41433-021-01759-9
461,Eye,https://www.nature.com/articles/s41433-021-01774-w
462,Eye,https://www.nature.com/articles/s41433-021-01781-x
463,Eye,https://www.nature.com/articles/s41433-021-01773-x
464,Eye,https://www.nature.com/articles/s41433-021-01566-2
465,Gene Therapy,https://www.nature.com/articles/s41434-021-00292-4
466,Gene Therapy,https://www.nature.com/articles/s41434-021-00295-1
467,Gene Therapy,https://www.nature.com/articles/s41434-021-00293-3
468,Gene Therapy,https://www.nature.com/articles/s41434-021-00290-6
469,Gene Therapy,https://www.nature.com/articles/s41434-021-00277-3
470,Gene Therapy,https://www.nature.com/articles/s41434-021-00291-5
471,Gene Therapy,https://www.nature.com/articles/s41434-021-00284-4
472,Gene Therapy,https://www.nature.com/articles/s41434-021-00287-1
473,Gene Therapy,https://www.nature.com/articles/s41434-021-00283-5
474,Gene Therapy,https://www.nature.com/articles/s41434-021-00283-5
475,Genes & Immunity,https://www.nature.com/articles/s41435-021-00149-1
476,Genes & Immunity,https://www.nature.com/articles/s41435-021-00148-2
477,Genes & Immunity,https://www.nature.com/articles/s41435-021-00147-3
478,Genes & Immunity,https://www.nature.com/articles/s41435-021-00145-5
479,Genes & Immunity,https://www.nature.com/articles/s41435-021-00144-6
480,Genes & Immunity,https://www.nature.com/articles/s41435-021-00140-w
481,Genes & Immunity,https://www.nature.com/articles/s41435-021-00139-3
482,Genes & Immunity,https://www.nature.com/articles/s41435-021-00142-8
483,Genes & Immunity,https://www.nature.com/articles/s41435-021-00143-7
484,Genes & Immunity,https://www.nature.com/articles/s41435-021-00137-5
485,Genes & Immunity,https://www.nature.com/articles/s41435-021-00136-6
486,Genes & Immunity,https://www.nature.com/articles/s41435-021-00133-9
487,Genes & Immunity,https://www.nature.com/articles/s41435-021-00131-x
488,Genes & Immunity,https://www.nature.com/articles/s41435-021-00129-5
489,Genetics in Medicine,https://www.nature.com/articles/s41436-021-01308-5
490,Genetics in Medicine,https://www.nature.com/articles/s41436-021-01308-5
491,Genetics in Medicine,https://www.nature.com/articles/s41436-021-01307-6
492,Genetics in Medicine,https://www.nature.com/articles/s41436-021-01307-6
493,Genetics in Medicine,https://www.nature.com/articles/s41436-021-01302-x
494,Genetics in Medicine,https://www.nature.com/articles/s41436-021-01302-x
495,Genetics in Medicine,https://www.nature.com/articles/s41436-021-01279-7
496,Genetics in Medicine,https://www.nature.com/articles/s41436-021-01306-7
497,Genetics in Medicine,https://www.nature.com/articles/s41436-021-01305-8
498,Genetics in Medicine,https://www.nature.com/articles/s41436-021-01300-z
499,Genetics in Medicine,https://www.nature.com/articles/s41436-021-01297-5
500,Genetics in Medicine,https://www.nature.com/articles/s41436-021-01272-0
501,Genetics in Medicine,https://www.nature.com/articles/s41436-021-01299-3
502,Genetics in Medicine,https://www.nature.com/articles/s41436-021-01298-4
503,Genetics in Medicine,https://www.nature.com/articles/s41436-021-01296-6
504,Genetics in Medicine,https://www.nature.com/articles/s41436-021-01281-z
505,Genetics in Medicine,https://www.nature.com/articles/s41436-021-01293-9
506,Heredity,https://www.nature.com/articles/s41437-021-00473-2
507,Heredity,https://www.nature.com/articles/s41437-021-00474-1
508,Heredity,https://www.nature.com/articles/s41437-021-00461-6
509,Heredity,https://www.nature.com/articles/s41437-021-00464-3
510,Heredity,https://www.nature.com/articles/s41437-021-00462-5
511,Heredity,https://www.nature.com/articles/s41437-021-00462-5
512,Heredity,https://www.nature.com/articles/s41437-021-00459-0
513,Heredity,https://www.nature.com/articles/s41437-021-00460-7
514,Heredity,https://www.nature.com/articles/s41437-021-00460-7
515,Heredity,https://www.nature.com/articles/s41437-021-00458-1
516,Heredity,https://www.nature.com/articles/s41437-021-00446-5
517,Heredity,https://www.nature.com/articles/s41437-021-00446-5
518,Heredity,https://www.nature.com/articles/s41437-021-00447-4
519,Horticulture Research,https://www.nature.com/articles/s41438-021-00701-0
520,Horticulture Research,https://www.nature.com/articles/s41438-021-00664-2
521,Horticulture Research,https://www.nature.com/articles/s41438-021-00694-w
522,Horticulture Research,https://www.nature.com/articles/s41438-021-00684-y
523,Horticulture Research,https://www.nature.com/articles/s41438-021-00649-1
524,Horticulture Research,https://www.nature.com/articles/s41438-021-00644-6
525,Horticulture Research,https://www.nature.com/articles/s41438-021-00651-7
526,Horticulture Research,https://www.nature.com/articles/s41438-021-00647-3
527,Horticulture Research,https://www.nature.com/articles/s41438-021-00654-4
528,Horticulture Research,https://www.nature.com/articles/s41438-021-00642-8
529,Horticulture Research,https://www.nature.com/articles/s41438-021-00640-w
530,Horticulture Research,https://www.nature.com/articles/s41438-021-00645-5
531,Horticulture Research,https://www.nature.com/articles/s41438-021-00652-6
532,Horticulture Research,https://www.nature.com/articles/s41438-021-00648-2
533,Horticulture Research,https://www.nature.com/articles/s41438-021-00655-3
534,Horticulture Research,https://www.nature.com/articles/s41438-021-00650-8
535,Horticulture Research,https://www.nature.com/articles/s41438-021-00646-4
536,Horticulture Research,https://www.nature.com/articles/s41438-021-00653-5
537,Horticulture Research,https://www.nature.com/articles/s41438-021-00689-7
538,Horticulture Research,https://www.nature.com/articles/s41438-021-00665-1
539,Human Genome Variation,https://www.nature.com/articles/s41439-021-00170-w
540,Human Genome Variation,https://www.nature.com/articles/s41439-021-00168-4
541,Human Genome Variation,https://www.nature.com/articles/s41439-021-00169-3
542,Human Genome Variation,https://www.nature.com/articles/s41439-021-00167-5
543,Human Genome Variation,https://www.nature.com/articles/s41439-021-00165-7
544,Human Genome Variation,https://www.nature.com/articles/s41439-021-00164-8
545,Human Genome Variation,https://www.nature.com/articles/s41439-021-00163-9
546,Human Genome Variation,https://www.nature.com/articles/s41439-021-00160-y
547,Human Genome Variation,https://www.nature.com/articles/s41439-021-00161-x
548,Human Genome Variation,https://www.nature.com/articles/s41439-021-00162-w
549,Human Genome Variation,https://www.nature.com/articles/s41439-021-00159-5
550,Human Genome Variation,https://www.nature.com/articles/s41439-021-00157-7
551,Human Genome Variation,https://www.nature.com/articles/s41439-021-00158-6
552,Human Genome Variation,https://www.nature.com/articles/s41439-021-00156-8
553,Human Genome Variation,https://www.nature.com/articles/s41439-021-00155-9
554,Human Genome Variation,https://www.nature.com/articles/s41439-021-00147-9
555,Human Genome Variation,https://www.nature.com/articles/s41439-021-00154-w
556,Human Genome Variation,https://www.nature.com/articles/s41439-021-00153-x
557,Human Genome Variation,https://www.nature.com/articles/s41439-021-00151-z
558,Human Genome Variation,https://www.nature.com/articles/s41439-021-00152-y
559,Humanities and Social Sciences Communications,https://www.nature.com/articles/s41599-021-00896-6
560,Humanities and Social Sciences Communications,https://www.nature.com/articles/s41599-021-00906-7
561,Humanities and Social Sciences Communications,https://www.nature.com/articles/s41599-021-00903-w
562,Humanities and Social Sciences Communications,https://www.nature.com/articles/s41599-021-00905-8
563,Humanities and Social Sciences Communications,https://www.nature.com/articles/s41599-021-00897-5
564,Humanities and Social Sciences Communications,https://www.nature.com/articles/s41599-021-00901-y
565,Humanities and Social Sciences Communications,https://www.nature.com/articles/s41599-021-00900-z
566,Humanities and Social Sciences Communications,https://www.nature.com/articles/s41599-021-00898-4
567,Humanities and Social Sciences Communications,https://www.nature.com/articles/s41599-021-00891-x
568,Humanities and Social Sciences Communications,https://www.nature.com/articles/s41599-021-00894-8
569,Humanities and Social Sciences Communications,https://www.nature.com/articles/s41599-021-00890-y
570,Humanities and Social Sciences Communications,https://www.nature.com/articles/s41599-021-00895-7
571,Humanities and Social Sciences Communications,https://www.nature.com/articles/s41599-021-00881-z
572,Humanities and Social Sciences Communications,https://www.nature.com/articles/s41599-021-00884-w
573,Humanities and Social Sciences Communications,https://www.nature.com/articles/s41599-021-00892-w
574,Humanities and Social Sciences Communications,https://www.nature.com/articles/s41599-021-00893-9
575,Humanities and Social Sciences Communications,https://www.nature.com/articles/s41599-021-00885-9
576,Humanities and Social Sciences Communications,https://www.nature.com/articles/s41599-021-00883-x
577,Humanities and Social Sciences Communications,https://www.nature.com/articles/s41599-021-00889-5
578,Humanities and Social Sciences Communications,https://www.nature.com/articles/s41599-021-00887-7
579,Hypertension Research,https://www.nature.com/articles/s41440-021-00726-x
580,Hypertension Research,https://www.nature.com/articles/s41440-021-00759-2
581,Hypertension Research,https://www.nature.com/articles/s41440-021-00753-8
582,Hypertension Research,https://www.nature.com/articles/s41440-021-00728-9
583,Hypertension Research,https://www.nature.com/articles/s41440-021-00748-5
584,Hypertension Research,https://www.nature.com/articles/s41440-021-00745-8
585,Hypertension Research,https://www.nature.com/articles/s41440-021-00711-4
586,Hypertension Research,https://www.nature.com/articles/s41440-021-00744-9
587,International Journal of Impotence Research,https://www.nature.com/articles/s41443-021-00473-0
588,International Journal of Impotence Research,https://www.nature.com/articles/s41443-021-00462-3
589,International Journal of Impotence Research,https://www.nature.com/articles/s41443-021-00457-0
590,International Journal of Impotence Research,https://www.nature.com/articles/s41443-021-00457-0
591,International Journal of Obesity,https://www.nature.com/articles/s41366-021-00982-4
592,International Journal of Obesity,https://www.nature.com/articles/s41366-021-00984-2
593,International Journal of Obesity,https://www.nature.com/articles/s41366-021-00971-7
594,International Journal of Obesity,https://www.nature.com/articles/s41366-021-00970-8
595,International Journal of Obesity,https://www.nature.com/articles/s41366-021-00968-2
596,International Journal of Obesity,https://www.nature.com/articles/s41366-021-00965-5
597,International Journal of Obesity Supplements,https://www.nature.com/articles/s41367-018-0004-y
598,International Journal of Oral Science,https://www.nature.com/articles/s41368-021-00135-3
599,International Journal of Oral Science,https://www.nature.com/articles/s41368-021-00136-2
600,International Journal of Oral Science,https://www.nature.com/articles/s41368-021-00137-1
601,International Journal of Oral Science,https://www.nature.com/articles/s41368-021-00133-5
602,International Journal of Oral Science,https://www.nature.com/articles/s41368-021-00134-4
603,International Journal of Oral Science,https://www.nature.com/articles/s41368-021-00132-6
604,International Journal of Oral Science,https://www.nature.com/articles/s41368-021-00130-8
605,International Journal of Oral Science,https://www.nature.com/articles/s41368-021-00128-2
606,International Journal of Oral Science,https://www.nature.com/articles/s41368-021-00131-7
607,International Journal of Oral Science,https://www.nature.com/articles/s41368-021-00129-1
608,International Journal of Oral Science,https://www.nature.com/articles/s41368-021-00126-4
609,International Journal of Oral Science,https://www.nature.com/articles/s41368-021-00127-3
610,International Journal of Oral Science,https://www.nature.com/articles/s41368-021-00125-5
611,International Journal of Oral Science,https://www.nature.com/articles/s41368-021-00121-9
612,International Journal of Oral Science,https://www.nature.com/articles/s41368-021-00124-6
613,International Journal of Oral Science,https://www.nature.com/articles/s41368-021-00122-8
614,International Journal of Oral Science,https://www.nature.com/articles/s41368-021-00123-7
615,International Journal of Oral Science,https://www.nature.com/articles/s41368-021-00119-3
616,International Journal of Oral Science,https://www.nature.com/articles/s41368-021-00120-w
617,International Journal of Oral Science,https://www.nature.com/articles/s41368-021-00117-5
618,ISME Communications,https://www.nature.com/articles/s43705-021-00057-5
619,ISME Communications,https://www.nature.com/articles/s43705-021-00058-4
620,ISME Communications,https://www.nature.com/articles/s43705-021-00058-4
621,ISME Communications,https://www.nature.com/articles/s43705-021-00056-6
622,ISME Communications,https://www.nature.com/articles/s43705-021-00052-w
623,ISME Communications,https://www.nature.com/articles/s43705-021-00055-7
624,ISME Communications,https://www.nature.com/articles/s43705-021-00053-9
625,ISME Communications,https://www.nature.com/articles/s43705-021-00051-x
626,ISME Communications,https://www.nature.com/articles/s43705-021-00050-y
627,ISME Communications,https://www.nature.com/articles/s43705-021-00049-5
628,ISME Communications,https://www.nature.com/articles/s43705-021-00047-7
629,ISME Communications,https://www.nature.com/articles/s43705-021-00047-7
630,ISME Communications,https://www.nature.com/articles/s43705-021-00046-8
631,ISME Communications,https://www.nature.com/articles/s43705-021-00045-9
632,ISME Communications,https://www.nature.com/articles/s43705-021-00039-7
633,ISME Communications,https://www.nature.com/articles/s43705-021-00040-0
634,ISME Communications,https://www.nature.com/articles/s43705-021-00042-y
635,ISME Communications,https://www.nature.com/articles/s43705-021-00042-y
636,ISME Communications,https://www.nature.com/articles/s43705-021-00041-z
637,ISME Communications,https://www.nature.com/articles/s43705-021-00043-x
638,ISME Communications,https://www.nature.com/articles/s43705-021-00038-8
639,ISME Communications,https://www.nature.com/articles/s43705-021-00036-w
640,ISME Communications,https://www.nature.com/articles/s43705-021-00034-y
641,The ISME Journal,https://www.nature.com/articles/s41396-021-01128-0
642,The ISME Journal,https://www.nature.com/articles/s41396-021-01130-6
643,The ISME Journal,https://www.nature.com/articles/s41396-021-01125-3
644,The ISME Journal,https://www.nature.com/articles/s41396-021-01118-2
645,The ISME Journal,https://www.nature.com/articles/s41396-021-01111-9
646,The ISME Journal,https://www.nature.com/articles/s41396-021-01115-5
647,The ISME Journal,https://www.nature.com/articles/s41396-021-01117-3
648,The ISME Journal,https://www.nature.com/articles/s41396-021-01107-5
649,The ISME Journal,https://www.nature.com/articles/s41396-021-01106-6
650,The ISME Journal,https://www.nature.com/articles/s41396-021-01109-3
651,The Journal of Antibiotics,https://www.nature.com/articles/s41429-021-00458-7
652,The Journal of Antibiotics,https://www.nature.com/articles/s41429-021-00472-9
653,The Journal of Antibiotics,https://www.nature.com/articles/s41429-021-00460-z
654,The Journal of Antibiotics,https://www.nature.com/articles/s41429-021-00467-6
655,Journal of Exposure Science & Environmental Epidemiology,https://www.nature.com/articles/s41370-021-00386-6
656,Journal of Exposure Science & Environmental Epidemiology,https://www.nature.com/articles/s41370-021-00385-7
657,Journal of Exposure Science & Environmental Epidemiology,https://www.nature.com/articles/s41370-021-00381-x
658,Journal of Exposure Science & Environmental Epidemiology,https://www.nature.com/articles/s41370-021-00375-9
659,Journal of Exposure Science & Environmental Epidemiology,https://www.nature.com/articles/s41370-021-00379-5
660,Journal of Exposure Science & Environmental Epidemiology,https://www.nature.com/articles/s41370-021-00378-6
661,Journal of Exposure Science & Environmental Epidemiology,https://www.nature.com/articles/s41370-021-00376-8
662,Journal of Human Genetics,https://www.nature.com/articles/s10038-021-00982-2
663,Journal of Human Genetics,https://www.nature.com/articles/s10038-021-00982-2
664,Journal of Human Genetics,https://www.nature.com/articles/s10038-021-00978-y
665,Journal of Human Genetics,https://www.nature.com/articles/s10038-021-00978-y
666,Journal of Human Genetics,https://www.nature.com/articles/s10038-021-00951-9
667,Journal of Human Genetics,https://www.nature.com/articles/s10038-021-00976-0
668,Journal of Human Genetics,https://www.nature.com/articles/s10038-021-00970-6
669,Journal of Human Genetics,https://www.nature.com/articles/s10038-021-00969-z
670,Journal of Human Hypertension,https://www.nature.com/articles/s41371-021-00617-1
671,Journal of Human Hypertension,https://www.nature.com/articles/s41371-021-00616-2
672,Journal of Human Hypertension,https://www.nature.com/articles/s41371-021-00608-2
673,Journal of Human Hypertension,https://www.nature.com/articles/s41371-021-00615-3
674,Journal of Human Hypertension,https://www.nature.com/articles/s41371-021-00600-w
675,Journal of Human Hypertension,https://www.nature.com/articles/s41371-021-00600-w
676,Journal of Human Hypertension,https://www.nature.com/articles/s41371-021-00601-9
677,Journal of Human Hypertension,https://www.nature.com/articles/s41371-021-00607-3
678,Journal of Human Hypertension,https://www.nature.com/articles/s41371-021-00598-1
679,Journal of Perinatology,https://www.nature.com/articles/s41372-021-01219-y
680,Journal of Perinatology,https://www.nature.com/articles/s41372-021-01218-z
681,Journal of Perinatology,https://www.nature.com/articles/s41372-021-01212-5
682,Journal of Perinatology,https://www.nature.com/articles/s41372-021-01216-1
683,Journal of Perinatology,https://www.nature.com/articles/s41372-021-01210-7
684,Journal of Perinatology,https://www.nature.com/articles/s41372-021-01213-4
685,Journal of Perinatology,https://www.nature.com/articles/s41372-021-01206-3
686,Journal of Perinatology,https://www.nature.com/articles/s41372-021-01174-8
687,Journal of Perinatology,https://www.nature.com/articles/s41372-021-01177-5
688,Lab Animal,https://www.nature.com/articles/s41684-021-00878-w
689,Lab Animal,https://www.nature.com/articles/s41684-021-00878-w
690,Lab Animal,https://www.nature.com/articles/s41684-021-00872-2
691,Lab Animal,https://www.nature.com/articles/s41684-021-00867-z
692,Laboratory Investigation,https://www.nature.com/articles/s41374-021-00677-4
693,Laboratory Investigation,https://www.nature.com/articles/s41374-021-00677-4
694,Laboratory Investigation,https://www.nature.com/articles/s41374-021-00633-2
695,Laboratory Investigation,https://www.nature.com/articles/s41374-021-00633-2
696,Laboratory Investigation,https://www.nature.com/articles/s41374-021-00669-4
697,Laboratory Investigation,https://www.nature.com/articles/s41374-021-00676-5
698,Laboratory Investigation,https://www.nature.com/articles/s41374-021-00672-9
699,Laboratory Investigation,https://www.nature.com/articles/s41374-021-00671-w
700,Laboratory Investigation,https://www.nature.com/articles/s41374-021-00657-8
701,Laboratory Investigation,https://www.nature.com/articles/s41374-021-00657-8
702,Laboratory Investigation,https://www.nature.com/articles/s41374-021-00663-w
703,Leukemia,https://www.nature.com/articles/s41375-021-01442-8
704,Leukemia,https://www.nature.com/articles/s41375-021-01436-6
705,Leukemia,https://www.nature.com/articles/s41375-021-01437-5
706,Leukemia,https://www.nature.com/articles/s41375-021-01422-y
707,Leukemia,https://www.nature.com/articles/s41375-021-01421-z
708,Leukemia,https://www.nature.com/articles/s41375-021-01419-7
709,Leukemia,https://www.nature.com/articles/s41375-021-01429-5
710,Leukemia,https://www.nature.com/articles/s41375-021-01424-w
711,Leukemia,https://www.nature.com/articles/s41375-021-01416-w
712,Leukemia,https://www.nature.com/articles/s41375-021-01399-8
713,Leukemia,https://www.nature.com/articles/s41375-021-01418-8
714,Leukemia Supplements,https://www.nature.com/articles/s41376-019-0004-5
715,Leukemia Supplements,https://www.nature.com/articles/s41376-019-0004-5
716,Leukemia Supplements,https://www.nature.com/articles/leusup201410
717,Leukemia Supplements,https://www.nature.com/articles/leusup20146
718,Leukemia Supplements,https://www.nature.com/articles/leusup20131
719,Light: Science & Applications,https://www.nature.com/articles/s41377-021-00653-z
720,Light: Science & Applications,https://www.nature.com/articles/s41377-021-00646-y
721,Light: Science & Applications,https://www.nature.com/articles/s41377-021-00649-9
722,Light: Science & Applications,https://www.nature.com/articles/s41377-021-00640-4
723,Light: Science & Applications,https://www.nature.com/articles/s41377-021-00643-1
724,Light: Science & Applications,https://www.nature.com/articles/s41377-021-00648-w
725,Light: Science & Applications,https://www.nature.com/articles/s41377-021-00652-0
726,Light: Science & Applications,https://www.nature.com/articles/s41377-021-00647-x
727,Light: Science & Applications,https://www.nature.com/articles/s41377-021-00642-2
728,Light: Science & Applications,https://www.nature.com/articles/s41377-021-00631-5
729,Light: Science & Applications,https://www.nature.com/articles/s41377-021-00644-0
730,Light: Science & Applications,https://www.nature.com/articles/s41377-021-00636-0
731,Light: Science & Applications,https://www.nature.com/articles/s41377-021-00628-0
732,Light: Science & Applications,https://www.nature.com/articles/s41377-021-00623-5
733,Light: Science & Applications,https://www.nature.com/articles/s41377-021-00633-3
734,Light: Science & Applications,https://www.nature.com/articles/s41377-021-00645-z
735,Light: Science & Applications,https://www.nature.com/articles/s41377-021-00641-3
736,Light: Science & Applications,https://www.nature.com/articles/s41377-021-00639-x
737,Light: Science & Applications,https://www.nature.com/articles/s41377-021-00622-6
738,Light: Science & Applications,https://www.nature.com/articles/s41377-021-00632-4
739,Microsystems & Nanoengineering,https://www.nature.com/articles/s41378-021-00308-4
740,Microsystems & Nanoengineering,https://www.nature.com/articles/s41378-021-00303-9
741,Microsystems & Nanoengineering,https://www.nature.com/articles/s41378-021-00302-w
742,Microsystems & Nanoengineering,https://www.nature.com/articles/s41378-021-00307-5
743,Microsystems & Nanoengineering,https://www.nature.com/articles/s41378-021-00289-4
744,Microsystems & Nanoengineering,https://www.nature.com/articles/s41378-021-00296-5
745,Microsystems & Nanoengineering,https://www.nature.com/articles/s41378-021-00280-z
746,Microsystems & Nanoengineering,https://www.nature.com/articles/s41378-021-00298-3
747,Microsystems & Nanoengineering,https://www.nature.com/articles/s41378-021-00287-6
748,Microsystems & Nanoengineering,https://www.nature.com/articles/s41378-021-00292-9
749,Microsystems & Nanoengineering,https://www.nature.com/articles/s41378-021-00299-2
750,Microsystems & Nanoengineering,https://www.nature.com/articles/s41378-021-00295-6
751,Microsystems & Nanoengineering,https://www.nature.com/articles/s41378-021-00293-8
752,Microsystems & Nanoengineering,https://www.nature.com/articles/s41378-021-00286-7
753,Microsystems & Nanoengineering,https://www.nature.com/articles/s41378-021-00291-w
754,Microsystems & Nanoengineering,https://www.nature.com/articles/s41378-021-00294-7
755,Microsystems & Nanoengineering,https://www.nature.com/articles/s41378-021-00288-5
756,Microsystems & Nanoengineering,https://www.nature.com/articles/s41378-021-00290-x
757,Microsystems & Nanoengineering,https://www.nature.com/articles/s41378-021-00275-w
758,Microsystems & Nanoengineering,https://www.nature.com/articles/s41378-021-00283-w
759,Modern Pathology,https://www.nature.com/articles/s41379-021-00925-4
760,Modern Pathology,https://www.nature.com/articles/s41379-021-00939-y
761,Modern Pathology,https://www.nature.com/articles/s41379-021-00939-y
762,Modern Pathology,https://www.nature.com/articles/s41379-021-00941-4
763,Modern Pathology,https://www.nature.com/articles/s41379-021-00919-2
764,Modern Pathology,https://www.nature.com/articles/s41379-021-00905-8
765,Modern Pathology,https://www.nature.com/articles/s41379-021-00918-3
766,Molecular Psychiatry,https://www.nature.com/articles/s41380-021-01306-8
767,Molecular Psychiatry,https://www.nature.com/articles/s41380-021-01306-8
768,Molecular Psychiatry,https://www.nature.com/articles/s41380-021-01309-5
769,Molecular Psychiatry,https://www.nature.com/articles/s41380-021-01311-x
770,Molecular Psychiatry,https://www.nature.com/articles/s41380-021-01300-0
771,Molecular Psychiatry,https://www.nature.com/articles/s41380-021-01263-2
772,Molecular Psychiatry,https://www.nature.com/articles/s41380-021-01290-z
773,Molecular Psychiatry,https://www.nature.com/articles/s41380-021-01304-w
774,Molecular Psychiatry,https://www.nature.com/articles/s41380-021-01295-8
775,Molecular Psychiatry,https://www.nature.com/articles/s41380-021-01301-z
776,Molecular Psychiatry,https://www.nature.com/articles/s41380-021-01271-2
777,Molecular Psychiatry,https://www.nature.com/articles/s41380-021-01303-x
778,Molecular Psychiatry,https://www.nature.com/articles/s41380-021-01299-4
779,Molecular Psychiatry,https://www.nature.com/articles/s41380-021-01305-9
780,Molecular Psychiatry,https://www.nature.com/articles/s41380-021-01307-7
781,Molecular Psychiatry,https://www.nature.com/articles/s41380-021-01289-6
782,Mucosal Immunology,https://www.nature.com/articles/s41385-021-00456-w
783,Mucosal Immunology,https://www.nature.com/articles/s41385-021-00459-7
784,Mucosal Immunology,https://www.nature.com/articles/s41385-021-00451-1
785,Mucosal Immunology,https://www.nature.com/articles/s41385-021-00455-x
786,Mucosal Immunology,https://www.nature.com/articles/s41385-021-00452-0
787,Mucosal Immunology,https://www.nature.com/articles/s41385-021-00452-0
788,Mucosal Immunology,https://www.nature.com/articles/s41385-021-00450-2
789,Mucosal Immunology,https://www.nature.com/articles/s41385-021-00443-1
790,Mucosal Immunology,https://www.nature.com/articles/s41385-021-00448-w
791,Mucosal Immunology,https://www.nature.com/articles/s41385-021-00448-w
792,Mucosal Immunology,https://www.nature.com/articles/s41385-021-00449-9
793,Mucosal Immunology,https://www.nature.com/articles/s41385-021-00446-y
794,Mucosal Immunology,https://www.nature.com/articles/s41385-021-00445-z
795,Mucosal Immunology,https://www.nature.com/articles/s41385-021-00441-3
796,Mucosal Immunology,https://www.nature.com/articles/s41385-021-00437-z
797,Nature,https://www.nature.com/articles/s41586-021-04085-y
798,Nature,https://www.nature.com/articles/d41586-021-02761-7
799,Nature,https://www.nature.com/articles/d41586-021-02761-7
800,Nature,https://www.nature.com/articles/s41586-021-04080-3
801,Nature,https://www.nature.com/articles/s41586-021-03921-5
802,Nature,https://www.nature.com/articles/d41586-021-02743-9
803,Nature,https://www.nature.com/articles/d41586-021-02785-z
804,Nature,https://www.nature.com/articles/d41586-021-02755-5
805,Nature,https://www.nature.com/articles/d41586-021-02772-4
806,Nature,https://www.nature.com/articles/d41586-021-02763-5
807,Nature,https://www.nature.com/articles/d41586-021-02763-5
808,Nature,https://www.nature.com/articles/d41586-021-02782-2
809,Nature,https://www.nature.com/articles/d41586-021-02787-x
810,Nature,https://www.nature.com/articles/d41586-021-02733-x
811,Nature,https://www.nature.com/articles/d41586-021-02740-y
812,Nature,https://www.nature.com/articles/d41586-021-02783-1
813,Nature,https://www.nature.com/articles/s41586-021-04060-7
814,Nature,https://www.nature.com/articles/d41586-021-02746-6
815,Nature Africa,https://www.nature.com/articles/d44148-021-00091-4
816,Nature Africa,https://www.nature.com/articles/d44148-021-00092-3
817,Nature Africa,https://www.nature.com/articles/d44148-021-00093-2
818,Nature Africa,https://www.nature.com/articles/d44148-021-00094-1
819,Nature Africa,https://www.nature.com/articles/d44148-021-00088-z
820,Nature Africa,https://www.nature.com/articles/d44148-021-00089-y
821,Nature Africa,https://www.nature.com/articles/d44148-021-00086-1
822,Nature Africa,https://www.nature.com/articles/d44148-021-00087-0
823,Nature Africa,https://www.nature.com/articles/d44148-021-00084-3
824,Nature Africa,https://www.nature.com/articles/d44148-021-00085-2
825,Nature Africa,https://www.nature.com/articles/d44148-021-00082-5
826,Nature Africa,https://www.nature.com/articles/d44148-021-00083-4
827,Nature Africa,https://www.nature.com/articles/d44148-021-00081-6
828,Nature Africa,https://www.nature.com/articles/d44148-021-00079-0
829,Nature Africa,https://www.nature.com/articles/d44148-021-00080-7
830,Nature Africa,https://www.nature.com/articles/d44148-021-00077-2
831,Nature Africa,https://www.nature.com/articles/d44148-021-00078-1
832,Nature Africa,https://www.nature.com/articles/d44148-021-00076-3
833,Nature Africa,https://www.nature.com/articles/d44148-021-00075-4
834,Nature Africa,https://www.nature.com/articles/d44148-021-00074-5
835,Nature Aging,https://www.nature.com/articles/s43587-021-00126-3
836,Nature Aging,https://www.nature.com/articles/s43587-021-00118-3
837,Nature Aging,https://www.nature.com/articles/s43587-021-00121-8
838,Nature Aging,https://www.nature.com/articles/s43587-021-00106-7
839,Nature Aging,https://www.nature.com/articles/s43587-021-00119-2
840,Nature Aging,https://www.nature.com/articles/s43587-021-00115-6
841,Nature Aging,https://www.nature.com/articles/s43587-021-00104-9
842,Nature Aging,https://www.nature.com/articles/s43587-021-00114-7
843,Nature Aging,https://www.nature.com/articles/s43587-021-00105-8
844,Nature Astronomy,https://www.nature.com/articles/s41550-021-01503-z
845,Nature Biomedical Engineering,https://www.nature.com/articles/s41551-021-00798-7
846,Nature Biomedical Engineering,https://www.nature.com/articles/s41551-021-00794-x
847,Nature Biomedical Engineering,https://www.nature.com/articles/s41551-021-00786-x
848,Nature Biomedical Engineering,https://www.nature.com/articles/s41551-021-00818-6
849,Nature Biomedical Engineering,https://www.nature.com/articles/s41551-021-00797-8
850,Nature Biomedical Engineering,https://www.nature.com/articles/s41551-021-00790-1
851,Nature Biomedical Engineering,https://www.nature.com/articles/s41551-021-00775-0
852,Nature Biomedical Engineering,https://www.nature.com/articles/s41551-021-00775-0
853,Nature Biotechnology,https://www.nature.com/articles/s41587-021-01122-z
854,Nature Biotechnology,https://www.nature.com/articles/s41587-021-01034-y
855,Nature Biotechnology,https://www.nature.com/articles/s41587-021-01085-1
856,Nature Biotechnology,https://www.nature.com/articles/s41587-021-01088-y
857,Nature Biotechnology,https://www.nature.com/articles/s41587-021-01088-y
858,Nature Cancer,https://www.nature.com/articles/s43018-021-00283-9
859,Nature Cancer,https://www.nature.com/articles/s43018-021-00243-3
860,Nature Cancer,https://www.nature.com/articles/s43018-021-00277-7
861,Nature Cancer,https://www.nature.com/articles/s43018-021-00265-x
862,Nature Cancer,https://www.nature.com/articles/s43018-021-00253-1
863,Nature Cancer,https://www.nature.com/articles/s43018-021-00252-2
864,Nature Catalysis,https://www.nature.com/articles/s41929-021-00681-3
865,Nature Catalysis,https://www.nature.com/articles/s41929-021-00677-z
866,Nature Cell Biology,https://www.nature.com/articles/s41556-021-00772-0
867,Nature Cell Biology,https://www.nature.com/articles/s41556-021-00785-9
868,Nature Cell Biology,https://www.nature.com/articles/s41556-021-00759-x
869,Nature Cell Biology,https://www.nature.com/articles/s41556-021-00761-3
870,Nature Cell Biology,https://www.nature.com/articles/s41556-021-00761-3
871,Nature Cell Biology,https://www.nature.com/articles/s41556-021-00775-x
872,Nature Cell Biology,https://www.nature.com/articles/s41556-021-00757-z
873,Nature Cell Biology,https://www.nature.com/articles/s41556-021-00756-0
874,Nature Chemical Biology,https://www.nature.com/articles/s41589-021-00882-8
875,Nature Chemical Biology,https://www.nature.com/articles/s41589-021-00905-4
876,Nature Chemical Biology,https://www.nature.com/articles/s41589-021-00841-3
877,Nature Chemical Biology,https://www.nature.com/articles/s41589-021-00891-7
878,Nature Chemistry,https://www.nature.com/articles/s41557-021-00823-x
879,Nature Chemistry,https://www.nature.com/articles/s41557-021-00806-y
880,Nature Chemistry,https://www.nature.com/articles/s41557-021-00775-2
881,Nature Chemistry,https://www.nature.com/articles/s41557-021-00809-9
882,Nature Chemistry,https://www.nature.com/articles/s41557-021-00808-w
883,Nature Chemistry,https://www.nature.com/articles/s41557-021-00765-4
884,Nature Chemistry,https://www.nature.com/articles/s41557-021-00752-9
885,Nature Chemistry,https://www.nature.com/articles/s41557-021-00773-4
886,Nature Climate Change,https://www.nature.com/articles/s41558-021-01185-5
887,Nature Climate Change,https://www.nature.com/articles/s41558-021-01164-w
888,Nature Climate Change,https://www.nature.com/articles/s41558-021-01156-w
889,Nature Communications,https://www.nature.com/articles/s41467-021-26378-6
890,Nature Communications,https://www.nature.com/articles/s41467-021-26377-7
891,Nature Communications,https://www.nature.com/articles/s41467-021-26130-0
892,Nature Communications,https://www.nature.com/articles/s41467-021-26156-4
893,Nature Communications,https://www.nature.com/articles/s41467-021-26144-8
894,Nature Communications,https://www.nature.com/articles/s41467-021-26222-x
895,Nature Communications,https://www.nature.com/articles/s41467-021-26201-2
896,Nature Communications,https://www.nature.com/articles/s41467-021-26272-1
897,Nature Communications,https://www.nature.com/articles/s41467-021-25972-y
898,Nature Communications,https://www.nature.com/articles/s41467-021-26133-x
899,Nature Communications,https://www.nature.com/articles/s41467-021-26237-4
900,Nature Communications,https://www.nature.com/articles/s41467-021-26220-z
901,Nature Communications,https://www.nature.com/articles/s41467-021-26228-5
902,Nature Communications,https://www.nature.com/articles/s41467-021-26179-x
903,Nature Communications,https://www.nature.com/articles/s41467-021-26219-6
904,Nature Communications,https://www.nature.com/articles/s41467-021-26035-y
905,Nature Communications,https://www.nature.com/articles/s41467-021-26257-0
906,Nature Communications,https://www.nature.com/articles/s41467-021-26158-2
907,Nature Communications,https://www.nature.com/articles/s41467-021-26070-9
908,Nature Communications,https://www.nature.com/articles/s41467-021-26205-y
909,Nature Computational Science,https://www.nature.com/articles/s43588-021-00142-8
910,Nature Computational Science,https://www.nature.com/articles/s43588-021-00147-3
911,Nature Computational Science,https://www.nature.com/articles/s43588-021-00138-4
912,Nature Computational Science,https://www.nature.com/articles/s43588-021-00146-4
913,Nature Computational Science,https://www.nature.com/articles/s43588-021-00127-7
914,Nature Computational Science,https://www.nature.com/articles/s43588-021-00137-5
915,Nature Computational Science,https://www.nature.com/articles/s43588-021-00125-9
916,Nature Computational Science,https://www.nature.com/articles/s43588-021-00126-8
917,Nature Computational Science,https://www.nature.com/articles/s43588-021-00119-7
918,Nature Ecology & Evolution,https://www.nature.com/articles/s41559-021-01560-7
919,Nature Ecology & Evolution,https://www.nature.com/articles/s41559-021-01571-4
920,Nature Ecology & Evolution,https://www.nature.com/articles/s41559-021-01569-y
921,Nature Ecology & Evolution,https://www.nature.com/articles/s41559-021-01541-w
922,Nature Ecology & Evolution,https://www.nature.com/articles/s41559-021-01541-w
923,Nature Ecology & Evolution,https://www.nature.com/articles/s41559-021-01563-4
924,Nature Ecology & Evolution,https://www.nature.com/articles/s41559-021-01546-5
925,Nature Electronics,https://www.nature.com/articles/s41928-021-00649-y
926,Nature Electronics,https://www.nature.com/articles/s41928-021-00654-1
927,Nature Electronics,https://www.nature.com/articles/s41928-021-00644-3
928,Nature Electronics,https://www.nature.com/articles/s41928-021-00642-5
929,Nature Energy,https://www.nature.com/articles/s41560-021-00900-y
930,Nature Energy,https://www.nature.com/articles/s41560-021-00888-5
