,OPEN_NAME
0,Acta Pharmacologica Sinica
1,Acta Pharmacologica Sinica
2,Acta Pharmacologica Sinica
3,Acta Pharmacologica Sinica
4,Acta Pharmacologica Sinica
5,Acta Pharmacologica Sinica
6,Acta Pharmacologica Sinica
7,Acta Pharmacologica Sinica
8,Acta Pharmacologica Sinica
9,BDJ In Practice
10,BDJ In Practice
11,BDJ In Practice
12,BDJ In Practice
13,BDJ In Practice
14,BDJ In Practice
15,BDJ In Practice
16,BDJ In Practice
17,BDJ In Practice
18,BDJ In Practice
19,BDJ In Practice
20,BDJ In Practice
21,BDJ In Practice
22,BDJ In Practice
23,BDJ In Practice
24,BDJ In Practice
25,BDJ In Practice
26,BDJ In Practice
27,BDJ In Practice
28,BDJ In Practice
29,BDJ Open
30,BDJ Open
31,BDJ Open
32,BDJ Open
33,BDJ Open
34,BDJ Open
35,BDJ Open
36,BDJ Open
37,BDJ Open
38,BDJ Open
39,BDJ Open
40,BDJ Open
41,BDJ Open
42,BDJ Open
43,BDJ Open
44,BDJ Open
45,BDJ Open
46,BDJ Open
47,BDJ Open
48,BDJ Open
49,BDJ Student
50,BDJ Student
51,BDJ Student
52,BDJ Student
53,BDJ Student
54,BDJ Student
55,BDJ Student
56,BDJ Student
57,BDJ Student
58,BDJ Student
59,BDJ Student
60,BDJ Student
61,BDJ Student
62,BDJ Student
63,BDJ Student
64,BDJ Team
65,BDJ Team
66,BDJ Team
67,BDJ Team
68,BDJ Team
69,BDJ Team
70,BDJ Team
71,BDJ Team
72,BDJ Team
73,BDJ Team
74,BDJ Team
75,BDJ Team
76,BDJ Team
77,BDJ Team
78,BDJ Team
79,BDJ Team
80,BDJ Team
81,BDJ Team
82,BDJ Team
83,BDJ Team
84,BDJ Team
85,Biopharma Dealmakers
86,Biopharma Dealmakers
87,Biopharma Dealmakers
88,Biopharma Dealmakers
89,Biopharma Dealmakers
90,Biopharma Dealmakers
91,Biopharma Dealmakers
92,Biopharma Dealmakers
93,Biopharma Dealmakers
94,Biopharma Dealmakers
95,Biopharma Dealmakers
96,Biopharma Dealmakers
97,Biopharma Dealmakers
98,Biopharma Dealmakers
99,Biopharma Dealmakers
100,Biopharma Dealmakers
101,Biopharma Dealmakers
102,Biopharma Dealmakers
103,Biopharma Dealmakers
104,Biopharma Dealmakers
105,Biopharma Dealmakers
106,Biopharma Dealmakers
107,Blood Cancer Journal
108,Blood Cancer Journal
109,Blood Cancer Journal
110,Blood Cancer Journal
111,Blood Cancer Journal
112,Blood Cancer Journal
113,Blood Cancer Journal
114,Blood Cancer Journal
115,Blood Cancer Journal
116,Blood Cancer Journal
117,Blood Cancer Journal
118,Blood Cancer Journal
119,Blood Cancer Journal
120,Blood Cancer Journal
121,Blood Cancer Journal
122,Blood Cancer Journal
123,Blood Cancer Journal
124,Blood Cancer Journal
125,Blood Cancer Journal
126,Blood Cancer Journal
127,Bone Marrow Transplantation
128,Bone Marrow Transplantation
129,Bone Marrow Transplantation
130,Bone Marrow Transplantation
131,Bone Marrow Transplantation
132,Bone Marrow Transplantation
133,Bone Marrow Transplantation
134,Bone Research
135,Bone Research
136,Bone Research
137,Bone Research
138,Bone Research
139,Bone Research
140,Bone Research
141,Bone Research
142,Bone Research
143,Bone Research
144,Bone Research
145,Bone Research
146,Bone Research
147,Bone Research
148,Bone Research
149,Bone Research
150,Bone Research
151,Bone Research
152,Bone Research
153,Bone Research
154,British Dental Journal
155,British Dental Journal
156,British Dental Journal
157,British Dental Journal
158,British Dental Journal
159,British Dental Journal
160,British Dental Journal
161,British Dental Journal
162,British Dental Journal
163,British Dental Journal
164,British Dental Journal
165,British Dental Journal
166,British Dental Journal
167,British Dental Journal
168,British Dental Journal
169,British Dental Journal
170,British Dental Journal
171,British Dental Journal
172,British Dental Journal
173,British Journal of Cancer
174,British Journal of Cancer
175,British Journal of Cancer
176,British Journal of Cancer
177,British Journal of Cancer
178,British Journal of Cancer
179,British Journal of Cancer
180,Cancer Gene Therapy
181,Cancer Gene Therapy
182,Cancer Gene Therapy
183,Cancer Gene Therapy
184,Cancer Gene Therapy
185,Cancer Gene Therapy
186,Cancer Gene Therapy
187,Cancer Gene Therapy
188,Cancer Gene Therapy
189,Cancer Gene Therapy
190,Cancer Gene Therapy
191,Cell Death & Differentiation
192,Cell Death & Differentiation
193,Cell Death & Differentiation
194,Cell Death & Differentiation
195,Cell Death & Differentiation
196,Cell Death & Differentiation
197,Cell Death & Differentiation
198,Cell Death & Disease
199,Cell Death & Disease
200,Cell Death & Disease
201,Cell Death & Disease
202,Cell Death & Disease
203,Cell Death & Disease
204,Cell Death & Disease
205,Cell Death & Disease
206,Cell Death & Disease
207,Cell Death & Disease
208,Cell Death & Disease
209,Cell Death & Disease
210,Cell Death & Disease
211,Cell Death & Disease
212,Cell Death & Disease
213,Cell Death & Disease
214,Cell Death & Disease
215,Cell Death & Disease
216,Cell Death & Disease
217,Cell Death & Disease
218,Cell Death Discovery
219,Cell Death Discovery
220,Cell Death Discovery
221,Cell Death Discovery
222,Cell Death Discovery
223,Cell Death Discovery
224,Cell Death Discovery
225,Cell Death Discovery
226,Cell Death Discovery
227,Cell Death Discovery
228,Cell Death Discovery
229,Cell Death Discovery
230,Cell Death Discovery
231,Cell Death Discovery
232,Cell Death Discovery
233,Cell Death Discovery
234,Cell Death Discovery
235,Cell Death Discovery
236,Cell Death Discovery
237,Cell Death Discovery
238,Cell Discovery
239,Cell Discovery
240,Cell Discovery
241,Cell Discovery
242,Cell Discovery
243,Cell Discovery
244,Cell Discovery
245,Cell Discovery
246,Cell Discovery
247,Cell Discovery
248,Cell Discovery
249,Cell Discovery
250,Cell Discovery
251,Cell Discovery
252,Cell Discovery
253,Cell Discovery
254,Cell Discovery
255,Cell Discovery
256,Cell Discovery
257,Cell Discovery
258,Cell Research
259,Cell Research
260,Cell Research
261,Cell Research
262,Cell Research
263,Cell Research
264,Cell Research
265,Cell Research
266,Cell Research
267,Cell Research
268,Cell Research
269,Cell Research
270,Cell Research
271,Cell Research
272,Cell Research
273,Cell Research
274,Cell Research
275,Cellular & Molecular Immunology
276,Cellular & Molecular Immunology
277,Cellular & Molecular Immunology
278,Cellular & Molecular Immunology
279,Cellular & Molecular Immunology
280,Cellular & Molecular Immunology
281,Cellular & Molecular Immunology
282,Cellular & Molecular Immunology
283,Cellular & Molecular Immunology
284,Cellular & Molecular Immunology
285,Cellular & Molecular Immunology
286,Cellular & Molecular Immunology
287,Communications Biology
288,Communications Biology
289,Communications Biology
290,Communications Biology
291,Communications Biology
292,Communications Biology
293,Communications Biology
294,Communications Biology
295,Communications Biology
296,Communications Biology
297,Communications Biology
298,Communications Biology
299,Communications Biology
300,Communications Biology
301,Communications Biology
302,Communications Biology
303,Communications Biology
304,Communications Biology
305,Communications Biology
306,Communications Biology
307,Communications Chemistry
308,Communications Chemistry
309,Communications Chemistry
310,Communications Chemistry
311,Communications Chemistry
312,Communications Chemistry
313,Communications Chemistry
314,Communications Chemistry
315,Communications Chemistry
316,Communications Chemistry
317,Communications Chemistry
318,Communications Chemistry
319,Communications Chemistry
320,Communications Chemistry
321,Communications Chemistry
322,Communications Chemistry
323,Communications Chemistry
324,Communications Chemistry
325,Communications Chemistry
326,Communications Chemistry
327,Communications Earth & Environment
328,Communications Earth & Environment
329,Communications Earth & Environment
330,Communications Earth & Environment
331,Communications Earth & Environment
332,Communications Earth & Environment
333,Communications Earth & Environment
334,Communications Earth & Environment
335,Communications Earth & Environment
336,Communications Earth & Environment
337,Communications Earth & Environment
338,Communications Earth & Environment
339,Communications Earth & Environment
340,Communications Earth & Environment
341,Communications Earth & Environment
342,Communications Earth & Environment
343,Communications Earth & Environment
344,Communications Earth & Environment
345,Communications Earth & Environment
346,Communications Earth & Environment
347,Communications Materials
348,Communications Materials
349,Communications Materials
350,Communications Materials
351,Communications Materials
352,Communications Materials
353,Communications Materials
354,Communications Materials
355,Communications Materials
356,Communications Materials
357,Communications Materials
358,Communications Materials
359,Communications Materials
360,Communications Materials
361,Communications Materials
362,Communications Materials
363,Communications Materials
364,Communications Materials
365,Communications Materials
366,Communications Materials
367,Communications Medicine
368,Communications Medicine
369,Communications Medicine
370,Communications Medicine
371,Communications Medicine
372,Communications Medicine
373,Communications Medicine
374,Communications Medicine
375,Communications Medicine
376,Communications Medicine
377,Communications Medicine
378,Communications Medicine
379,Communications Medicine
380,Communications Medicine
381,Communications Medicine
382,Communications Medicine
383,Communications Medicine
384,Communications Medicine
385,Communications Medicine
386,Communications Medicine
387,Communications Physics
388,Communications Physics
389,Communications Physics
390,Communications Physics
391,Communications Physics
392,Communications Physics
393,Communications Physics
394,Communications Physics
395,Communications Physics
396,Communications Physics
397,Communications Physics
398,Communications Physics
399,Communications Physics
400,Communications Physics
401,Communications Physics
402,Communications Physics
403,Communications Physics
404,Communications Physics
405,Communications Physics
406,Communications Physics
407,European Journal of Clinical Nutrition
408,European Journal of Clinical Nutrition
409,European Journal of Clinical Nutrition
410,European Journal of Clinical Nutrition
411,European Journal of Human Genetics
412,European Journal of Human Genetics
413,European Journal of Human Genetics
414,European Journal of Human Genetics
415,European Journal of Human Genetics
416,European Journal of Human Genetics
417,European Journal of Human Genetics
418,European Journal of Human Genetics
419,European Journal of Human Genetics
420,European Journal of Human Genetics
421,European Journal of Human Genetics
422,European Journal of Human Genetics
423,European Journal of Human Genetics
424,European Journal of Human Genetics
425,Evidence-Based Dentistry
426,Evidence-Based Dentistry
427,Evidence-Based Dentistry
428,Evidence-Based Dentistry
429,Evidence-Based Dentistry
430,Evidence-Based Dentistry
431,Evidence-Based Dentistry
432,Evidence-Based Dentistry
433,Evidence-Based Dentistry
434,Evidence-Based Dentistry
435,Evidence-Based Dentistry
436,Evidence-Based Dentistry
437,Experimental & Molecular Medicine
438,Experimental & Molecular Medicine
439,Experimental & Molecular Medicine
440,Experimental & Molecular Medicine
441,Experimental & Molecular Medicine
442,Experimental & Molecular Medicine
443,Experimental & Molecular Medicine
444,Experimental & Molecular Medicine
445,Experimental & Molecular Medicine
446,Experimental & Molecular Medicine
447,Experimental & Molecular Medicine
448,Experimental & Molecular Medicine
449,Experimental & Molecular Medicine
450,Experimental & Molecular Medicine
451,Experimental & Molecular Medicine
452,Experimental & Molecular Medicine
453,Experimental & Molecular Medicine
454,Experimental & Molecular Medicine
455,Experimental & Molecular Medicine
456,Experimental & Molecular Medicine
457,Eye
458,Eye
459,Eye
460,Eye
461,Eye
462,Eye
463,Eye
464,Eye
465,Gene Therapy
466,Gene Therapy
467,Gene Therapy
468,Gene Therapy
469,Gene Therapy
470,Gene Therapy
471,Gene Therapy
472,Gene Therapy
473,Gene Therapy
474,Gene Therapy
475,Genes & Immunity
476,Genes & Immunity
477,Genes & Immunity
478,Genes & Immunity
479,Genes & Immunity
480,Genes & Immunity
481,Genes & Immunity
482,Genes & Immunity
483,Genes & Immunity
484,Genes & Immunity
485,Genes & Immunity
486,Genes & Immunity
487,Genes & Immunity
488,Genes & Immunity
489,Genetics in Medicine
490,Genetics in Medicine
491,Genetics in Medicine
492,Genetics in Medicine
493,Genetics in Medicine
494,Genetics in Medicine
495,Genetics in Medicine
496,Genetics in Medicine
497,Genetics in Medicine
498,Genetics in Medicine
499,Genetics in Medicine
500,Genetics in Medicine
501,Genetics in Medicine
502,Genetics in Medicine
503,Genetics in Medicine
504,Genetics in Medicine
505,Genetics in Medicine
506,Heredity
507,Heredity
508,Heredity
509,Heredity
510,Heredity
511,Heredity
512,Heredity
513,Heredity
514,Heredity
515,Heredity
516,Heredity
517,Heredity
518,Heredity
519,Horticulture Research
520,Horticulture Research
521,Horticulture Research
522,Horticulture Research
523,Horticulture Research
524,Horticulture Research
525,Horticulture Research
526,Horticulture Research
527,Horticulture Research
528,Horticulture Research
529,Horticulture Research
530,Horticulture Research
531,Horticulture Research
532,Horticulture Research
533,Horticulture Research
534,Horticulture Research
535,Horticulture Research
536,Horticulture Research
537,Horticulture Research
538,Horticulture Research
539,Human Genome Variation
540,Human Genome Variation
541,Human Genome Variation
542,Human Genome Variation
543,Human Genome Variation
544,Human Genome Variation
545,Human Genome Variation
546,Human Genome Variation
547,Human Genome Variation
548,Human Genome Variation
549,Human Genome Variation
550,Human Genome Variation
551,Human Genome Variation
552,Human Genome Variation
553,Human Genome Variation
554,Human Genome Variation
555,Human Genome Variation
556,Human Genome Variation
557,Human Genome Variation
558,Human Genome Variation
559,Humanities and Social Sciences Communications
560,Humanities and Social Sciences Communications
561,Humanities and Social Sciences Communications
562,Humanities and Social Sciences Communications
563,Humanities and Social Sciences Communications
564,Humanities and Social Sciences Communications
565,Humanities and Social Sciences Communications
566,Humanities and Social Sciences Communications
567,Humanities and Social Sciences Communications
568,Humanities and Social Sciences Communications
569,Humanities and Social Sciences Communications
570,Humanities and Social Sciences Communications
571,Humanities and Social Sciences Communications
572,Humanities and Social Sciences Communications
573,Humanities and Social Sciences Communications
574,Humanities and Social Sciences Communications
575,Humanities and Social Sciences Communications
576,Humanities and Social Sciences Communications
577,Humanities and Social Sciences Communications
578,Humanities and Social Sciences Communications
579,Hypertension Research
580,Hypertension Research
581,Hypertension Research
582,Hypertension Research
583,Hypertension Research
584,Hypertension Research
585,Hypertension Research
586,Hypertension Research
587,International Journal of Impotence Research
588,International Journal of Impotence Research
589,International Journal of Impotence Research
590,International Journal of Impotence Research
591,International Journal of Obesity
592,International Journal of Obesity
593,International Journal of Obesity
594,International Journal of Obesity
595,International Journal of Obesity
596,International Journal of Obesity
597,International Journal of Obesity Supplements
598,International Journal of Oral Science
599,International Journal of Oral Science
600,International Journal of Oral Science
601,International Journal of Oral Science
602,International Journal of Oral Science
603,International Journal of Oral Science
604,International Journal of Oral Science
605,International Journal of Oral Science
606,International Journal of Oral Science
607,International Journal of Oral Science
608,International Journal of Oral Science
609,International Journal of Oral Science
610,International Journal of Oral Science
611,International Journal of Oral Science
612,International Journal of Oral Science
613,International Journal of Oral Science
614,International Journal of Oral Science
615,International Journal of Oral Science
616,International Journal of Oral Science
617,International Journal of Oral Science
618,ISME Communications
619,ISME Communications
620,ISME Communications
621,ISME Communications
622,ISME Communications
623,ISME Communications
624,ISME Communications
625,ISME Communications
626,ISME Communications
627,ISME Communications
628,ISME Communications
629,ISME Communications
630,ISME Communications
631,ISME Communications
632,ISME Communications
633,ISME Communications
634,ISME Communications
635,ISME Communications
636,ISME Communications
637,ISME Communications
638,ISME Communications
639,ISME Communications
640,ISME Communications
641,The ISME Journal
642,The ISME Journal
643,The ISME Journal
644,The ISME Journal
645,The ISME Journal
646,The ISME Journal
647,The ISME Journal
648,The ISME Journal
649,The ISME Journal
650,The ISME Journal
651,The Journal of Antibiotics
652,The Journal of Antibiotics
653,The Journal of Antibiotics
654,The Journal of Antibiotics
655,Journal of Exposure Science & Environmental Epidemiology
656,Journal of Exposure Science & Environmental Epidemiology
657,Journal of Exposure Science & Environmental Epidemiology
658,Journal of Exposure Science & Environmental Epidemiology
659,Journal of Exposure Science & Environmental Epidemiology
660,Journal of Exposure Science & Environmental Epidemiology
661,Journal of Exposure Science & Environmental Epidemiology
662,Journal of Human Genetics
663,Journal of Human Genetics
664,Journal of Human Genetics
665,Journal of Human Genetics
666,Journal of Human Genetics
667,Journal of Human Genetics
668,Journal of Human Genetics
669,Journal of Human Genetics
670,Journal of Human Hypertension
671,Journal of Human Hypertension
672,Journal of Human Hypertension
673,Journal of Human Hypertension
674,Journal of Human Hypertension
675,Journal of Human Hypertension
676,Journal of Human Hypertension
677,Journal of Human Hypertension
678,Journal of Human Hypertension
679,Journal of Perinatology
680,Journal of Perinatology
681,Journal of Perinatology
682,Journal of Perinatology
683,Journal of Perinatology
684,Journal of Perinatology
685,Journal of Perinatology
686,Journal of Perinatology
687,Journal of Perinatology
688,Lab Animal
689,Lab Animal
690,Lab Animal
691,Lab Animal
692,Laboratory Investigation
693,Laboratory Investigation
694,Laboratory Investigation
695,Laboratory Investigation
696,Laboratory Investigation
697,Laboratory Investigation
698,Laboratory Investigation
699,Laboratory Investigation
700,Laboratory Investigation
701,Laboratory Investigation
702,Laboratory Investigation
703,Leukemia
704,Leukemia
705,Leukemia
706,Leukemia
707,Leukemia
708,Leukemia
709,Leukemia
710,Leukemia
711,Leukemia
712,Leukemia
713,Leukemia
714,Leukemia Supplements
715,Leukemia Supplements
716,Leukemia Supplements
717,Leukemia Supplements
718,Leukemia Supplements
719,Light: Science & Applications
720,Light: Science & Applications
721,Light: Science & Applications
722,Light: Science & Applications
723,Light: Science & Applications
724,Light: Science & Applications
725,Light: Science & Applications
726,Light: Science & Applications
727,Light: Science & Applications
728,Light: Science & Applications
729,Light: Science & Applications
730,Light: Science & Applications
731,Light: Science & Applications
732,Light: Science & Applications
733,Light: Science & Applications
734,Light: Science & Applications
735,Light: Science & Applications
736,Light: Science & Applications
737,Light: Science & Applications
738,Light: Science & Applications
739,Microsystems & Nanoengineering
740,Microsystems & Nanoengineering
741,Microsystems & Nanoengineering
742,Microsystems & Nanoengineering
743,Microsystems & Nanoengineering
744,Microsystems & Nanoengineering
745,Microsystems & Nanoengineering
746,Microsystems & Nanoengineering
747,Microsystems & Nanoengineering
748,Microsystems & Nanoengineering
749,Microsystems & Nanoengineering
750,Microsystems & Nanoengineering
751,Microsystems & Nanoengineering
752,Microsystems & Nanoengineering
753,Microsystems & Nanoengineering
754,Microsystems & Nanoengineering
755,Microsystems & Nanoengineering
756,Microsystems & Nanoengineering
757,Microsystems & Nanoengineering
758,Microsystems & Nanoengineering
759,Modern Pathology
760,Modern Pathology
761,Modern Pathology
762,Modern Pathology
763,Modern Pathology
764,Modern Pathology
765,Modern Pathology
766,Molecular Psychiatry
767,Molecular Psychiatry
768,Molecular Psychiatry
769,Molecular Psychiatry
770,Molecular Psychiatry
771,Molecular Psychiatry
772,Molecular Psychiatry
773,Molecular Psychiatry
774,Molecular Psychiatry
775,Molecular Psychiatry
776,Molecular Psychiatry
777,Molecular Psychiatry
778,Molecular Psychiatry
779,Molecular Psychiatry
780,Molecular Psychiatry
781,Molecular Psychiatry
782,Mucosal Immunology
783,Mucosal Immunology
784,Mucosal Immunology
785,Mucosal Immunology
786,Mucosal Immunology
787,Mucosal Immunology
788,Mucosal Immunology
789,Mucosal Immunology
790,Mucosal Immunology
791,Mucosal Immunology
792,Mucosal Immunology
793,Mucosal Immunology
794,Mucosal Immunology
795,Mucosal Immunology
796,Mucosal Immunology
797,Nature
798,Nature
799,Nature
800,Nature
801,Nature
802,Nature
803,Nature
804,Nature
805,Nature
806,Nature
807,Nature
808,Nature
809,Nature
810,Nature
811,Nature
812,Nature
813,Nature
814,Nature
815,Nature Africa
816,Nature Africa
817,Nature Africa
818,Nature Africa
819,Nature Africa
820,Nature Africa
821,Nature Africa
822,Nature Africa
823,Nature Africa
824,Nature Africa
825,Nature Africa
826,Nature Africa
827,Nature Africa
828,Nature Africa
829,Nature Africa
830,Nature Africa
831,Nature Africa
832,Nature Africa
833,Nature Africa
834,Nature Africa
835,Nature Aging
836,Nature Aging
837,Nature Aging
838,Nature Aging
839,Nature Aging
840,Nature Aging
841,Nature Aging
842,Nature Aging
843,Nature Aging
844,Nature Astronomy
845,Nature Biomedical Engineering
846,Nature Biomedical Engineering
847,Nature Biomedical Engineering
848,Nature Biomedical Engineering
849,Nature Biomedical Engineering
850,Nature Biomedical Engineering
851,Nature Biomedical Engineering
852,Nature Biomedical Engineering
853,Nature Biotechnology
854,Nature Biotechnology
855,Nature Biotechnology
856,Nature Biotechnology
857,Nature Biotechnology
858,Nature Cancer
859,Nature Cancer
860,Nature Cancer
861,Nature Cancer
862,Nature Cancer
863,Nature Cancer
864,Nature Catalysis
865,Nature Catalysis
866,Nature Cell Biology
867,Nature Cell Biology
868,Nature Cell Biology
869,Nature Cell Biology
870,Nature Cell Biology
871,Nature Cell Biology
872,Nature Cell Biology
873,Nature Cell Biology
874,Nature Chemical Biology
875,Nature Chemical Biology
876,Nature Chemical Biology
877,Nature Chemical Biology
878,Nature Chemistry
879,Nature Chemistry
880,Nature Chemistry
881,Nature Chemistry
882,Nature Chemistry
883,Nature Chemistry
884,Nature Chemistry
885,Nature Chemistry
886,Nature Climate Change
887,Nature Climate Change
888,Nature Climate Change
889,Nature Communications
890,Nature Communications
891,Nature Communications
892,Nature Communications
893,Nature Communications
894,Nature Communications
895,Nature Communications
896,Nature Communications
897,Nature Communications
898,Nature Communications
899,Nature Communications
900,Nature Communications
901,Nature Communications
902,Nature Communications
903,Nature Communications
904,Nature Communications
905,Nature Communications
906,Nature Communications
907,Nature Communications
908,Nature Communications
909,Nature Computational Science
910,Nature Computational Science
911,Nature Computational Science
912,Nature Computational Science
913,Nature Computational Science
914,Nature Computational Science
915,Nature Computational Science
916,Nature Computational Science
917,Nature Computational Science
918,Nature Ecology & Evolution
919,Nature Ecology & Evolution
920,Nature Ecology & Evolution
921,Nature Ecology & Evolution
922,Nature Ecology & Evolution
923,Nature Ecology & Evolution
924,Nature Ecology & Evolution
925,Nature Electronics
926,Nature Electronics
927,Nature Electronics
928,Nature Electronics
929,Nature Energy
930,Nature Energy
