,OK_LINK
0,https://www.nature.com/articles/s41401-021-00772-8
1,https://www.nature.com/articles/s41401-021-00745-x
2,https://www.nature.com/articles/s41401-021-00770-w
3,https://www.nature.com/articles/s41401-021-00773-7
4,https://www.nature.com/articles/s41401-021-00769-3
5,https://www.nature.com/articles/s41401-021-00777-3
6,https://www.nature.com/articles/s41401-021-00731-3
7,https://www.nature.com/articles/s41401-021-00771-9
8,https://www.nature.com/articles/s41401-021-00730-4
9,https://www.nature.com/articles/s41404-021-0931-0
10,https://www.nature.com/articles/s41404-021-0922-1
11,https://www.nature.com/articles/s41404-021-0928-8
12,https://www.nature.com/articles/s41404-021-0925-y
13,https://www.nature.com/articles/s41404-021-0929-7
14,https://www.nature.com/articles/s41404-021-0930-1
15,https://www.nature.com/articles/s41404-021-0926-x
16,https://www.nature.com/articles/s41404-021-0917-y
17,https://www.nature.com/articles/s41404-021-0924-z
18,https://www.nature.com/articles/s41404-021-0910-5
19,https://www.nature.com/articles/s41404-021-0913-2
20,https://www.nature.com/articles/s41404-021-0919-9
21,https://www.nature.com/articles/s41404-021-0918-x
22,https://www.nature.com/articles/s41404-021-0920-3
23,https://www.nature.com/articles/s41404-021-0923-0
24,https://www.nature.com/articles/s41404-021-0914-1
25,https://www.nature.com/articles/s41404-021-0921-2
26,https://www.nature.com/articles/s41404-021-0927-9
27,https://www.nature.com/articles/s41404-021-0905-2
28,https://www.nature.com/articles/s41404-021-0912-3
29,https://www.nature.com/articles/s41405-021-00090-5
30,https://www.nature.com/articles/s41405-021-00088-z
31,https://www.nature.com/articles/s41405-021-00089-y
32,https://www.nature.com/articles/s41405-021-00087-0
33,https://www.nature.com/articles/s41405-021-00086-1
34,https://www.nature.com/articles/s41405-021-00083-4
35,https://www.nature.com/articles/s41405-021-00085-2
36,https://www.nature.com/articles/s41405-021-00084-3
37,https://www.nature.com/articles/s41405-021-00082-5
38,https://www.nature.com/articles/s41405-021-00076-3
39,https://www.nature.com/articles/s41405-021-00081-6
40,https://www.nature.com/articles/s41405-021-00079-0
41,https://www.nature.com/articles/s41405-021-00080-7
42,https://www.nature.com/articles/s41405-021-00077-2
43,https://www.nature.com/articles/s41405-021-00078-1
44,https://www.nature.com/articles/s41405-021-00075-4
45,https://www.nature.com/articles/s41405-021-00074-5
46,https://www.nature.com/articles/s41405-021-00073-6
47,https://www.nature.com/articles/s41405-021-00072-7
48,https://www.nature.com/articles/s41405-021-00071-8
49,https://www.nature.com/articles/s41406-021-0253-z
50,https://www.nature.com/articles/s41406-021-0251-1
51,https://www.nature.com/articles/s41406-021-0257-8
52,https://www.nature.com/articles/s41406-021-0247-x
53,https://www.nature.com/articles/s41406-021-0254-y
54,https://www.nature.com/articles/s41406-021-0261-z
55,https://www.nature.com/articles/s41406-021-0252-0
56,https://www.nature.com/articles/s41406-021-0258-7
57,https://www.nature.com/articles/s41406-021-0249-8
58,https://www.nature.com/articles/s41406-021-0250-2
59,https://www.nature.com/articles/s41406-021-0256-9
60,https://www.nature.com/articles/s41406-021-0262-y
61,https://www.nature.com/articles/s41406-021-0259-6
62,https://www.nature.com/articles/s41406-021-0246-y
63,https://www.nature.com/articles/s41406-021-0225-3
64,https://www.nature.com/articles/s41407-021-0732-7
65,https://www.nature.com/articles/s41407-021-0735-4
66,https://www.nature.com/articles/s41407-021-0733-6
67,https://www.nature.com/articles/s41407-021-0731-8
68,https://www.nature.com/articles/s41407-021-0734-5
69,https://www.nature.com/articles/s41407-021-0722-9
70,https://www.nature.com/articles/s41407-021-0725-6
71,https://www.nature.com/articles/s41407-021-0728-3
72,https://www.nature.com/articles/s41407-021-0723-8
73,https://www.nature.com/articles/s41407-021-0719-4
74,https://www.nature.com/articles/s41407-021-0730-9
75,https://www.nature.com/articles/s41407-021-0726-5
76,https://www.nature.com/articles/s41407-021-0713-x
77,https://www.nature.com/articles/s41407-021-0729-2
78,https://www.nature.com/articles/s41407-021-0720-y
79,https://www.nature.com/articles/s41407-021-0724-7
80,https://www.nature.com/articles/s41407-021-0727-4
81,https://www.nature.com/articles/s41407-021-0721-x
82,https://www.nature.com/articles/s41407-021-0718-5
83,https://www.nature.com/articles/s41407-021-0706-9
84,https://www.nature.com/articles/s41407-021-0706-9
85,https://www.nature.com/articles/d43747-021-00146-3
86,https://www.nature.com/articles/d43747-021-00145-4
87,https://www.nature.com/articles/d43747-021-00110-1
88,https://www.nature.com/articles/d43747-021-00110-1
89,https://www.nature.com/articles/d43747-021-00107-w
90,https://www.nature.com/articles/d43747-021-00107-w
91,https://www.nature.com/articles/d43747-021-00124-9
92,https://www.nature.com/articles/d43747-021-00115-w
93,https://www.nature.com/articles/d43747-021-00122-x
94,https://www.nature.com/articles/d43747-021-00127-6
95,https://www.nature.com/articles/d43747-021-00134-7
96,https://www.nature.com/articles/d43747-021-00141-8
97,https://www.nature.com/articles/d43747-021-00113-y
98,https://www.nature.com/articles/d43747-021-00137-4
99,https://www.nature.com/articles/d43747-021-00120-z
100,https://www.nature.com/articles/d43747-021-00111-0
101,https://www.nature.com/articles/d43747-021-00125-8
102,https://www.nature.com/articles/d43747-021-00132-9
103,https://www.nature.com/articles/d43747-021-00123-w
104,https://www.nature.com/articles/d43747-021-00128-5
105,https://www.nature.com/articles/d43747-021-00130-x
106,https://www.nature.com/articles/d43747-021-00116-9
107,https://www.nature.com/articles/s41408-021-00554-9
108,https://www.nature.com/articles/s41408-021-00559-4
109,https://www.nature.com/articles/s41408-021-00558-5
110,https://www.nature.com/articles/s41408-021-00555-8
111,https://www.nature.com/articles/s41408-021-00557-6
112,https://www.nature.com/articles/s41408-021-00527-y
113,https://www.nature.com/articles/s41408-021-00542-z
114,https://www.nature.com/articles/s41408-021-00553-w
115,https://www.nature.com/articles/s41408-021-00548-7
116,https://www.nature.com/articles/s41408-021-00538-9
117,https://www.nature.com/articles/s41408-021-00541-0
118,https://www.nature.com/articles/s41408-021-00552-x
119,https://www.nature.com/articles/s41408-021-00550-z
120,https://www.nature.com/articles/s41408-021-00549-6
121,https://www.nature.com/articles/s41408-021-00546-9
122,https://www.nature.com/articles/s41408-021-00547-8
123,https://www.nature.com/articles/s41408-021-00545-w
124,https://www.nature.com/articles/s41408-021-00544-x
125,https://www.nature.com/articles/s41408-021-00543-y
126,https://www.nature.com/articles/s41408-021-00539-8
127,https://www.nature.com/articles/s41409-021-01480-x
128,https://www.nature.com/articles/s41409-021-01487-4
129,https://www.nature.com/articles/s41409-021-01490-9
130,https://www.nature.com/articles/s41409-021-01477-6
131,https://www.nature.com/articles/s41409-021-01489-2
132,https://www.nature.com/articles/s41409-021-01465-w
133,https://www.nature.com/articles/s41409-021-01472-x
134,https://www.nature.com/articles/s41413-021-00158-w
135,https://www.nature.com/articles/s41413-021-00157-x
136,https://www.nature.com/articles/s41413-021-00164-y
137,https://www.nature.com/articles/s41413-021-00159-9
138,https://www.nature.com/articles/s41413-021-00156-y
139,https://www.nature.com/articles/s41413-021-00153-1
140,https://www.nature.com/articles/s41413-021-00163-z
141,https://www.nature.com/articles/s41413-021-00155-z
142,https://www.nature.com/articles/s41413-021-00154-0
143,https://www.nature.com/articles/s41413-021-00160-2
144,https://www.nature.com/articles/s41413-021-00151-3
145,https://www.nature.com/articles/s41413-021-00152-2
146,https://www.nature.com/articles/s41413-021-00146-0
147,https://www.nature.com/articles/s41413-021-00148-y
148,https://www.nature.com/articles/s41413-021-00150-4
149,https://www.nature.com/articles/s41413-021-00149-x
150,https://www.nature.com/articles/s41413-021-00145-1
151,https://www.nature.com/articles/s41413-021-00144-2
152,https://www.nature.com/articles/s41413-021-00142-4
153,https://www.nature.com/articles/s41413-021-00136-2
154,https://www.nature.com/articles/s41415-021-3543-5
155,https://www.nature.com/articles/s41415-021-3542-6
156,https://www.nature.com/articles/s41415-021-3547-1
157,https://www.nature.com/articles/s41415-021-3559-x
158,https://www.nature.com/articles/s41415-021-3534-6
159,https://www.nature.com/articles/s41415-021-3553-3
160,https://www.nature.com/articles/s41415-021-3521-y
161,https://www.nature.com/articles/s41415-021-3558-y
162,https://www.nature.com/articles/s41415-021-3541-7
163,https://www.nature.com/articles/s41415-021-3518-6
164,https://www.nature.com/articles/s41415-021-3556-0
165,https://www.nature.com/articles/s41415-021-3544-4
166,https://www.nature.com/articles/s41415-021-3549-z
167,https://www.nature.com/articles/s41415-021-3551-5
168,https://www.nature.com/articles/s41415-021-3554-2
169,https://www.nature.com/articles/s41415-021-3523-9
170,https://www.nature.com/articles/s41415-021-3519-5
171,https://www.nature.com/articles/s41415-021-3538-2
172,https://www.nature.com/articles/s41415-021-3427-8
173,https://www.nature.com/articles/s41416-021-01532-5
174,https://www.nature.com/articles/s41416-021-01565-w
175,https://www.nature.com/articles/s41416-021-01553-0
176,https://www.nature.com/articles/s41416-021-01525-4
177,https://www.nature.com/articles/s41416-021-01563-y
178,https://www.nature.com/articles/s41416-021-01555-y
179,https://www.nature.com/articles/s41416-021-01554-z
180,https://www.nature.com/articles/s41417-021-00384-8
181,https://www.nature.com/articles/s41417-021-00391-9
182,https://www.nature.com/articles/s41417-021-00389-3
183,https://www.nature.com/articles/s41417-021-00387-5
184,https://www.nature.com/articles/s41417-021-00386-6
185,https://www.nature.com/articles/s41417-021-00368-8
186,https://www.nature.com/articles/s41417-021-00381-x
187,https://www.nature.com/articles/s41417-021-00383-9
188,https://www.nature.com/articles/s41417-021-00374-w
189,https://www.nature.com/articles/s41417-021-00379-5
190,https://www.nature.com/articles/s41417-021-00369-7
191,https://www.nature.com/articles/s41418-021-00871-3
192,https://www.nature.com/articles/s41418-021-00885-x
193,https://www.nature.com/articles/s41418-021-00875-z
194,https://www.nature.com/articles/s41418-021-00864-2
195,https://www.nature.com/articles/s41418-021-00869-x
196,https://www.nature.com/articles/s41418-021-00866-0
197,https://www.nature.com/articles/s41418-021-00868-y
198,https://www.nature.com/articles/s41419-021-04227-0
199,https://www.nature.com/articles/s41419-021-04225-2
200,https://www.nature.com/articles/s41419-021-03983-3
201,https://www.nature.com/articles/s41419-021-04184-8
202,https://www.nature.com/articles/s41419-021-04234-1
203,https://www.nature.com/articles/s41419-021-04218-1
204,https://www.nature.com/articles/s41419-021-04206-5
205,https://www.nature.com/articles/s41419-021-04197-3
206,https://www.nature.com/articles/s41419-021-04188-4
207,https://www.nature.com/articles/s41419-021-04202-9
208,https://www.nature.com/articles/s41419-021-04072-1
209,https://www.nature.com/articles/s41419-021-04183-9
210,https://www.nature.com/articles/s41419-021-04201-w
211,https://www.nature.com/articles/s41419-021-04198-2
212,https://www.nature.com/articles/s41419-021-04205-6
213,https://www.nature.com/articles/s41419-021-04191-9
214,https://www.nature.com/articles/s41419-021-04213-6
215,https://www.nature.com/articles/s41419-021-04211-8
216,https://www.nature.com/articles/s41419-021-04165-x
217,https://www.nature.com/articles/s41419-021-04215-4
218,https://www.nature.com/articles/s41420-021-00681-z
219,https://www.nature.com/articles/s41420-021-00680-0
220,https://www.nature.com/articles/s41420-021-00678-8
221,https://www.nature.com/articles/s41420-021-00672-0
222,https://www.nature.com/articles/s41420-021-00673-z
223,https://www.nature.com/articles/s41420-021-00671-1
224,https://www.nature.com/articles/s41420-021-00660-4
225,https://www.nature.com/articles/s41420-021-00665-z
226,https://www.nature.com/articles/s41420-021-00666-y
227,https://www.nature.com/articles/s41420-021-00658-y
228,https://www.nature.com/articles/s41420-021-00657-z
229,https://www.nature.com/articles/s41420-021-00667-x
230,https://www.nature.com/articles/s41420-021-00659-x
231,https://www.nature.com/articles/s41420-021-00664-0
232,https://www.nature.com/articles/s41420-021-00662-2
233,https://www.nature.com/articles/s41420-021-00656-0
234,https://www.nature.com/articles/s41420-021-00655-1
235,https://www.nature.com/articles/s41420-021-00642-6
236,https://www.nature.com/articles/s41420-021-00635-5
237,https://www.nature.com/articles/s41420-021-00651-5
238,https://www.nature.com/articles/s41421-021-00331-9
239,https://www.nature.com/articles/s41421-021-00301-1
240,https://www.nature.com/articles/s41421-021-00303-z
241,https://www.nature.com/articles/s41421-021-00321-x
242,https://www.nature.com/articles/s41421-021-00330-w
243,https://www.nature.com/articles/s41421-021-00298-7
244,https://www.nature.com/articles/s41421-021-00299-6
245,https://www.nature.com/articles/s41421-021-00314-w
246,https://www.nature.com/articles/s41421-021-00322-w
247,https://www.nature.com/articles/s41421-021-00297-8
248,https://www.nature.com/articles/s41421-021-00320-y
249,https://www.nature.com/articles/s41421-021-00316-8
250,https://www.nature.com/articles/s41421-021-00312-y
251,https://www.nature.com/articles/s41421-021-00307-9
252,https://www.nature.com/articles/s41421-021-00319-5
253,https://www.nature.com/articles/s41421-021-00318-6
254,https://www.nature.com/articles/s41421-021-00291-0
255,https://www.nature.com/articles/s41421-021-00305-x
256,https://www.nature.com/articles/s41421-021-00310-0
257,https://www.nature.com/articles/s41421-021-00288-9
258,https://www.nature.com/articles/s41422-021-00579-6
259,https://www.nature.com/articles/s41422-021-00579-6
260,https://www.nature.com/articles/s41422-021-00576-9
261,https://www.nature.com/articles/s41422-021-00575-w
262,https://www.nature.com/articles/s41422-021-00570-1
263,https://www.nature.com/articles/s41422-021-00571-0
264,https://www.nature.com/articles/s41422-021-00563-0
265,https://www.nature.com/articles/s41422-021-00569-8
266,https://www.nature.com/articles/s41422-021-00562-1
267,https://www.nature.com/articles/s41422-021-00572-z
268,https://www.nature.com/articles/s41422-021-00568-9
269,https://www.nature.com/articles/s41422-021-00566-x
270,https://www.nature.com/articles/s41422-021-00564-z
271,https://www.nature.com/articles/s41422-021-00554-1
272,https://www.nature.com/articles/s41422-021-00560-3
273,https://www.nature.com/articles/s41422-021-00559-w
274,https://www.nature.com/articles/s41422-021-00558-x
275,https://www.nature.com/articles/s41423-021-00772-y
276,https://www.nature.com/articles/s41423-021-00776-8
277,https://www.nature.com/articles/s41423-021-00757-x
278,https://www.nature.com/articles/s41423-021-00771-z
279,https://www.nature.com/articles/s41423-021-00759-9
280,https://www.nature.com/articles/s41423-021-00768-8
281,https://www.nature.com/articles/s41423-021-00767-9
282,https://www.nature.com/articles/s41423-021-00769-7
283,https://www.nature.com/articles/s41423-021-00752-2
284,https://www.nature.com/articles/s41423-021-00746-0
285,https://www.nature.com/articles/s41423-021-00761-1
286,https://www.nature.com/articles/s41423-021-00743-3
287,https://www.nature.com/articles/s42003-021-02699-6
288,https://www.nature.com/articles/s42003-021-02668-z
289,https://www.nature.com/articles/s42003-021-02683-0
290,https://www.nature.com/articles/s42003-021-02671-4
291,https://www.nature.com/articles/s42003-021-02709-7
292,https://www.nature.com/articles/s42003-021-02681-2
293,https://www.nature.com/articles/s42003-021-02711-z
294,https://www.nature.com/articles/s42003-021-02679-w
295,https://www.nature.com/articles/s42003-021-02686-x
296,https://www.nature.com/articles/s42003-021-02707-9
297,https://www.nature.com/articles/s42003-021-02665-2
298,https://www.nature.com/articles/s42003-021-02693-y
299,https://www.nature.com/articles/s42003-021-02705-x
300,https://www.nature.com/articles/s42003-021-02675-0
301,https://www.nature.com/articles/s42003-021-02689-8
302,https://www.nature.com/articles/s42003-021-02682-1
303,https://www.nature.com/articles/s42003-021-02703-z
304,https://www.nature.com/articles/s42003-021-02670-5
305,https://www.nature.com/articles/s42003-021-02701-1
306,https://www.nature.com/articles/s42003-021-02673-2
307,https://www.nature.com/articles/s42004-021-00581-4
308,https://www.nature.com/articles/s42004-021-00573-4
309,https://www.nature.com/articles/s42004-021-00578-z
310,https://www.nature.com/articles/s42004-021-00568-1
311,https://www.nature.com/articles/s42004-021-00576-1
312,https://www.nature.com/articles/s42004-021-00575-2
313,https://www.nature.com/articles/s42004-021-00577-0
314,https://www.nature.com/articles/s42004-021-00569-0
315,https://www.nature.com/articles/s42004-021-00574-3
316,https://www.nature.com/articles/s42004-021-00562-7
317,https://www.nature.com/articles/s42004-021-00572-5
318,https://www.nature.com/articles/s42004-021-00571-6
319,https://www.nature.com/articles/s42004-021-00570-7
320,https://www.nature.com/articles/s42004-021-00567-2
321,https://www.nature.com/articles/s42004-021-00564-5
322,https://www.nature.com/articles/s42004-021-00566-3
323,https://www.nature.com/articles/s42004-021-00565-4
324,https://www.nature.com/articles/s42004-021-00563-6
325,https://www.nature.com/articles/s42004-021-00557-4
326,https://www.nature.com/articles/s42004-021-00560-9
327,https://www.nature.com/articles/s43247-021-00283-8
328,https://www.nature.com/articles/s43247-021-00285-6
329,https://www.nature.com/articles/s43247-021-00287-4
330,https://www.nature.com/articles/s43247-021-00280-x
331,https://www.nature.com/articles/s43247-021-00276-7
332,https://www.nature.com/articles/s43247-021-00279-4
333,https://www.nature.com/articles/s43247-021-00275-8
334,https://www.nature.com/articles/s43247-021-00278-5
335,https://www.nature.com/articles/s43247-021-00274-9
336,https://www.nature.com/articles/s43247-021-00277-6
337,https://www.nature.com/articles/s43247-021-00269-6
338,https://www.nature.com/articles/s43247-021-00255-y
339,https://www.nature.com/articles/s43247-021-00270-z
340,https://www.nature.com/articles/s43247-021-00273-w
341,https://www.nature.com/articles/s43247-021-00238-z
342,https://www.nature.com/articles/s43247-021-00272-x
343,https://www.nature.com/articles/s43247-021-00271-y
344,https://www.nature.com/articles/s43247-021-00281-w
345,https://www.nature.com/articles/s43247-021-00266-9
346,https://www.nature.com/articles/s43247-021-00263-y
347,https://www.nature.com/articles/s43246-021-00208-0
348,https://www.nature.com/articles/s43246-021-00206-2
349,https://www.nature.com/articles/s43246-021-00205-3
350,https://www.nature.com/articles/s43246-021-00200-8
351,https://www.nature.com/articles/s43246-021-00201-7
352,https://www.nature.com/articles/s43246-021-00204-4
353,https://www.nature.com/articles/s43246-021-00203-5
354,https://www.nature.com/articles/s43246-021-00202-6
355,https://www.nature.com/articles/s43246-021-00199-y
356,https://www.nature.com/articles/s43246-021-00197-0
357,https://www.nature.com/articles/s43246-021-00189-0
358,https://www.nature.com/articles/s43246-021-00198-z
359,https://www.nature.com/articles/s43246-021-00194-3
360,https://www.nature.com/articles/s43246-021-00188-1
361,https://www.nature.com/articles/s43246-021-00196-1
362,https://www.nature.com/articles/s43246-021-00195-2
363,https://www.nature.com/articles/s43246-021-00193-4
364,https://www.nature.com/articles/s43246-021-00190-7
365,https://www.nature.com/articles/s43246-021-00192-5
366,https://www.nature.com/articles/s43246-021-00191-6
367,https://www.nature.com/articles/s43856-021-00036-w
368,https://www.nature.com/articles/s43856-021-00037-9
369,https://www.nature.com/articles/s43856-021-00033-z
370,https://www.nature.com/articles/s43856-021-00035-x
371,https://www.nature.com/articles/s43856-021-00034-y
372,https://www.nature.com/articles/s43856-021-00032-0
373,https://www.nature.com/articles/s43856-021-00031-1
374,https://www.nature.com/articles/s43856-021-00027-x
375,https://www.nature.com/articles/s43856-021-00024-0
376,https://www.nature.com/articles/s43856-021-00029-9
377,https://www.nature.com/articles/s43856-021-00026-y
378,https://www.nature.com/articles/s43856-021-00030-2
379,https://www.nature.com/articles/s43856-021-00028-w
380,https://www.nature.com/articles/s43856-021-00025-z
381,https://www.nature.com/articles/s43856-021-00023-1
382,https://www.nature.com/articles/s43856-021-00022-2
383,https://www.nature.com/articles/s43856-021-00021-3
384,https://www.nature.com/articles/s43856-021-00019-x
385,https://www.nature.com/articles/s43856-021-00020-4
386,https://www.nature.com/articles/s43856-021-00017-z
387,https://www.nature.com/articles/s42005-021-00729-7
388,https://www.nature.com/articles/s42005-021-00722-0
389,https://www.nature.com/articles/s42005-021-00723-z
390,https://www.nature.com/articles/s42005-021-00724-y
391,https://www.nature.com/articles/s42005-021-00728-8
392,https://www.nature.com/articles/s42005-021-00719-9
393,https://www.nature.com/articles/s42005-021-00726-w
394,https://www.nature.com/articles/s42005-021-00721-1
395,https://www.nature.com/articles/s42005-021-00710-4
396,https://www.nature.com/articles/s42005-021-00712-2
397,https://www.nature.com/articles/s42005-021-00718-w
398,https://www.nature.com/articles/s42005-021-00711-3
399,https://www.nature.com/articles/s42005-021-00717-x
400,https://www.nature.com/articles/s42005-021-00715-z
401,https://www.nature.com/articles/s42005-021-00702-4
402,https://www.nature.com/articles/s42005-021-00716-y
403,https://www.nature.com/articles/s42005-021-00720-2
404,https://www.nature.com/articles/s42005-021-00714-0
405,https://www.nature.com/articles/s42005-021-00713-1
406,https://www.nature.com/articles/s42005-021-00700-6
407,https://www.nature.com/articles/s41430-021-00991-6
408,https://www.nature.com/articles/s41430-021-01000-6
409,https://www.nature.com/articles/s41430-021-00995-2
410,https://www.nature.com/articles/s41430-021-00993-4
411,https://www.nature.com/articles/s41431-021-00967-x
412,https://www.nature.com/articles/s41431-021-00972-0
413,https://www.nature.com/articles/s41431-021-00979-7
414,https://www.nature.com/articles/s41431-021-00975-x
415,https://www.nature.com/articles/s41431-021-00970-2
416,https://www.nature.com/articles/s41431-021-00974-y
417,https://www.nature.com/articles/s41431-021-00971-1
418,https://www.nature.com/articles/s41431-021-00971-1
419,https://www.nature.com/articles/s41431-021-00969-9
420,https://www.nature.com/articles/s41431-021-00962-2
421,https://www.nature.com/articles/s41431-021-00959-x
422,https://www.nature.com/articles/s41431-021-00958-y
423,https://www.nature.com/articles/s41431-021-00957-z
424,https://www.nature.com/articles/s41431-021-00954-2
425,https://www.nature.com/articles/s41432-021-0189-8
426,https://www.nature.com/articles/s41432-021-0191-1
427,https://www.nature.com/articles/s41432-021-0191-1
428,https://www.nature.com/articles/s41432-021-0194-y
429,https://www.nature.com/articles/s41432-021-0194-y
430,https://www.nature.com/articles/s41432-021-0190-2
431,https://www.nature.com/articles/s41432-021-0190-2
432,https://www.nature.com/articles/s41432-021-0201-3
433,https://www.nature.com/articles/s41432-021-0201-3
434,https://www.nature.com/articles/s41432-021-0187-x
435,https://www.nature.com/articles/s41432-021-0169-z
436,https://www.nature.com/articles/s41432-021-0181-3
437,https://www.nature.com/articles/s12276-021-00682-z
438,https://www.nature.com/articles/s12276-021-00684-x
439,https://www.nature.com/articles/s12276-021-00681-0
440,https://www.nature.com/articles/s12276-021-00674-z
441,https://www.nature.com/articles/s12276-021-00678-9
442,https://www.nature.com/articles/s12276-021-00679-8
443,https://www.nature.com/articles/s12276-021-00675-y
444,https://www.nature.com/articles/s12276-021-00676-x
445,https://www.nature.com/articles/s12276-021-00669-w
446,https://www.nature.com/articles/s12276-021-00672-1
447,https://www.nature.com/articles/s12276-021-00670-3
448,https://www.nature.com/articles/s12276-021-00673-0
449,https://www.nature.com/articles/s12276-021-00671-2
450,https://www.nature.com/articles/s12276-021-00662-3
451,https://www.nature.com/articles/s12276-021-00668-x
452,https://www.nature.com/articles/s12276-021-00665-0
453,https://www.nature.com/articles/s12276-021-00667-y
454,https://www.nature.com/articles/s12276-021-00655-2
455,https://www.nature.com/articles/s12276-021-00664-1
456,https://www.nature.com/articles/s12276-021-00660-5
457,https://www.nature.com/articles/s41433-021-01769-7
458,https://www.nature.com/articles/s41433-021-01776-8
459,https://www.nature.com/articles/s41433-021-01775-9
460,https://www.nature.com/articles/s41433-021-01759-9
461,https://www.nature.com/articles/s41433-021-01774-w
462,https://www.nature.com/articles/s41433-021-01781-x
463,https://www.nature.com/articles/s41433-021-01773-x
464,https://www.nature.com/articles/s41433-021-01566-2
465,https://www.nature.com/articles/s41434-021-00292-4
466,https://www.nature.com/articles/s41434-021-00295-1
467,https://www.nature.com/articles/s41434-021-00293-3
468,https://www.nature.com/articles/s41434-021-00290-6
469,https://www.nature.com/articles/s41434-021-00277-3
470,https://www.nature.com/articles/s41434-021-00291-5
471,https://www.nature.com/articles/s41434-021-00284-4
472,https://www.nature.com/articles/s41434-021-00287-1
473,https://www.nature.com/articles/s41434-021-00283-5
474,https://www.nature.com/articles/s41434-021-00283-5
475,https://www.nature.com/articles/s41435-021-00149-1
476,https://www.nature.com/articles/s41435-021-00148-2
477,https://www.nature.com/articles/s41435-021-00147-3
478,https://www.nature.com/articles/s41435-021-00145-5
479,https://www.nature.com/articles/s41435-021-00144-6
480,https://www.nature.com/articles/s41435-021-00140-w
481,https://www.nature.com/articles/s41435-021-00139-3
482,https://www.nature.com/articles/s41435-021-00142-8
483,https://www.nature.com/articles/s41435-021-00143-7
484,https://www.nature.com/articles/s41435-021-00137-5
485,https://www.nature.com/articles/s41435-021-00136-6
486,https://www.nature.com/articles/s41435-021-00133-9
487,https://www.nature.com/articles/s41435-021-00131-x
488,https://www.nature.com/articles/s41435-021-00129-5
489,https://www.nature.com/articles/s41436-021-01308-5
490,https://www.nature.com/articles/s41436-021-01308-5
491,https://www.nature.com/articles/s41436-021-01307-6
492,https://www.nature.com/articles/s41436-021-01307-6
493,https://www.nature.com/articles/s41436-021-01302-x
494,https://www.nature.com/articles/s41436-021-01302-x
495,https://www.nature.com/articles/s41436-021-01279-7
496,https://www.nature.com/articles/s41436-021-01306-7
497,https://www.nature.com/articles/s41436-021-01305-8
498,https://www.nature.com/articles/s41436-021-01300-z
499,https://www.nature.com/articles/s41436-021-01297-5
500,https://www.nature.com/articles/s41436-021-01272-0
501,https://www.nature.com/articles/s41436-021-01299-3
502,https://www.nature.com/articles/s41436-021-01298-4
503,https://www.nature.com/articles/s41436-021-01296-6
504,https://www.nature.com/articles/s41436-021-01281-z
505,https://www.nature.com/articles/s41436-021-01293-9
506,https://www.nature.com/articles/s41437-021-00473-2
507,https://www.nature.com/articles/s41437-021-00474-1
508,https://www.nature.com/articles/s41437-021-00461-6
509,https://www.nature.com/articles/s41437-021-00464-3
510,https://www.nature.com/articles/s41437-021-00462-5
511,https://www.nature.com/articles/s41437-021-00462-5
512,https://www.nature.com/articles/s41437-021-00459-0
513,https://www.nature.com/articles/s41437-021-00460-7
514,https://www.nature.com/articles/s41437-021-00460-7
515,https://www.nature.com/articles/s41437-021-00458-1
516,https://www.nature.com/articles/s41437-021-00446-5
517,https://www.nature.com/articles/s41437-021-00446-5
518,https://www.nature.com/articles/s41437-021-00447-4
519,https://www.nature.com/articles/s41438-021-00701-0
520,https://www.nature.com/articles/s41438-021-00664-2
521,https://www.nature.com/articles/s41438-021-00694-w
522,https://www.nature.com/articles/s41438-021-00684-y
523,https://www.nature.com/articles/s41438-021-00649-1
524,https://www.nature.com/articles/s41438-021-00644-6
525,https://www.nature.com/articles/s41438-021-00651-7
526,https://www.nature.com/articles/s41438-021-00647-3
527,https://www.nature.com/articles/s41438-021-00654-4
528,https://www.nature.com/articles/s41438-021-00642-8
529,https://www.nature.com/articles/s41438-021-00640-w
530,https://www.nature.com/articles/s41438-021-00645-5
531,https://www.nature.com/articles/s41438-021-00652-6
532,https://www.nature.com/articles/s41438-021-00648-2
533,https://www.nature.com/articles/s41438-021-00655-3
534,https://www.nature.com/articles/s41438-021-00650-8
535,https://www.nature.com/articles/s41438-021-00646-4
536,https://www.nature.com/articles/s41438-021-00653-5
537,https://www.nature.com/articles/s41438-021-00689-7
538,https://www.nature.com/articles/s41438-021-00665-1
539,https://www.nature.com/articles/s41439-021-00170-w
540,https://www.nature.com/articles/s41439-021-00168-4
541,https://www.nature.com/articles/s41439-021-00169-3
542,https://www.nature.com/articles/s41439-021-00167-5
543,https://www.nature.com/articles/s41439-021-00165-7
544,https://www.nature.com/articles/s41439-021-00164-8
545,https://www.nature.com/articles/s41439-021-00163-9
546,https://www.nature.com/articles/s41439-021-00160-y
547,https://www.nature.com/articles/s41439-021-00161-x
548,https://www.nature.com/articles/s41439-021-00162-w
549,https://www.nature.com/articles/s41439-021-00159-5
550,https://www.nature.com/articles/s41439-021-00157-7
551,https://www.nature.com/articles/s41439-021-00158-6
552,https://www.nature.com/articles/s41439-021-00156-8
553,https://www.nature.com/articles/s41439-021-00155-9
554,https://www.nature.com/articles/s41439-021-00147-9
555,https://www.nature.com/articles/s41439-021-00154-w
556,https://www.nature.com/articles/s41439-021-00153-x
557,https://www.nature.com/articles/s41439-021-00151-z
558,https://www.nature.com/articles/s41439-021-00152-y
559,https://www.nature.com/articles/s41599-021-00896-6
560,https://www.nature.com/articles/s41599-021-00906-7
561,https://www.nature.com/articles/s41599-021-00903-w
562,https://www.nature.com/articles/s41599-021-00905-8
563,https://www.nature.com/articles/s41599-021-00897-5
564,https://www.nature.com/articles/s41599-021-00901-y
565,https://www.nature.com/articles/s41599-021-00900-z
566,https://www.nature.com/articles/s41599-021-00898-4
567,https://www.nature.com/articles/s41599-021-00891-x
568,https://www.nature.com/articles/s41599-021-00894-8
569,https://www.nature.com/articles/s41599-021-00890-y
570,https://www.nature.com/articles/s41599-021-00895-7
571,https://www.nature.com/articles/s41599-021-00881-z
572,https://www.nature.com/articles/s41599-021-00884-w
573,https://www.nature.com/articles/s41599-021-00892-w
574,https://www.nature.com/articles/s41599-021-00893-9
575,https://www.nature.com/articles/s41599-021-00885-9
576,https://www.nature.com/articles/s41599-021-00883-x
577,https://www.nature.com/articles/s41599-021-00889-5
578,https://www.nature.com/articles/s41599-021-00887-7
579,https://www.nature.com/articles/s41440-021-00726-x
580,https://www.nature.com/articles/s41440-021-00759-2
581,https://www.nature.com/articles/s41440-021-00753-8
582,https://www.nature.com/articles/s41440-021-00728-9
583,https://www.nature.com/articles/s41440-021-00748-5
584,https://www.nature.com/articles/s41440-021-00745-8
585,https://www.nature.com/articles/s41440-021-00711-4
586,https://www.nature.com/articles/s41440-021-00744-9
587,https://www.nature.com/articles/s41443-021-00473-0
588,https://www.nature.com/articles/s41443-021-00462-3
589,https://www.nature.com/articles/s41443-021-00457-0
590,https://www.nature.com/articles/s41443-021-00457-0
591,https://www.nature.com/articles/s41366-021-00982-4
592,https://www.nature.com/articles/s41366-021-00984-2
593,https://www.nature.com/articles/s41366-021-00971-7
594,https://www.nature.com/articles/s41366-021-00970-8
595,https://www.nature.com/articles/s41366-021-00968-2
596,https://www.nature.com/articles/s41366-021-00965-5
597,https://www.nature.com/articles/s41367-018-0004-y
598,https://www.nature.com/articles/s41368-021-00135-3
599,https://www.nature.com/articles/s41368-021-00136-2
600,https://www.nature.com/articles/s41368-021-00137-1
601,https://www.nature.com/articles/s41368-021-00133-5
602,https://www.nature.com/articles/s41368-021-00134-4
603,https://www.nature.com/articles/s41368-021-00132-6
604,https://www.nature.com/articles/s41368-021-00130-8
605,https://www.nature.com/articles/s41368-021-00128-2
606,https://www.nature.com/articles/s41368-021-00131-7
607,https://www.nature.com/articles/s41368-021-00129-1
608,https://www.nature.com/articles/s41368-021-00126-4
609,https://www.nature.com/articles/s41368-021-00127-3
610,https://www.nature.com/articles/s41368-021-00125-5
611,https://www.nature.com/articles/s41368-021-00121-9
612,https://www.nature.com/articles/s41368-021-00124-6
613,https://www.nature.com/articles/s41368-021-00122-8
614,https://www.nature.com/articles/s41368-021-00123-7
615,https://www.nature.com/articles/s41368-021-00119-3
616,https://www.nature.com/articles/s41368-021-00120-w
617,https://www.nature.com/articles/s41368-021-00117-5
618,https://www.nature.com/articles/s43705-021-00057-5
619,https://www.nature.com/articles/s43705-021-00058-4
620,https://www.nature.com/articles/s43705-021-00058-4
621,https://www.nature.com/articles/s43705-021-00056-6
622,https://www.nature.com/articles/s43705-021-00052-w
623,https://www.nature.com/articles/s43705-021-00055-7
624,https://www.nature.com/articles/s43705-021-00053-9
625,https://www.nature.com/articles/s43705-021-00051-x
626,https://www.nature.com/articles/s43705-021-00050-y
627,https://www.nature.com/articles/s43705-021-00049-5
628,https://www.nature.com/articles/s43705-021-00047-7
629,https://www.nature.com/articles/s43705-021-00047-7
630,https://www.nature.com/articles/s43705-021-00046-8
631,https://www.nature.com/articles/s43705-021-00045-9
632,https://www.nature.com/articles/s43705-021-00039-7
633,https://www.nature.com/articles/s43705-021-00040-0
634,https://www.nature.com/articles/s43705-021-00042-y
635,https://www.nature.com/articles/s43705-021-00042-y
636,https://www.nature.com/articles/s43705-021-00041-z
637,https://www.nature.com/articles/s43705-021-00043-x
638,https://www.nature.com/articles/s43705-021-00038-8
639,https://www.nature.com/articles/s43705-021-00036-w
640,https://www.nature.com/articles/s43705-021-00034-y
641,https://www.nature.com/articles/s41396-021-01128-0
642,https://www.nature.com/articles/s41396-021-01130-6
643,https://www.nature.com/articles/s41396-021-01125-3
644,https://www.nature.com/articles/s41396-021-01118-2
645,https://www.nature.com/articles/s41396-021-01111-9
646,https://www.nature.com/articles/s41396-021-01115-5
647,https://www.nature.com/articles/s41396-021-01117-3
648,https://www.nature.com/articles/s41396-021-01107-5
649,https://www.nature.com/articles/s41396-021-01106-6
650,https://www.nature.com/articles/s41396-021-01109-3
651,https://www.nature.com/articles/s41429-021-00458-7
652,https://www.nature.com/articles/s41429-021-00472-9
653,https://www.nature.com/articles/s41429-021-00460-z
654,https://www.nature.com/articles/s41429-021-00467-6
655,https://www.nature.com/articles/s41370-021-00386-6
656,https://www.nature.com/articles/s41370-021-00385-7
657,https://www.nature.com/articles/s41370-021-00381-x
658,https://www.nature.com/articles/s41370-021-00375-9
659,https://www.nature.com/articles/s41370-021-00379-5
660,https://www.nature.com/articles/s41370-021-00378-6
661,https://www.nature.com/articles/s41370-021-00376-8
662,https://www.nature.com/articles/s10038-021-00982-2
663,https://www.nature.com/articles/s10038-021-00982-2
664,https://www.nature.com/articles/s10038-021-00978-y
665,https://www.nature.com/articles/s10038-021-00978-y
666,https://www.nature.com/articles/s10038-021-00951-9
667,https://www.nature.com/articles/s10038-021-00976-0
668,https://www.nature.com/articles/s10038-021-00970-6
669,https://www.nature.com/articles/s10038-021-00969-z
670,https://www.nature.com/articles/s41371-021-00617-1
671,https://www.nature.com/articles/s41371-021-00616-2
672,https://www.nature.com/articles/s41371-021-00608-2
673,https://www.nature.com/articles/s41371-021-00615-3
674,https://www.nature.com/articles/s41371-021-00600-w
675,https://www.nature.com/articles/s41371-021-00600-w
676,https://www.nature.com/articles/s41371-021-00601-9
677,https://www.nature.com/articles/s41371-021-00607-3
678,https://www.nature.com/articles/s41371-021-00598-1
679,https://www.nature.com/articles/s41372-021-01219-y
680,https://www.nature.com/articles/s41372-021-01218-z
681,https://www.nature.com/articles/s41372-021-01212-5
682,https://www.nature.com/articles/s41372-021-01216-1
683,https://www.nature.com/articles/s41372-021-01210-7
684,https://www.nature.com/articles/s41372-021-01213-4
685,https://www.nature.com/articles/s41372-021-01206-3
686,https://www.nature.com/articles/s41372-021-01174-8
687,https://www.nature.com/articles/s41372-021-01177-5
688,https://www.nature.com/articles/s41684-021-00878-w
689,https://www.nature.com/articles/s41684-021-00878-w
690,https://www.nature.com/articles/s41684-021-00872-2
691,https://www.nature.com/articles/s41684-021-00867-z
692,https://www.nature.com/articles/s41374-021-00677-4
693,https://www.nature.com/articles/s41374-021-00677-4
694,https://www.nature.com/articles/s41374-021-00633-2
695,https://www.nature.com/articles/s41374-021-00633-2
696,https://www.nature.com/articles/s41374-021-00669-4
697,https://www.nature.com/articles/s41374-021-00676-5
698,https://www.nature.com/articles/s41374-021-00672-9
699,https://www.nature.com/articles/s41374-021-00671-w
700,https://www.nature.com/articles/s41374-021-00657-8
701,https://www.nature.com/articles/s41374-021-00657-8
702,https://www.nature.com/articles/s41374-021-00663-w
703,https://www.nature.com/articles/s41375-021-01442-8
704,https://www.nature.com/articles/s41375-021-01436-6
705,https://www.nature.com/articles/s41375-021-01437-5
706,https://www.nature.com/articles/s41375-021-01422-y
707,https://www.nature.com/articles/s41375-021-01421-z
708,https://www.nature.com/articles/s41375-021-01419-7
709,https://www.nature.com/articles/s41375-021-01429-5
710,https://www.nature.com/articles/s41375-021-01424-w
711,https://www.nature.com/articles/s41375-021-01416-w
712,https://www.nature.com/articles/s41375-021-01399-8
713,https://www.nature.com/articles/s41375-021-01418-8
714,https://www.nature.com/articles/s41376-019-0004-5
715,https://www.nature.com/articles/s41376-019-0004-5
716,https://www.nature.com/articles/leusup201410
717,https://www.nature.com/articles/leusup20146
718,https://www.nature.com/articles/leusup20131
719,https://www.nature.com/articles/s41377-021-00653-z
720,https://www.nature.com/articles/s41377-021-00646-y
721,https://www.nature.com/articles/s41377-021-00649-9
722,https://www.nature.com/articles/s41377-021-00640-4
723,https://www.nature.com/articles/s41377-021-00643-1
724,https://www.nature.com/articles/s41377-021-00648-w
725,https://www.nature.com/articles/s41377-021-00652-0
726,https://www.nature.com/articles/s41377-021-00647-x
727,https://www.nature.com/articles/s41377-021-00642-2
728,https://www.nature.com/articles/s41377-021-00631-5
729,https://www.nature.com/articles/s41377-021-00644-0
730,https://www.nature.com/articles/s41377-021-00636-0
731,https://www.nature.com/articles/s41377-021-00628-0
732,https://www.nature.com/articles/s41377-021-00623-5
733,https://www.nature.com/articles/s41377-021-00633-3
734,https://www.nature.com/articles/s41377-021-00645-z
735,https://www.nature.com/articles/s41377-021-00641-3
736,https://www.nature.com/articles/s41377-021-00639-x
737,https://www.nature.com/articles/s41377-021-00622-6
738,https://www.nature.com/articles/s41377-021-00632-4
739,https://www.nature.com/articles/s41378-021-00308-4
740,https://www.nature.com/articles/s41378-021-00303-9
741,https://www.nature.com/articles/s41378-021-00302-w
742,https://www.nature.com/articles/s41378-021-00307-5
743,https://www.nature.com/articles/s41378-021-00289-4
744,https://www.nature.com/articles/s41378-021-00296-5
745,https://www.nature.com/articles/s41378-021-00280-z
746,https://www.nature.com/articles/s41378-021-00298-3
747,https://www.nature.com/articles/s41378-021-00287-6
748,https://www.nature.com/articles/s41378-021-00292-9
749,https://www.nature.com/articles/s41378-021-00299-2
750,https://www.nature.com/articles/s41378-021-00295-6
751,https://www.nature.com/articles/s41378-021-00293-8
752,https://www.nature.com/articles/s41378-021-00286-7
753,https://www.nature.com/articles/s41378-021-00291-w
754,https://www.nature.com/articles/s41378-021-00294-7
755,https://www.nature.com/articles/s41378-021-00288-5
756,https://www.nature.com/articles/s41378-021-00290-x
757,https://www.nature.com/articles/s41378-021-00275-w
758,https://www.nature.com/articles/s41378-021-00283-w
759,https://www.nature.com/articles/s41379-021-00925-4
760,https://www.nature.com/articles/s41379-021-00939-y
761,https://www.nature.com/articles/s41379-021-00939-y
762,https://www.nature.com/articles/s41379-021-00941-4
763,https://www.nature.com/articles/s41379-021-00919-2
764,https://www.nature.com/articles/s41379-021-00905-8
765,https://www.nature.com/articles/s41379-021-00918-3
766,https://www.nature.com/articles/s41380-021-01306-8
767,https://www.nature.com/articles/s41380-021-01306-8
768,https://www.nature.com/articles/s41380-021-01309-5
769,https://www.nature.com/articles/s41380-021-01311-x
770,https://www.nature.com/articles/s41380-021-01300-0
771,https://www.nature.com/articles/s41380-021-01263-2
772,https://www.nature.com/articles/s41380-021-01290-z
773,https://www.nature.com/articles/s41380-021-01304-w
774,https://www.nature.com/articles/s41380-021-01295-8
775,https://www.nature.com/articles/s41380-021-01301-z
776,https://www.nature.com/articles/s41380-021-01271-2
777,https://www.nature.com/articles/s41380-021-01303-x
778,https://www.nature.com/articles/s41380-021-01299-4
779,https://www.nature.com/articles/s41380-021-01305-9
780,https://www.nature.com/articles/s41380-021-01307-7
781,https://www.nature.com/articles/s41380-021-01289-6
782,https://www.nature.com/articles/s41385-021-00456-w
783,https://www.nature.com/articles/s41385-021-00459-7
784,https://www.nature.com/articles/s41385-021-00451-1
785,https://www.nature.com/articles/s41385-021-00455-x
786,https://www.nature.com/articles/s41385-021-00452-0
787,https://www.nature.com/articles/s41385-021-00452-0
788,https://www.nature.com/articles/s41385-021-00450-2
789,https://www.nature.com/articles/s41385-021-00443-1
790,https://www.nature.com/articles/s41385-021-00448-w
791,https://www.nature.com/articles/s41385-021-00448-w
792,https://www.nature.com/articles/s41385-021-00449-9
793,https://www.nature.com/articles/s41385-021-00446-y
794,https://www.nature.com/articles/s41385-021-00445-z
795,https://www.nature.com/articles/s41385-021-00441-3
796,https://www.nature.com/articles/s41385-021-00437-z
797,https://www.nature.com/articles/s41586-021-04085-y
798,https://www.nature.com/articles/d41586-021-02761-7
799,https://www.nature.com/articles/d41586-021-02761-7
800,https://www.nature.com/articles/s41586-021-04080-3
801,https://www.nature.com/articles/s41586-021-03921-5
802,https://www.nature.com/articles/d41586-021-02743-9
803,https://www.nature.com/articles/d41586-021-02785-z
804,https://www.nature.com/articles/d41586-021-02755-5
805,https://www.nature.com/articles/d41586-021-02772-4
806,https://www.nature.com/articles/d41586-021-02763-5
807,https://www.nature.com/articles/d41586-021-02763-5
808,https://www.nature.com/articles/d41586-021-02782-2
809,https://www.nature.com/articles/d41586-021-02787-x
810,https://www.nature.com/articles/d41586-021-02733-x
811,https://www.nature.com/articles/d41586-021-02740-y
812,https://www.nature.com/articles/d41586-021-02783-1
813,https://www.nature.com/articles/s41586-021-04060-7
814,https://www.nature.com/articles/d41586-021-02746-6
815,https://www.nature.com/articles/d44148-021-00091-4
816,https://www.nature.com/articles/d44148-021-00092-3
817,https://www.nature.com/articles/d44148-021-00093-2
818,https://www.nature.com/articles/d44148-021-00094-1
819,https://www.nature.com/articles/d44148-021-00088-z
820,https://www.nature.com/articles/d44148-021-00089-y
821,https://www.nature.com/articles/d44148-021-00086-1
822,https://www.nature.com/articles/d44148-021-00087-0
823,https://www.nature.com/articles/d44148-021-00084-3
824,https://www.nature.com/articles/d44148-021-00085-2
825,https://www.nature.com/articles/d44148-021-00082-5
826,https://www.nature.com/articles/d44148-021-00083-4
827,https://www.nature.com/articles/d44148-021-00081-6
828,https://www.nature.com/articles/d44148-021-00079-0
829,https://www.nature.com/articles/d44148-021-00080-7
830,https://www.nature.com/articles/d44148-021-00077-2
831,https://www.nature.com/articles/d44148-021-00078-1
832,https://www.nature.com/articles/d44148-021-00076-3
833,https://www.nature.com/articles/d44148-021-00075-4
834,https://www.nature.com/articles/d44148-021-00074-5
835,https://www.nature.com/articles/s43587-021-00126-3
836,https://www.nature.com/articles/s43587-021-00118-3
837,https://www.nature.com/articles/s43587-021-00121-8
838,https://www.nature.com/articles/s43587-021-00106-7
839,https://www.nature.com/articles/s43587-021-00119-2
840,https://www.nature.com/articles/s43587-021-00115-6
841,https://www.nature.com/articles/s43587-021-00104-9
842,https://www.nature.com/articles/s43587-021-00114-7
843,https://www.nature.com/articles/s43587-021-00105-8
844,https://www.nature.com/articles/s41550-021-01503-z
845,https://www.nature.com/articles/s41551-021-00798-7
846,https://www.nature.com/articles/s41551-021-00794-x
847,https://www.nature.com/articles/s41551-021-00786-x
848,https://www.nature.com/articles/s41551-021-00818-6
849,https://www.nature.com/articles/s41551-021-00797-8
850,https://www.nature.com/articles/s41551-021-00790-1
851,https://www.nature.com/articles/s41551-021-00775-0
852,https://www.nature.com/articles/s41551-021-00775-0
853,https://www.nature.com/articles/s41587-021-01122-z
854,https://www.nature.com/articles/s41587-021-01034-y
855,https://www.nature.com/articles/s41587-021-01085-1
856,https://www.nature.com/articles/s41587-021-01088-y
857,https://www.nature.com/articles/s41587-021-01088-y
858,https://www.nature.com/articles/s43018-021-00283-9
859,https://www.nature.com/articles/s43018-021-00243-3
860,https://www.nature.com/articles/s43018-021-00277-7
861,https://www.nature.com/articles/s43018-021-00265-x
862,https://www.nature.com/articles/s43018-021-00253-1
863,https://www.nature.com/articles/s43018-021-00252-2
864,https://www.nature.com/articles/s41929-021-00681-3
865,https://www.nature.com/articles/s41929-021-00677-z
866,https://www.nature.com/articles/s41556-021-00772-0
867,https://www.nature.com/articles/s41556-021-00785-9
868,https://www.nature.com/articles/s41556-021-00759-x
869,https://www.nature.com/articles/s41556-021-00761-3
870,https://www.nature.com/articles/s41556-021-00761-3
871,https://www.nature.com/articles/s41556-021-00775-x
872,https://www.nature.com/articles/s41556-021-00757-z
873,https://www.nature.com/articles/s41556-021-00756-0
874,https://www.nature.com/articles/s41589-021-00882-8
875,https://www.nature.com/articles/s41589-021-00905-4
876,https://www.nature.com/articles/s41589-021-00841-3
877,https://www.nature.com/articles/s41589-021-00891-7
878,https://www.nature.com/articles/s41557-021-00823-x
879,https://www.nature.com/articles/s41557-021-00806-y
880,https://www.nature.com/articles/s41557-021-00775-2
881,https://www.nature.com/articles/s41557-021-00809-9
882,https://www.nature.com/articles/s41557-021-00808-w
883,https://www.nature.com/articles/s41557-021-00765-4
884,https://www.nature.com/articles/s41557-021-00752-9
885,https://www.nature.com/articles/s41557-021-00773-4
886,https://www.nature.com/articles/s41558-021-01185-5
887,https://www.nature.com/articles/s41558-021-01164-w
888,https://www.nature.com/articles/s41558-021-01156-w
889,https://www.nature.com/articles/s41467-021-26378-6
890,https://www.nature.com/articles/s41467-021-26377-7
891,https://www.nature.com/articles/s41467-021-26130-0
892,https://www.nature.com/articles/s41467-021-26156-4
893,https://www.nature.com/articles/s41467-021-26144-8
894,https://www.nature.com/articles/s41467-021-26222-x
895,https://www.nature.com/articles/s41467-021-26201-2
896,https://www.nature.com/articles/s41467-021-26272-1
897,https://www.nature.com/articles/s41467-021-25972-y
898,https://www.nature.com/articles/s41467-021-26133-x
899,https://www.nature.com/articles/s41467-021-26237-4
900,https://www.nature.com/articles/s41467-021-26220-z
901,https://www.nature.com/articles/s41467-021-26228-5
902,https://www.nature.com/articles/s41467-021-26179-x
903,https://www.nature.com/articles/s41467-021-26219-6
904,https://www.nature.com/articles/s41467-021-26035-y
905,https://www.nature.com/articles/s41467-021-26257-0
906,https://www.nature.com/articles/s41467-021-26158-2
907,https://www.nature.com/articles/s41467-021-26070-9
908,https://www.nature.com/articles/s41467-021-26205-y
909,https://www.nature.com/articles/s43588-021-00142-8
910,https://www.nature.com/articles/s43588-021-00147-3
911,https://www.nature.com/articles/s43588-021-00138-4
912,https://www.nature.com/articles/s43588-021-00146-4
913,https://www.nature.com/articles/s43588-021-00127-7
914,https://www.nature.com/articles/s43588-021-00137-5
915,https://www.nature.com/articles/s43588-021-00125-9
916,https://www.nature.com/articles/s43588-021-00126-8
917,https://www.nature.com/articles/s43588-021-00119-7
918,https://www.nature.com/articles/s41559-021-01560-7
919,https://www.nature.com/articles/s41559-021-01571-4
920,https://www.nature.com/articles/s41559-021-01569-y
921,https://www.nature.com/articles/s41559-021-01541-w
922,https://www.nature.com/articles/s41559-021-01541-w
923,https://www.nature.com/articles/s41559-021-01563-4
924,https://www.nature.com/articles/s41559-021-01546-5
925,https://www.nature.com/articles/s41928-021-00649-y
926,https://www.nature.com/articles/s41928-021-00654-1
927,https://www.nature.com/articles/s41928-021-00644-3
928,https://www.nature.com/articles/s41928-021-00642-5
929,https://www.nature.com/articles/s41560-021-00900-y
930,https://www.nature.com/articles/s41560-021-00888-5
