,OK
0,https://www.nature.com/articles/s41550-021-01503-z
1,https://www.nature.com/articles/s41550-021-01481-2
2,https://www.nature.com/articles/s41550-021-01500-2
3,https://www.nature.com/articles/s41550-021-01486-x
4,https://www.nature.com/articles/s41550-021-01501-1
5,https://www.nature.com/articles/s41550-021-01477-y
6,https://www.nature.com/articles/s41550-021-01466-1
7,https://www.nature.com/articles/s41550-021-01456-3
8,https://www.nature.com/articles/s41550-021-01417-w
9,https://www.nature.com/articles/s41550-021-01423-y
10,https://www.nature.com/articles/s41550-021-01423-y
11,https://www.nature.com/articles/s41550-021-01440-x
12,https://www.nature.com/articles/s41550-021-01443-8
13,https://www.nature.com/articles/s41550-021-01412-1
14,https://www.nature.com/articles/s41550-021-01380-6
15,https://www.nature.com/articles/s41550-021-01400-5
16,https://www.nature.com/articles/s41550-021-01399-9
17,https://www.nature.com/articles/s41550-021-01374-4
18,https://www.nature.com/articles/s41550-021-01390-4
19,https://www.nature.com/articles/s41550-021-01373-5
20,https://www.nature.com/articles/s41550-021-01367-3
21,https://www.nature.com/articles/s41550-021-01348-6
22,https://www.nature.com/articles/s41550-021-01341-z
23,https://www.nature.com/articles/s41550-021-01359-3
24,https://www.nature.com/articles/s41550-021-01362-8
25,https://www.nature.com/articles/s41550-021-01361-9
26,https://www.nature.com/articles/s41550-021-01337-9
27,https://www.nature.com/articles/s41550-021-01325-z
28,https://www.nature.com/articles/s41550-021-01343-x
29,https://www.nature.com/articles/s41550-021-01340-0
30,https://www.nature.com/articles/s41550-021-01322-2
31,https://www.nature.com/articles/s41550-021-01312-4
32,https://www.nature.com/articles/s41550-021-01319-x
33,https://www.nature.com/articles/s41550-020-01298-5
34,https://www.nature.com/articles/s41550-020-01293-w
35,https://www.nature.com/articles/s41550-020-01281-0
36,https://www.nature.com/articles/s41550-020-01272-1
37,https://www.nature.com/articles/s41550-020-01272-1
38,https://www.nature.com/articles/s41550-020-01259-y
39,https://www.nature.com/articles/s41550-020-01259-y
40,https://www.nature.com/articles/s41550-020-01257-0
41,https://www.nature.com/articles/s41550-020-01238-3
42,https://www.nature.com/articles/s41550-020-01258-z
43,https://www.nature.com/articles/s41550-020-01256-1
44,https://www.nature.com/articles/s41550-020-01230-x
45,https://www.nature.com/articles/s41550-020-01251-6
46,https://www.nature.com/articles/s41550-020-01252-5
47,https://www.nature.com/articles/s41550-020-01240-9
48,https://www.nature.com/articles/s41550-020-01243-6
49,https://www.nature.com/articles/s41550-020-01225-8
50,https://www.nature.com/articles/s41550-020-01216-9
51,https://www.nature.com/articles/s41550-020-1202-4
52,https://www.nature.com/articles/s41550-020-1207-z
53,https://www.nature.com/articles/s41550-020-1169-1
54,https://www.nature.com/articles/s41550-020-1205-1
55,https://www.nature.com/articles/s41550-020-1178-0
56,https://www.nature.com/articles/s41550-020-1188-y
57,https://www.nature.com/articles/s41550-020-1191-3
58,https://www.nature.com/articles/s41550-020-1185-1
59,https://www.nature.com/articles/s41550-020-1184-2
60,https://www.nature.com/articles/s41550-020-1189-x
61,https://www.nature.com/articles/s41550-020-1154-8
62,https://www.nature.com/articles/s41550-020-1153-9
63,https://www.nature.com/articles/s41550-020-1163-7
64,https://www.nature.com/articles/s41550-020-1151-y
65,https://www.nature.com/articles/s41550-020-1148-6
66,https://www.nature.com/articles/s41550-020-1161-9
67,https://www.nature.com/articles/s41550-020-1160-x
68,https://www.nature.com/articles/s41550-020-1162-8
69,https://www.nature.com/articles/s41550-020-1159-3
70,https://www.nature.com/articles/s41550-020-1145-9
71,https://www.nature.com/articles/s41550-020-1145-9
72,https://www.nature.com/articles/s41550-020-1152-x
73,https://www.nature.com/articles/s41550-020-1149-5
74,https://www.nature.com/articles/s41550-020-1140-1
75,https://www.nature.com/articles/s41550-020-1140-1
76,https://www.nature.com/articles/s41550-020-1129-9
77,https://www.nature.com/articles/s41550-020-1137-9
78,https://www.nature.com/articles/s41550-020-1130-3
79,https://www.nature.com/articles/s41550-020-1136-x
80,https://www.nature.com/articles/s41550-020-1134-z
81,https://www.nature.com/articles/s41550-020-1135-y
82,https://www.nature.com/articles/s41550-020-1125-0
83,https://www.nature.com/articles/s41550-020-1108-1
84,https://www.nature.com/articles/s41550-020-1121-4
85,https://www.nature.com/articles/s41550-020-1124-1
86,https://www.nature.com/articles/s41550-020-1103-6
87,https://www.nature.com/articles/s41550-020-1117-0
88,https://www.nature.com/articles/s41550-020-1112-5
89,https://www.nature.com/articles/s41550-020-1118-z
90,https://www.nature.com/articles/s41550-020-1110-7
91,https://www.nature.com/articles/s41550-020-1111-6
92,https://www.nature.com/articles/s41550-020-1107-2
93,https://www.nature.com/articles/s41550-020-1107-2
94,https://www.nature.com/articles/s41550-020-1091-6
95,https://www.nature.com/articles/s41550-020-1089-0
96,https://www.nature.com/articles/s41550-020-1038-y
97,https://www.nature.com/articles/s41550-020-1038-y
98,https://www.nature.com/articles/s41550-020-1078-3
99,https://www.nature.com/articles/s41550-020-1031-5
100,https://www.nature.com/articles/s41550-020-1074-7
101,https://www.nature.com/articles/s41550-020-1057-8
102,https://www.nature.com/articles/s41550-020-1042-2
103,https://www.nature.com/articles/s41550-020-1045-z
104,https://www.nature.com/articles/s41550-020-1055-x
105,https://www.nature.com/articles/s41550-020-1061-z
106,https://www.nature.com/articles/s41550-020-1046-y
107,https://www.nature.com/articles/s41550-020-1056-9
108,https://www.nature.com/articles/s41550-020-1058-7
109,https://www.nature.com/articles/s41550-020-1048-9
110,https://www.nature.com/articles/s41550-020-1047-x
111,https://www.nature.com/articles/s41550-020-1044-0
112,https://www.nature.com/articles/s41550-020-1032-4
113,https://www.nature.com/articles/s41550-020-1016-4
114,https://www.nature.com/articles/s41550-020-1029-z
115,https://www.nature.com/articles/s41550-020-1026-2
116,https://www.nature.com/articles/s41550-020-1021-7
117,https://www.nature.com/articles/s41550-020-1027-1
118,https://www.nature.com/articles/s41550-020-1022-6
119,https://www.nature.com/articles/s41550-020-1015-5
120,https://www.nature.com/articles/s41550-019-1001-y
121,https://www.nature.com/articles/s41550-019-1006-6
122,https://www.nature.com/articles/s41550-019-1004-8
123,https://www.nature.com/articles/s41550-019-1005-7
124,https://www.nature.com/articles/s41550-019-1003-9
125,https://www.nature.com/articles/s41550-019-0994-6
126,https://www.nature.com/articles/s41550-019-0968-8
127,https://www.nature.com/articles/s41550-019-0982-x
128,https://www.nature.com/articles/s41550-019-0964-z
129,https://www.nature.com/articles/s41550-019-0993-7
130,https://www.nature.com/articles/s41550-019-0983-9
131,https://www.nature.com/articles/s41550-019-0980-z
132,https://www.nature.com/articles/s41550-019-0981-y
133,https://www.nature.com/articles/s41550-019-0986-6
134,https://www.nature.com/articles/s41550-019-0971-0
135,https://www.nature.com/articles/s41550-019-0935-4
136,https://www.nature.com/articles/s41550-019-0943-4
137,https://www.nature.com/articles/s41550-019-0951-4
138,https://www.nature.com/articles/s41550-019-0956-z
139,https://www.nature.com/articles/s41550-019-0920-y
140,https://www.nature.com/articles/s41550-019-0920-y
141,https://www.nature.com/articles/s41550-019-0947-0
142,https://www.nature.com/articles/s41550-019-0950-5
143,https://www.nature.com/articles/s41550-019-0952-3
144,https://www.nature.com/articles/s41550-019-0946-1
145,https://www.nature.com/articles/s41550-019-0938-1
146,https://www.nature.com/articles/s41550-019-0907-8
147,https://www.nature.com/articles/s41550-019-0923-8
148,https://www.nature.com/articles/s41550-019-0919-4
149,https://www.nature.com/articles/s41550-019-0913-x
150,https://www.nature.com/articles/s41550-019-0921-x
151,https://www.nature.com/articles/s41550-019-0912-y
152,https://www.nature.com/articles/s41550-019-0924-7
153,https://www.nature.com/articles/s41550-019-0884-y
154,https://www.nature.com/articles/s41550-019-0898-5
155,https://www.nature.com/articles/s41550-019-0886-9
156,https://www.nature.com/articles/s41550-019-0897-6
157,https://www.nature.com/articles/s41550-019-0896-7
158,https://www.nature.com/articles/s41550-019-0895-8
159,https://www.nature.com/articles/s41550-019-0891-z
160,https://www.nature.com/articles/s41550-019-0889-6
161,https://www.nature.com/articles/s41550-019-0861-5
162,https://www.nature.com/articles/s41550-019-0864-2
163,https://www.nature.com/articles/s41550-019-0877-x
164,https://www.nature.com/articles/s41550-019-0866-0
165,https://www.nature.com/articles/s41550-019-0870-4
166,https://www.nature.com/articles/s41550-019-0872-2
167,https://www.nature.com/articles/s41550-019-0873-1
168,https://www.nature.com/articles/s41550-019-0871-3
169,https://www.nature.com/articles/s41550-019-0841-9
170,https://www.nature.com/articles/s41550-019-0834-8
171,https://www.nature.com/articles/s41550-019-0851-7
172,https://www.nature.com/articles/s41550-019-0847-3
173,https://www.nature.com/articles/s41550-019-0848-2
174,https://www.nature.com/articles/s41550-019-0846-4
175,https://www.nature.com/articles/s41550-019-0849-1
176,https://www.nature.com/articles/s41550-019-0836-6
177,https://www.nature.com/articles/s41550-019-0811-2
178,https://www.nature.com/articles/s41550-019-0827-7
179,https://www.nature.com/articles/s41550-019-0808-x
180,https://www.nature.com/articles/s41550-019-0817-9
181,https://www.nature.com/articles/s41550-019-0818-8
182,https://www.nature.com/articles/s41550-019-0825-9
183,https://www.nature.com/articles/s41550-019-0826-8
184,https://www.nature.com/articles/s41550-019-0805-0
185,https://www.nature.com/articles/s41550-019-0802-3
186,https://www.nature.com/articles/s41550-019-0802-3
187,https://www.nature.com/articles/s41550-019-0775-2
188,https://www.nature.com/articles/s41550-019-0778-z
189,https://www.nature.com/articles/s41550-019-0787-y
190,https://www.nature.com/articles/s41550-019-0773-4
191,https://www.nature.com/articles/s41550-019-0782-3
192,https://www.nature.com/articles/s41550-019-0785-0
193,https://www.nature.com/articles/s41550-019-0783-2
194,https://www.nature.com/articles/s41550-019-0784-1
195,https://www.nature.com/articles/s41550-019-0766-3
196,https://www.nature.com/articles/s41550-019-0748-5
197,https://www.nature.com/articles/s41550-019-0767-2
198,https://www.nature.com/articles/s41550-019-0739-6
199,https://www.nature.com/articles/s41550-019-0759-2
200,https://www.nature.com/articles/s41550-019-0760-9
201,https://www.nature.com/articles/s41550-019-0762-7
202,https://www.nature.com/articles/s41550-019-0761-8
203,https://www.nature.com/articles/s41550-019-0728-9
204,https://www.nature.com/articles/s41550-019-0742-y
205,https://www.nature.com/articles/s41550-019-0720-4
206,https://www.nature.com/articles/s41550-019-0730-2
207,https://www.nature.com/articles/s41550-019-0719-x
208,https://www.nature.com/articles/s41550-019-0734-y
209,https://www.nature.com/articles/s41550-019-0733-z
210,https://www.nature.com/articles/s41550-019-0732-0
211,https://www.nature.com/articles/s41550-019-0735-x
212,https://www.nature.com/articles/s41550-019-0717-z
213,https://www.nature.com/articles/s41550-019-0715-1
214,https://www.nature.com/articles/s41550-019-0706-2
215,https://www.nature.com/articles/s41550-019-0691-5
216,https://www.nature.com/articles/s41550-019-0699-x
217,https://www.nature.com/articles/s41550-018-0655-1
218,https://www.nature.com/articles/s41550-019-0708-0
219,https://www.nature.com/articles/s41550-019-0692-4
220,https://www.nature.com/articles/s41550-019-0707-1
221,https://www.nature.com/articles/s41550-019-0704-4
222,https://www.nature.com/articles/s41550-019-0709-z
223,https://www.nature.com/articles/s41550-019-0705-3
224,https://www.nature.com/articles/s41550-018-0681-z
225,https://www.nature.com/articles/s41550-018-0672-0
226,https://www.nature.com/articles/s41550-018-0683-x
227,https://www.nature.com/articles/s41550-018-0675-x
228,https://www.nature.com/articles/s41550-018-0682-y
229,https://www.nature.com/articles/s41550-018-0679-6
230,https://www.nature.com/articles/s41550-018-0674-y
231,https://www.nature.com/articles/s41550-018-0673-z
232,https://www.nature.com/articles/s41550-018-0646-2
233,https://www.nature.com/articles/s41550-018-0660-4
234,https://www.nature.com/articles/s41550-018-0649-z
235,https://www.nature.com/articles/s41550-018-0653-3
236,https://www.nature.com/articles/s41550-018-0651-5
237,https://www.nature.com/articles/s41550-018-0654-2
238,https://www.nature.com/articles/s41550-018-0652-4
239,https://www.nature.com/articles/s41550-018-0647-1
240,https://www.nature.com/articles/s41550-018-0615-9
241,https://www.nature.com/articles/s41550-018-0641-7
242,https://www.nature.com/articles/s41550-018-0631-9
243,https://www.nature.com/articles/s41550-018-0640-8
244,https://www.nature.com/articles/s41550-018-0597-7
245,https://www.nature.com/articles/s41550-018-0637-3
246,https://www.nature.com/articles/s41550-018-0634-6
247,https://www.nature.com/articles/s41550-018-0635-5
248,https://www.nature.com/articles/s41550-018-0636-4
249,https://www.nature.com/articles/s41550-018-0632-8
250,https://www.nature.com/articles/s41550-018-0605-y
251,https://www.nature.com/articles/s41550-018-0589-7
252,https://www.nature.com/articles/s41550-018-0604-z
253,https://www.nature.com/articles/s41550-018-0606-x
254,https://www.nature.com/articles/s41550-018-0600-3
255,https://www.nature.com/articles/s41550-018-0599-5
256,https://www.nature.com/articles/s41550-018-0601-2
257,https://www.nature.com/articles/s41550-018-0580-3
258,https://www.nature.com/articles/s41550-018-0588-8
259,https://www.nature.com/articles/s41550-018-0579-9
260,https://www.nature.com/articles/s41550-018-0572-3
261,https://www.nature.com/articles/s41550-018-0570-5
262,https://www.nature.com/articles/s41550-018-0571-4
263,https://www.nature.com/articles/s41550-018-0581-2
264,https://www.nature.com/articles/s41550-018-0578-x
265,https://www.nature.com/articles/s41550-018-0576-z
266,https://www.nature.com/articles/s41550-018-0577-y
267,https://www.nature.com/articles/s41550-018-0575-0
268,https://www.nature.com/articles/s41550-018-0552-7
269,https://www.nature.com/articles/s41550-018-0550-9
270,https://www.nature.com/articles/s41550-018-0559-0
271,https://www.nature.com/articles/s41550-018-0555-4
272,https://www.nature.com/articles/s41550-018-0554-5
273,https://www.nature.com/articles/s41550-018-0556-3
274,https://www.nature.com/articles/s41550-018-0545-6
275,https://www.nature.com/articles/s41550-018-0546-5
276,https://www.nature.com/articles/s41550-018-0537-6
277,https://www.nature.com/articles/s41550-018-0519-8
278,https://www.nature.com/articles/s41550-018-0518-9
279,https://www.nature.com/articles/s41550-018-0535-8
280,https://www.nature.com/articles/s41550-018-0513-1
281,https://www.nature.com/articles/s41550-018-0516-y
282,https://www.nature.com/articles/s41550-018-0521-1
283,https://www.nature.com/articles/s41550-018-0528-7
284,https://www.nature.com/articles/s41550-018-0526-9
285,https://www.nature.com/articles/s41550-018-0530-0
286,https://www.nature.com/articles/s41550-018-0522-0
287,https://www.nature.com/articles/s41550-018-0512-2
288,https://www.nature.com/articles/s41550-018-0500-6
289,https://www.nature.com/articles/s41550-018-0488-y
290,https://www.nature.com/articles/s41550-018-0486-0
291,https://www.nature.com/articles/s41550-018-0501-5
292,https://www.nature.com/articles/s41550-018-0487-z
293,https://www.nature.com/articles/s41550-018-0494-0
294,https://www.nature.com/articles/s41550-018-0491-3
295,https://www.nature.com/articles/s41550-018-0492-2
296,https://www.nature.com/articles/s41550-018-0496-y
297,https://www.nature.com/articles/s41550-018-0467-3
298,https://www.nature.com/articles/s41550-018-0468-2
299,https://www.nature.com/articles/s41550-018-0475-3
300,https://www.nature.com/articles/s41550-018-0479-z
301,https://www.nature.com/articles/s41550-018-0465-5
302,https://www.nature.com/articles/s41550-018-0480-6
303,https://www.nature.com/articles/s41550-018-0477-1
304,https://www.nature.com/articles/s41550-018-0466-4
305,https://www.nature.com/articles/s41550-018-0474-4
306,https://www.nature.com/articles/s41550-018-0470-8
307,https://www.nature.com/articles/s41550-018-0469-1
308,https://www.nature.com/articles/s41550-018-0446-8
309,https://www.nature.com/articles/s41550-018-0445-9
310,https://www.nature.com/articles/s41550-018-0443-y
311,https://www.nature.com/articles/s41550-018-0451-y
312,https://www.nature.com/articles/s41550-018-0425-0
313,https://www.nature.com/articles/s41550-018-0447-7
314,https://www.nature.com/articles/s41550-018-0448-6
315,https://www.nature.com/articles/s41550-018-0441-0
316,https://www.nature.com/articles/s41550-018-0444-x
317,https://www.nature.com/articles/s41550-018-0429-9
318,https://www.nature.com/articles/s41550-018-0421-4
319,https://www.nature.com/articles/s41550-018-0415-2
320,https://www.nature.com/articles/s41550-018-0410-7
321,https://www.nature.com/articles/s41550-018-0422-3
322,https://www.nature.com/articles/s41550-018-0419-y
323,https://www.nature.com/articles/s41550-018-0417-0
324,https://www.nature.com/articles/s41550-018-0418-z
325,https://www.nature.com/articles/s41550-018-0393-4
326,https://www.nature.com/articles/s41550-017-0371-2
327,https://www.nature.com/articles/s41550-017-0354-3
328,https://www.nature.com/articles/s41550-018-0396-1
329,https://www.nature.com/articles/s41550-018-0387-2
330,https://www.nature.com/articles/s41550-017-0376-x
331,https://www.nature.com/articles/s41550-018-0379-2
332,https://www.nature.com/articles/s41550-018-0392-5
333,https://www.nature.com/articles/s41550-018-0386-3
334,https://www.nature.com/articles/s41550-018-0390-7
335,https://www.nature.com/articles/s41550-018-0388-1
336,https://www.nature.com/articles/s41550-018-0389-0
337,https://www.nature.com/articles/s41550-018-0381-8
338,https://www.nature.com/articles/s41550-018-0378-3
339,https://www.nature.com/articles/s41550-017-0364-1
340,https://www.nature.com/articles/s41550-017-0365-0
341,https://www.nature.com/articles/s41550-017-0365-0
342,https://www.nature.com/articles/s41550-017-0370-3
343,https://www.nature.com/articles/s41550-017-0357-0
344,https://www.nature.com/articles/s41550-017-0367-y
345,https://www.nature.com/articles/s41550-017-0369-9
346,https://www.nature.com/articles/s41550-017-0366-z
347,https://www.nature.com/articles/s41550-017-0329-4
348,https://www.nature.com/articles/s41550-017-0368-x
349,https://www.nature.com/articles/s41550-017-0336-5
350,https://www.nature.com/articles/s41550-017-0333-8
351,https://www.nature.com/articles/s41550-017-0343-6
352,https://www.nature.com/articles/s41550-017-0339-2
353,https://www.nature.com/articles/s41550-017-0301-3
354,https://www.nature.com/articles/s41550-017-0344-5
355,https://www.nature.com/articles/s41550-017-0340-9
356,https://www.nature.com/articles/s41550-017-0342-7
357,https://www.nature.com/articles/s41550-017-0331-x
358,https://www.nature.com/articles/s41550-017-0330-y
359,https://www.nature.com/articles/s41550-017-0303-1
360,https://www.nature.com/articles/s41550-017-0312-0
361,https://www.nature.com/articles/s41550-017-0316-9
362,https://www.nature.com/articles/s41550-017-0315-x
363,https://www.nature.com/articles/s41550-017-0317-8
364,https://www.nature.com/articles/s41550-017-0318-7
365,https://www.nature.com/articles/s41550-017-0319-6
366,https://www.nature.com/articles/s41550-017-0300-4
367,https://www.nature.com/articles/s41550-017-0314-y
368,https://www.nature.com/articles/s41550-017-0310-2
369,https://www.nature.com/articles/s41550-017-0302-2
370,https://www.nature.com/articles/s41550-017-0304-0
371,https://www.nature.com/articles/s41550-017-0291-1
372,https://www.nature.com/articles/s41550-017-0282-2
373,https://www.nature.com/articles/s41550-017-0279-x
374,https://www.nature.com/articles/s41550-017-0278-y
375,https://www.nature.com/articles/s41550-017-0280-4
376,https://www.nature.com/articles/s41550-017-0280-4
377,https://www.nature.com/articles/s41550-017-0283-1
378,https://www.nature.com/articles/s41550-017-0281-3
379,https://www.nature.com/articles/s41550-017-0275-1
380,https://www.nature.com/articles/s41550-017-0270-6
381,https://www.nature.com/articles/s41550-017-0261-7
382,https://www.nature.com/articles/s41550-017-0242-x
383,https://www.nature.com/articles/s41550-017-0240-z
384,https://www.nature.com/articles/s41550-017-0246-6
385,https://www.nature.com/articles/s41550-017-0253-7
386,https://www.nature.com/articles/s41550-017-0249-3
387,https://www.nature.com/articles/s41550-017-0244-8
388,https://www.nature.com/articles/s41550-017-0251-9
389,https://www.nature.com/articles/s41550-017-0250-x
390,https://www.nature.com/articles/s41550-017-0247-5
391,https://www.nature.com/articles/s41550-017-0254-6
392,https://www.nature.com/articles/s41550-017-0245-7
393,https://www.nature.com/articles/s41550-017-0252-8
394,https://www.nature.com/articles/s41550-017-0248-4
395,https://www.nature.com/articles/s41550-017-0255-5
396,https://www.nature.com/articles/s41550-017-0243-9
397,https://www.nature.com/articles/s41550-017-0239-5
398,https://www.nature.com/articles/s41550-017-0258-2
399,https://www.nature.com/articles/s41550-017-0234-x
400,https://www.nature.com/articles/s41550-017-0241-y
401,https://www.nature.com/articles/s41550-017-0226-x
402,https://www.nature.com/articles/s41550-017-0227-9
403,https://www.nature.com/articles/s41550-017-0202
404,https://www.nature.com/articles/s41550-017-0196
405,https://www.nature.com/articles/s41550-017-0201
406,https://www.nature.com/articles/s41550-017-0195
407,https://www.nature.com/articles/s41550-017-0203
408,https://www.nature.com/articles/s41550-017-0175
409,https://www.nature.com/articles/s41550-017-0192
410,https://www.nature.com/articles/s41550-017-0199
411,https://www.nature.com/articles/s41550-017-0200
412,https://www.nature.com/articles/s41550-017-0191
413,https://www.nature.com/articles/s41550-017-0189
414,https://www.nature.com/articles/s41550-017-0178
415,https://www.nature.com/articles/s41550-017-0163
416,https://www.nature.com/articles/s41550-017-0185
417,https://www.nature.com/articles/s41550-017-0173
418,https://www.nature.com/articles/s41550-017-0188
419,https://www.nature.com/articles/s41550-017-0182
420,https://www.nature.com/articles/s41550-017-0183
421,https://www.nature.com/articles/s41550-017-0170
422,https://www.nature.com/articles/s41550-017-0176
423,https://www.nature.com/articles/s41550-017-0171
424,https://www.nature.com/articles/s41550-017-0174
425,https://www.nature.com/articles/s41550-017-0144
426,https://www.nature.com/articles/s41550-017-0150
427,https://www.nature.com/articles/s41550-017-0164
428,https://www.nature.com/articles/s41550-017-0167
429,https://www.nature.com/articles/s41550-017-0156
430,https://www.nature.com/articles/s41550-017-0145
431,https://www.nature.com/articles/s41550-017-0145
432,https://www.nature.com/articles/s41550-017-0169
433,https://www.nature.com/articles/s41550-017-0168
434,https://www.nature.com/articles/s41550-017-0162
435,https://www.nature.com/articles/s41550-017-0142
436,https://www.nature.com/articles/s41550-017-0120
437,https://www.nature.com/articles/s41550-017-0128
438,https://www.nature.com/articles/s41550-017-0119
439,https://www.nature.com/articles/s41550-017-0125
440,https://www.nature.com/articles/s41550-017-0127
441,https://www.nature.com/articles/s41550-017-0133
442,https://www.nature.com/articles/s41550-017-0124
443,https://www.nature.com/articles/s41550-017-0136
444,https://www.nature.com/articles/s41550-017-0138
445,https://www.nature.com/articles/s41550-017-0132
446,https://www.nature.com/articles/s41550-017-0123
447,https://www.nature.com/articles/s41550-017-0106
448,https://www.nature.com/articles/s41550-017-0105
449,https://www.nature.com/articles/s41550-017-0089
450,https://www.nature.com/articles/s41550-017-0099
451,https://www.nature.com/articles/s41550-017-0109
452,https://www.nature.com/articles/s41550-017-0113
453,https://www.nature.com/articles/s41550-017-0118
454,https://www.nature.com/articles/s41550-017-0104
455,https://www.nature.com/articles/s41550-017-0073
456,https://www.nature.com/articles/s41550-017-0110
457,https://www.nature.com/articles/s41550-017-0098
458,https://www.nature.com/articles/s41550-017-0101
459,https://www.nature.com/articles/s41550-017-0097
460,https://www.nature.com/articles/s41550-017-0090
461,https://www.nature.com/articles/s41550-017-0094
462,https://www.nature.com/articles/s41550-017-0087
463,https://www.nature.com/articles/s41550-017-0072
464,https://www.nature.com/articles/s41550-017-0074
465,https://www.nature.com/articles/s41550-017-0080
466,https://www.nature.com/articles/s41550-017-0078
467,https://www.nature.com/articles/s41550-017-0081
468,https://www.nature.com/articles/s41550-017-0079
469,https://www.nature.com/articles/s41550-017-0082
470,https://www.nature.com/articles/s41550-017-0071
471,https://www.nature.com/articles/s41550-017-0077
472,https://www.nature.com/articles/s41550-017-0076
473,https://www.nature.com/articles/s41550-017-0047
474,https://www.nature.com/articles/s41550-017-0051
475,https://www.nature.com/articles/s41550-017-0049
476,https://www.nature.com/articles/s41550-017-0046
477,https://www.nature.com/articles/s41550-017-0050
478,https://www.nature.com/articles/s41550-017-0048
479,https://www.nature.com/articles/s41550-017-0037
480,https://www.nature.com/articles/s41550-017-0053
481,https://www.nature.com/articles/s41550-017-0038
482,https://www.nature.com/articles/s41550-017-0044
483,https://www.nature.com/articles/s41550-016-0020
484,https://www.nature.com/articles/s41550-016-0022
485,https://www.nature.com/articles/s41550-016-0024
486,https://www.nature.com/articles/s41550-016-0017
487,https://www.nature.com/articles/s41550-016-0021
488,https://www.nature.com/articles/s41550-016-0023
489,https://www.nature.com/articles/s41550-016-0012
490,https://www.nature.com/articles/s41550-016-0018
491,https://www.nature.com/articles/s41550-016-0034
