,CLOSE_NAME
0,Acta Pharmacologica Sinica
1,Acta Pharmacologica Sinica
2,Acta Pharmacologica Sinica
3,Acta Pharmacologica Sinica
4,Acta Pharmacologica Sinica
5,Acta Pharmacologica Sinica
6,Acta Pharmacologica Sinica
7,Acta Pharmacologica Sinica
8,Acta Pharmacologica Sinica
9,Acta Pharmacologica Sinica
10,Acta Pharmacologica Sinica
11,Acta Pharmacologica Sinica
12,Acta Pharmacologica Sinica
13,Acta Pharmacologica Sinica
14,Acta Pharmacologica Sinica
15,Acta Pharmacologica Sinica
16,Acta Pharmacologica Sinica
17,Acta Pharmacologica Sinica
18,Acta Pharmacologica Sinica
19,Acta Pharmacologica Sinica
20,Acta Pharmacologica Sinica
21,Acta Pharmacologica Sinica
22,BDJ Student
23,BDJ Student
24,BDJ Student
25,BDJ Student
26,BDJ Student
27,BDJ Student
28,BDJ Student
29,BDJ Student
30,BDJ Student
31,BDJ Student
32,Bone Marrow Transplantation
33,Bone Marrow Transplantation
34,Bone Marrow Transplantation
35,Bone Marrow Transplantation
36,Bone Marrow Transplantation
37,Bone Marrow Transplantation
38,Bone Marrow Transplantation
39,Bone Marrow Transplantation
40,Bone Marrow Transplantation
41,Bone Marrow Transplantation
42,Bone Marrow Transplantation
43,Bone Marrow Transplantation
44,Bone Marrow Transplantation
45,Bone Marrow Transplantation
46,Bone Marrow Transplantation
47,Bone Marrow Transplantation
48,Bone Marrow Transplantation
49,Bone Marrow Transplantation
50,Bone Marrow Transplantation
51,Bone Marrow Transplantation
52,Bone Marrow Transplantation
53,Bone Marrow Transplantation
54,Bone Marrow Transplantation
55,Bone Marrow Transplantation
56,Bone Marrow Transplantation
57,Bone Marrow Transplantation
58,British Dental Journal
59,British Dental Journal
60,British Journal of Cancer
61,British Journal of Cancer
62,British Journal of Cancer
63,British Journal of Cancer
64,British Journal of Cancer
65,British Journal of Cancer
66,British Journal of Cancer
67,British Journal of Cancer
68,British Journal of Cancer
69,British Journal of Cancer
70,British Journal of Cancer
71,British Journal of Cancer
72,British Journal of Cancer
73,British Journal of Cancer
74,British Journal of Cancer
75,British Journal of Cancer
76,British Journal of Cancer
77,British Journal of Cancer
78,British Journal of Cancer
79,British Journal of Cancer
80,British Journal of Cancer
81,British Journal of Cancer
82,British Journal of Cancer
83,British Journal of Cancer
84,British Journal of Cancer
85,British Journal of Cancer
86,Cancer Gene Therapy
87,Cancer Gene Therapy
88,Cancer Gene Therapy
89,Cancer Gene Therapy
90,Cancer Gene Therapy
91,Cancer Gene Therapy
92,Cancer Gene Therapy
93,Cancer Gene Therapy
94,Cancer Gene Therapy
95,Cancer Gene Therapy
96,Cancer Gene Therapy
97,Cancer Gene Therapy
98,Cancer Gene Therapy
99,Cancer Gene Therapy
100,Cancer Gene Therapy
101,Cancer Gene Therapy
102,Cancer Gene Therapy
103,Cancer Gene Therapy
104,Cell Death & Differentiation
105,Cell Death & Differentiation
106,Cell Death & Differentiation
107,Cell Death & Differentiation
108,Cell Death & Differentiation
109,Cell Death & Differentiation
110,Cell Death & Differentiation
111,Cell Death & Differentiation
112,Cell Death & Differentiation
113,Cell Death & Differentiation
114,Cell Death & Differentiation
115,Cell Death & Differentiation
116,Cell Death & Differentiation
117,Cell Death & Differentiation
118,Cell Death & Differentiation
119,Cell Death & Differentiation
120,Cell Death & Differentiation
121,Cell Death & Differentiation
122,Cell Death & Differentiation
123,Cell Death & Differentiation
124,Cell Death & Differentiation
125,Cell Death & Differentiation
126,Cell Death & Differentiation
127,Cell Death & Differentiation
128,Cell Death & Differentiation
129,Cell Death & Differentiation
130,Cell Research
131,Cell Research
132,Cell Research
133,Cell Research
134,Cell Research
135,Cell Research
136,Cell Research
137,Cell Research
138,Cellular & Molecular Immunology
139,Cellular & Molecular Immunology
140,Cellular & Molecular Immunology
141,Cellular & Molecular Immunology
142,Cellular & Molecular Immunology
143,Cellular & Molecular Immunology
144,Cellular & Molecular Immunology
145,Cellular & Molecular Immunology
146,Cellular & Molecular Immunology
147,Cellular & Molecular Immunology
148,Cellular & Molecular Immunology
149,Cellular & Molecular Immunology
150,Cellular & Molecular Immunology
151,Cellular & Molecular Immunology
152,Cellular & Molecular Immunology
153,Cellular & Molecular Immunology
154,European Journal of Clinical Nutrition
155,European Journal of Clinical Nutrition
156,European Journal of Clinical Nutrition
157,European Journal of Clinical Nutrition
158,European Journal of Clinical Nutrition
159,European Journal of Clinical Nutrition
160,European Journal of Clinical Nutrition
161,European Journal of Clinical Nutrition
162,European Journal of Clinical Nutrition
163,European Journal of Clinical Nutrition
164,European Journal of Clinical Nutrition
165,European Journal of Clinical Nutrition
166,European Journal of Clinical Nutrition
167,European Journal of Clinical Nutrition
168,European Journal of Clinical Nutrition
169,European Journal of Clinical Nutrition
170,European Journal of Clinical Nutrition
171,European Journal of Clinical Nutrition
172,European Journal of Clinical Nutrition
173,European Journal of Clinical Nutrition
174,European Journal of Clinical Nutrition
175,European Journal of Clinical Nutrition
176,European Journal of Clinical Nutrition
177,European Journal of Clinical Nutrition
178,European Journal of Clinical Nutrition
179,European Journal of Clinical Nutrition
180,European Journal of Clinical Nutrition
181,European Journal of Clinical Nutrition
182,European Journal of Clinical Nutrition
183,European Journal of Clinical Nutrition
184,European Journal of Clinical Nutrition
185,European Journal of Clinical Nutrition
186,European Journal of Human Genetics
187,European Journal of Human Genetics
188,European Journal of Human Genetics
189,European Journal of Human Genetics
190,European Journal of Human Genetics
191,European Journal of Human Genetics
192,European Journal of Human Genetics
193,European Journal of Human Genetics
194,European Journal of Human Genetics
195,European Journal of Human Genetics
196,European Journal of Human Genetics
197,European Journal of Human Genetics
198,European Journal of Human Genetics
199,European Journal of Human Genetics
200,Evidence-Based Dentistry
201,Evidence-Based Dentistry
202,Evidence-Based Dentistry
203,Evidence-Based Dentistry
204,Evidence-Based Dentistry
205,Evidence-Based Dentistry
206,Evidence-Based Dentistry
207,Evidence-Based Dentistry
208,Evidence-Based Dentistry
209,Evidence-Based Dentistry
210,Evidence-Based Dentistry
211,Evidence-Based Dentistry
212,Evidence-Based Dentistry
213,Evidence-Based Dentistry
214,Evidence-Based Dentistry
215,Evidence-Based Dentistry
216,Evidence-Based Dentistry
217,Evidence-Based Dentistry
218,Evidence-Based Dentistry
219,Evidence-Based Dentistry
220,Evidence-Based Dentistry
221,Evidence-Based Dentistry
222,Evidence-Based Dentistry
223,Evidence-Based Dentistry
224,Eye
225,Eye
226,Eye
227,Eye
228,Eye
229,Eye
230,Eye
231,Eye
232,Eye
233,Eye
234,Eye
235,Eye
236,Eye
237,Eye
238,Eye
239,Eye
240,Eye
241,Eye
242,Eye
243,Eye
244,Eye
245,Eye
246,Eye
247,Eye
248,Gene Therapy
249,Gene Therapy
250,Gene Therapy
251,Gene Therapy
252,Gene Therapy
253,Gene Therapy
254,Gene Therapy
255,Gene Therapy
256,Gene Therapy
257,Gene Therapy
258,Gene Therapy
259,Gene Therapy
260,Gene Therapy
261,Gene Therapy
262,Gene Therapy
263,Gene Therapy
264,Gene Therapy
265,Gene Therapy
266,Gene Therapy
267,Gene Therapy
268,Gene Therapy
269,Gene Therapy
270,Genes & Immunity
271,Genes & Immunity
272,Genes & Immunity
273,Genes & Immunity
274,Genes & Immunity
275,Genes & Immunity
276,Genes & Immunity
277,Genes & Immunity
278,Genes & Immunity
279,Genes & Immunity
280,Genes & Immunity
281,Genes & Immunity
282,Genetics in Medicine
283,Genetics in Medicine
284,Genetics in Medicine
285,Genetics in Medicine
286,Genetics in Medicine
287,Genetics in Medicine
288,Genetics in Medicine
289,Genetics in Medicine
290,Genetics in Medicine
291,Genetics in Medicine
292,Genetics in Medicine
293,Genetics in Medicine
294,Heredity
295,Heredity
296,Heredity
297,Heredity
298,Heredity
299,Heredity
300,Heredity
301,Heredity
302,Heredity
303,Heredity
304,Heredity
305,Heredity
306,Heredity
307,Heredity
308,Heredity
309,Heredity
310,Heredity
311,Heredity
312,Heredity
313,Heredity
314,Hypertension Research
315,Hypertension Research
316,Hypertension Research
317,Hypertension Research
318,Hypertension Research
319,Hypertension Research
320,Hypertension Research
321,Hypertension Research
322,Hypertension Research
323,Hypertension Research
324,Hypertension Research
325,Hypertension Research
326,Hypertension Research
327,Hypertension Research
328,Hypertension Research
329,Hypertension Research
330,Hypertension Research
331,Hypertension Research
332,Hypertension Research
333,Hypertension Research
334,Hypertension Research
335,Hypertension Research
336,Hypertension Research
337,Hypertension Research
338,International Journal of Impotence Research
339,International Journal of Impotence Research
340,International Journal of Impotence Research
341,International Journal of Impotence Research
342,International Journal of Impotence Research
343,International Journal of Impotence Research
344,International Journal of Impotence Research
345,International Journal of Impotence Research
346,International Journal of Impotence Research
347,International Journal of Impotence Research
348,International Journal of Impotence Research
349,International Journal of Impotence Research
350,International Journal of Impotence Research
351,International Journal of Impotence Research
352,International Journal of Impotence Research
353,International Journal of Impotence Research
354,International Journal of Impotence Research
355,International Journal of Impotence Research
356,International Journal of Impotence Research
357,International Journal of Impotence Research
358,International Journal of Impotence Research
359,International Journal of Impotence Research
360,International Journal of Impotence Research
361,International Journal of Impotence Research
362,International Journal of Impotence Research
363,International Journal of Impotence Research
364,International Journal of Impotence Research
365,International Journal of Impotence Research
366,International Journal of Impotence Research
367,International Journal of Impotence Research
368,International Journal of Impotence Research
369,International Journal of Impotence Research
370,International Journal of Impotence Research
371,International Journal of Impotence Research
372,International Journal of Obesity
373,International Journal of Obesity
374,International Journal of Obesity
375,International Journal of Obesity
376,International Journal of Obesity
377,International Journal of Obesity
378,International Journal of Obesity
379,International Journal of Obesity
380,International Journal of Obesity
381,International Journal of Obesity
382,International Journal of Obesity
383,International Journal of Obesity
384,International Journal of Obesity
385,International Journal of Obesity
386,International Journal of Obesity
387,International Journal of Obesity
388,International Journal of Obesity
389,International Journal of Obesity
390,International Journal of Obesity
391,International Journal of Obesity
392,International Journal of Obesity
393,International Journal of Obesity
394,International Journal of Obesity
395,International Journal of Obesity
396,International Journal of Obesity
397,International Journal of Obesity
398,International Journal of Obesity
399,International Journal of Obesity
400,International Journal of Obesity Supplements
401,International Journal of Obesity Supplements
402,International Journal of Obesity Supplements
403,International Journal of Obesity Supplements
404,International Journal of Obesity Supplements
405,International Journal of Obesity Supplements
406,International Journal of Obesity Supplements
407,International Journal of Obesity Supplements
408,International Journal of Obesity Supplements
409,International Journal of Obesity Supplements
410,International Journal of Obesity Supplements
411,International Journal of Obesity Supplements
412,International Journal of Obesity Supplements
413,International Journal of Obesity Supplements
414,International Journal of Obesity Supplements
415,International Journal of Obesity Supplements
416,International Journal of Obesity Supplements
417,International Journal of Obesity Supplements
418,International Journal of Obesity Supplements
419,International Journal of Obesity Supplements
420,International Journal of Obesity Supplements
421,International Journal of Obesity Supplements
422,International Journal of Obesity Supplements
423,International Journal of Obesity Supplements
424,International Journal of Obesity Supplements
425,International Journal of Obesity Supplements
426,International Journal of Obesity Supplements
427,International Journal of Obesity Supplements
428,International Journal of Obesity Supplements
429,International Journal of Obesity Supplements
430,International Journal of Obesity Supplements
431,International Journal of Obesity Supplements
432,International Journal of Obesity Supplements
433,International Journal of Obesity Supplements
434,International Journal of Obesity Supplements
435,International Journal of Obesity Supplements
436,International Journal of Obesity Supplements
437,International Journal of Obesity Supplements
438,The ISME Journal
439,The ISME Journal
440,The ISME Journal
441,The ISME Journal
442,The ISME Journal
443,The ISME Journal
444,The ISME Journal
445,The ISME Journal
446,The ISME Journal
447,The ISME Journal
448,The ISME Journal
449,The ISME Journal
450,The ISME Journal
451,The ISME Journal
452,The ISME Journal
453,The ISME Journal
454,The ISME Journal
455,The ISME Journal
456,The ISME Journal
457,The ISME Journal
458,The Journal of Antibiotics
459,The Journal of Antibiotics
460,The Journal of Antibiotics
461,The Journal of Antibiotics
462,The Journal of Antibiotics
463,The Journal of Antibiotics
464,The Journal of Antibiotics
465,The Journal of Antibiotics
466,The Journal of Antibiotics
467,The Journal of Antibiotics
468,The Journal of Antibiotics
469,The Journal of Antibiotics
470,The Journal of Antibiotics
471,The Journal of Antibiotics
472,The Journal of Antibiotics
473,The Journal of Antibiotics
474,The Journal of Antibiotics
475,The Journal of Antibiotics
476,The Journal of Antibiotics
477,The Journal of Antibiotics
478,The Journal of Antibiotics
479,The Journal of Antibiotics
480,The Journal of Antibiotics
481,The Journal of Antibiotics
482,The Journal of Antibiotics
483,The Journal of Antibiotics
484,The Journal of Antibiotics
485,The Journal of Antibiotics
486,The Journal of Antibiotics
487,The Journal of Antibiotics
488,The Journal of Antibiotics
489,The Journal of Antibiotics
490,Journal of Exposure Science & Environmental Epidemiology
491,Journal of Exposure Science & Environmental Epidemiology
492,Journal of Exposure Science & Environmental Epidemiology
493,Journal of Exposure Science & Environmental Epidemiology
494,Journal of Exposure Science & Environmental Epidemiology
495,Journal of Exposure Science & Environmental Epidemiology
496,Journal of Exposure Science & Environmental Epidemiology
497,Journal of Exposure Science & Environmental Epidemiology
498,Journal of Exposure Science & Environmental Epidemiology
499,Journal of Exposure Science & Environmental Epidemiology
500,Journal of Exposure Science & Environmental Epidemiology
501,Journal of Exposure Science & Environmental Epidemiology
502,Journal of Exposure Science & Environmental Epidemiology
503,Journal of Exposure Science & Environmental Epidemiology
504,Journal of Exposure Science & Environmental Epidemiology
505,Journal of Exposure Science & Environmental Epidemiology
506,Journal of Exposure Science & Environmental Epidemiology
507,Journal of Exposure Science & Environmental Epidemiology
508,Journal of Exposure Science & Environmental Epidemiology
509,Journal of Exposure Science & Environmental Epidemiology
510,Journal of Exposure Science & Environmental Epidemiology
511,Journal of Exposure Science & Environmental Epidemiology
512,Journal of Exposure Science & Environmental Epidemiology
513,Journal of Exposure Science & Environmental Epidemiology
514,Journal of Exposure Science & Environmental Epidemiology
515,Journal of Exposure Science & Environmental Epidemiology
516,Journal of Human Genetics
517,Journal of Human Genetics
518,Journal of Human Genetics
519,Journal of Human Genetics
520,Journal of Human Genetics
521,Journal of Human Genetics
522,Journal of Human Genetics
523,Journal of Human Genetics
524,Journal of Human Genetics
525,Journal of Human Genetics
526,Journal of Human Genetics
527,Journal of Human Genetics
528,Journal of Human Genetics
529,Journal of Human Genetics
530,Journal of Human Genetics
531,Journal of Human Genetics
532,Journal of Human Genetics
533,Journal of Human Genetics
534,Journal of Human Genetics
535,Journal of Human Genetics
536,Journal of Human Genetics
537,Journal of Human Genetics
538,Journal of Human Genetics
539,Journal of Human Genetics
540,Journal of Human Genetics
541,Journal of Human Genetics
542,Journal of Human Genetics
543,Journal of Human Genetics
544,Journal of Human Hypertension
545,Journal of Human Hypertension
546,Journal of Human Hypertension
547,Journal of Human Hypertension
548,Journal of Human Hypertension
549,Journal of Human Hypertension
550,Journal of Human Hypertension
551,Journal of Human Hypertension
552,Journal of Human Hypertension
553,Journal of Human Hypertension
554,Journal of Human Hypertension
555,Journal of Human Hypertension
556,Journal of Human Hypertension
557,Journal of Human Hypertension
558,Journal of Human Hypertension
559,Journal of Human Hypertension
560,Journal of Human Hypertension
561,Journal of Human Hypertension
562,Journal of Human Hypertension
563,Journal of Human Hypertension
564,Journal of Human Hypertension
565,Journal of Human Hypertension
566,Journal of Human Hypertension
567,Journal of Human Hypertension
568,Journal of Perinatology
569,Journal of Perinatology
570,Journal of Perinatology
571,Journal of Perinatology
572,Journal of Perinatology
573,Journal of Perinatology
574,Journal of Perinatology
575,Journal of Perinatology
576,Journal of Perinatology
577,Journal of Perinatology
578,Journal of Perinatology
579,Journal of Perinatology
580,Journal of Perinatology
581,Journal of Perinatology
582,Journal of Perinatology
583,Journal of Perinatology
584,Journal of Perinatology
585,Journal of Perinatology
586,Journal of Perinatology
587,Journal of Perinatology
588,Journal of Perinatology
589,Journal of Perinatology
590,Lab Animal
591,Lab Animal
592,Lab Animal
593,Lab Animal
594,Lab Animal
595,Lab Animal
596,Lab Animal
597,Lab Animal
598,Lab Animal
599,Lab Animal
600,Lab Animal
601,Lab Animal
602,Lab Animal
603,Lab Animal
604,Lab Animal
605,Lab Animal
606,Lab Animal
607,Lab Animal
608,Lab Animal
609,Lab Animal
610,Lab Animal
611,Lab Animal
612,Lab Animal
613,Lab Animal
614,Lab Animal
615,Lab Animal
616,Lab Animal
617,Lab Animal
618,Lab Animal
619,Lab Animal
620,Lab Animal
621,Lab Animal
622,Lab Animal
623,Lab Animal
624,Laboratory Investigation
625,Laboratory Investigation
626,Laboratory Investigation
627,Laboratory Investigation
628,Laboratory Investigation
629,Laboratory Investigation
630,Laboratory Investigation
631,Laboratory Investigation
632,Laboratory Investigation
633,Laboratory Investigation
634,Laboratory Investigation
635,Laboratory Investigation
636,Laboratory Investigation
637,Laboratory Investigation
638,Laboratory Investigation
639,Laboratory Investigation
640,Laboratory Investigation
641,Laboratory Investigation
642,Laboratory Investigation
643,Laboratory Investigation
644,Laboratory Investigation
645,Laboratory Investigation
646,Laboratory Investigation
647,Laboratory Investigation
648,Leukemia
649,Leukemia
650,Leukemia
651,Leukemia
652,Leukemia
653,Leukemia
654,Leukemia
655,Leukemia
656,Leukemia
657,Leukemia
658,Leukemia
659,Leukemia
660,Leukemia
661,Leukemia
662,Leukemia
663,Leukemia
664,Leukemia
665,Leukemia
666,Leukemia Supplements
667,Leukemia Supplements
668,Leukemia Supplements
669,Leukemia Supplements
670,Leukemia Supplements
671,Leukemia Supplements
672,Leukemia Supplements
673,Leukemia Supplements
674,Leukemia Supplements
675,Leukemia Supplements
676,Leukemia Supplements
677,Leukemia Supplements
678,Leukemia Supplements
679,Leukemia Supplements
680,Leukemia Supplements
681,Leukemia Supplements
682,Leukemia Supplements
683,Leukemia Supplements
684,Leukemia Supplements
685,Leukemia Supplements
686,Leukemia Supplements
687,Leukemia Supplements
688,Leukemia Supplements
689,Leukemia Supplements
690,Leukemia Supplements
691,Leukemia Supplements
692,Leukemia Supplements
693,Leukemia Supplements
694,Leukemia Supplements
695,Leukemia Supplements
696,Leukemia Supplements
697,Leukemia Supplements
698,Modern Pathology
699,Modern Pathology
700,Modern Pathology
701,Modern Pathology
702,Modern Pathology
703,Modern Pathology
704,Modern Pathology
705,Modern Pathology
706,Modern Pathology
707,Modern Pathology
708,Modern Pathology
709,Modern Pathology
710,Modern Pathology
711,Modern Pathology
712,Modern Pathology
713,Modern Pathology
714,Modern Pathology
715,Modern Pathology
716,Modern Pathology
717,Modern Pathology
718,Modern Pathology
719,Modern Pathology
720,Modern Pathology
721,Modern Pathology
722,Modern Pathology
723,Modern Pathology
724,Modern Pathology
725,Modern Pathology
726,Molecular Psychiatry
727,Molecular Psychiatry
728,Molecular Psychiatry
729,Molecular Psychiatry
730,Molecular Psychiatry
731,Molecular Psychiatry
732,Molecular Psychiatry
733,Molecular Psychiatry
734,Molecular Psychiatry
735,Molecular Psychiatry
736,Mucosal Immunology
737,Mucosal Immunology
738,Mucosal Immunology
739,Mucosal Immunology
740,Mucosal Immunology
741,Mucosal Immunology
742,Mucosal Immunology
743,Mucosal Immunology
744,Mucosal Immunology
745,Mucosal Immunology
746,Mucosal Immunology
747,Mucosal Immunology
748,Mucosal Immunology
749,Mucosal Immunology
750,Nature
751,Nature
752,Nature
753,Nature
754,Nature
755,Nature
756,Nature
757,Nature
758,Nature Aging
759,Nature Aging
760,Nature Aging
761,Nature Aging
762,Nature Aging
763,Nature Aging
764,Nature Aging
765,Nature Aging
766,Nature Aging
767,Nature Aging
768,Nature Aging
769,Nature Aging
770,Nature Aging
771,Nature Aging
772,Nature Aging
773,Nature Aging
774,Nature Aging
775,Nature Aging
776,Nature Aging
777,Nature Aging
778,Nature Aging
779,Nature Aging
780,Nature Astronomy
781,Nature Astronomy
782,Nature Astronomy
783,Nature Astronomy
784,Nature Astronomy
785,Nature Astronomy
786,Nature Astronomy
787,Nature Astronomy
788,Nature Astronomy
789,Nature Astronomy
790,Nature Astronomy
791,Nature Astronomy
792,Nature Astronomy
793,Nature Astronomy
794,Nature Astronomy
795,Nature Astronomy
796,Nature Astronomy
797,Nature Astronomy
798,Nature Astronomy
799,Nature Astronomy
800,Nature Astronomy
801,Nature Astronomy
802,Nature Astronomy
803,Nature Astronomy
804,Nature Astronomy
805,Nature Astronomy
806,Nature Astronomy
807,Nature Astronomy
808,Nature Astronomy
809,Nature Astronomy
810,Nature Astronomy
811,Nature Astronomy
812,Nature Astronomy
813,Nature Astronomy
814,Nature Astronomy
815,Nature Astronomy
816,Nature Astronomy
817,Nature Astronomy
818,Nature Biomedical Engineering
819,Nature Biomedical Engineering
820,Nature Biomedical Engineering
821,Nature Biomedical Engineering
822,Nature Biomedical Engineering
823,Nature Biomedical Engineering
824,Nature Biomedical Engineering
825,Nature Biomedical Engineering
826,Nature Biomedical Engineering
827,Nature Biomedical Engineering
828,Nature Biomedical Engineering
829,Nature Biomedical Engineering
830,Nature Biomedical Engineering
831,Nature Biomedical Engineering
832,Nature Biomedical Engineering
833,Nature Biomedical Engineering
834,Nature Biomedical Engineering
835,Nature Biomedical Engineering
836,Nature Biomedical Engineering
837,Nature Biomedical Engineering
838,Nature Biomedical Engineering
839,Nature Biomedical Engineering
840,Nature Biomedical Engineering
841,Nature Biomedical Engineering
842,Nature Biomedical Engineering
843,Nature Biomedical Engineering
844,Nature Biotechnology
845,Nature Biotechnology
846,Nature Biotechnology
847,Nature Biotechnology
848,Nature Biotechnology
849,Nature Biotechnology
850,Nature Biotechnology
851,Nature Biotechnology
852,Nature Biotechnology
853,Nature Biotechnology
854,Nature Biotechnology
855,Nature Biotechnology
856,Nature Biotechnology
857,Nature Biotechnology
858,Nature Biotechnology
859,Nature Biotechnology
860,Nature Biotechnology
861,Nature Biotechnology
862,Nature Biotechnology
863,Nature Biotechnology
864,Nature Biotechnology
865,Nature Biotechnology
866,Nature Biotechnology
867,Nature Biotechnology
868,Nature Biotechnology
869,Nature Biotechnology
870,Nature Biotechnology
871,Nature Biotechnology
872,Nature Biotechnology
873,Nature Biotechnology
874,Nature Biotechnology
875,Nature Biotechnology
876,Nature Cancer
877,Nature Cancer
878,Nature Cancer
879,Nature Cancer
880,Nature Cancer
881,Nature Cancer
882,Nature Cancer
883,Nature Cancer
884,Nature Cancer
885,Nature Cancer
886,Nature Cancer
887,Nature Cancer
888,Nature Cancer
889,Nature Cancer
890,Nature Cancer
891,Nature Cancer
892,Nature Cancer
893,Nature Cancer
894,Nature Cancer
895,Nature Cancer
896,Nature Cancer
897,Nature Cancer
898,Nature Cancer
899,Nature Cancer
900,Nature Cancer
901,Nature Cancer
902,Nature Cancer
903,Nature Cancer
904,Nature Catalysis
905,Nature Catalysis
906,Nature Catalysis
907,Nature Catalysis
908,Nature Catalysis
909,Nature Catalysis
910,Nature Catalysis
911,Nature Catalysis
912,Nature Catalysis
913,Nature Catalysis
914,Nature Catalysis
915,Nature Catalysis
916,Nature Catalysis
917,Nature Catalysis
918,Nature Catalysis
919,Nature Catalysis
920,Nature Catalysis
921,Nature Catalysis
922,Nature Catalysis
923,Nature Catalysis
924,Nature Catalysis
925,Nature Catalysis
926,Nature Catalysis
927,Nature Catalysis
928,Nature Catalysis
929,Nature Catalysis
930,Nature Catalysis
931,Nature Catalysis
932,Nature Catalysis
933,Nature Catalysis
934,Nature Catalysis
935,Nature Catalysis
936,Nature Catalysis
937,Nature Catalysis
938,Nature Catalysis
939,Nature Catalysis
940,Nature Cell Biology
941,Nature Cell Biology
942,Nature Cell Biology
943,Nature Cell Biology
944,Nature Cell Biology
945,Nature Cell Biology
946,Nature Cell Biology
947,Nature Cell Biology
948,Nature Cell Biology
949,Nature Cell Biology
950,Nature Cell Biology
951,Nature Cell Biology
952,Nature Cell Biology
953,Nature Cell Biology
954,Nature Cell Biology
955,Nature Cell Biology
956,Nature Cell Biology
957,Nature Cell Biology
958,Nature Cell Biology
959,Nature Cell Biology
960,Nature Cell Biology
961,Nature Cell Biology
962,Nature Cell Biology
963,Nature Cell Biology
964,Nature Cell Biology
965,Nature Cell Biology
966,Nature Chemical Biology
967,Nature Chemical Biology
968,Nature Chemical Biology
969,Nature Chemical Biology
970,Nature Chemical Biology
971,Nature Chemical Biology
972,Nature Chemical Biology
973,Nature Chemical Biology
974,Nature Chemical Biology
975,Nature Chemical Biology
976,Nature Chemical Biology
977,Nature Chemical Biology
978,Nature Chemical Biology
979,Nature Chemical Biology
980,Nature Chemical Biology
981,Nature Chemical Biology
982,Nature Chemical Biology
983,Nature Chemical Biology
984,Nature Chemical Biology
985,Nature Chemical Biology
986,Nature Chemical Biology
987,Nature Chemical Biology
988,Nature Chemical Biology
989,Nature Chemical Biology
990,Nature Chemical Biology
991,Nature Chemical Biology
992,Nature Chemical Biology
993,Nature Chemical Biology
994,Nature Chemical Biology
995,Nature Chemical Biology
996,Nature Chemical Biology
997,Nature Chemical Biology
998,Nature Chemistry
999,Nature Chemistry
1000,Nature Chemistry
1001,Nature Chemistry
1002,Nature Chemistry
1003,Nature Chemistry
1004,Nature Chemistry
1005,Nature Chemistry
1006,Nature Chemistry
1007,Nature Chemistry
1008,Nature Chemistry
1009,Nature Chemistry
1010,Nature Chemistry
1011,Nature Chemistry
1012,Nature Chemistry
1013,Nature Chemistry
1014,Nature Chemistry
1015,Nature Chemistry
1016,Nature Chemistry
1017,Nature Chemistry
1018,Nature Chemistry
1019,Nature Chemistry
1020,Nature Chemistry
1021,Nature Chemistry
1022,Nature Climate Change
1023,Nature Climate Change
1024,Nature Climate Change
1025,Nature Climate Change
1026,Nature Climate Change
1027,Nature Climate Change
1028,Nature Climate Change
1029,Nature Climate Change
1030,Nature Climate Change
1031,Nature Climate Change
1032,Nature Climate Change
1033,Nature Climate Change
1034,Nature Climate Change
1035,Nature Climate Change
1036,Nature Climate Change
1037,Nature Climate Change
1038,Nature Climate Change
1039,Nature Climate Change
1040,Nature Climate Change
1041,Nature Climate Change
1042,Nature Climate Change
1043,Nature Climate Change
1044,Nature Climate Change
1045,Nature Climate Change
1046,Nature Climate Change
1047,Nature Climate Change
1048,Nature Climate Change
1049,Nature Climate Change
1050,Nature Climate Change
1051,Nature Climate Change
1052,Nature Climate Change
1053,Nature Climate Change
1054,Nature Climate Change
1055,Nature Climate Change
1056,Nature Computational Science
1057,Nature Computational Science
1058,Nature Computational Science
1059,Nature Computational Science
1060,Nature Computational Science
1061,Nature Computational Science
1062,Nature Computational Science
1063,Nature Computational Science
1064,Nature Computational Science
1065,Nature Computational Science
1066,Nature Computational Science
1067,Nature Computational Science
1068,Nature Computational Science
1069,Nature Computational Science
1070,Nature Computational Science
1071,Nature Computational Science
1072,Nature Computational Science
1073,Nature Computational Science
1074,Nature Computational Science
1075,Nature Computational Science
1076,Nature Computational Science
1077,Nature Computational Science
1078,Nature Ecology & Evolution
1079,Nature Ecology & Evolution
1080,Nature Ecology & Evolution
1081,Nature Ecology & Evolution
1082,Nature Ecology & Evolution
1083,Nature Ecology & Evolution
1084,Nature Ecology & Evolution
1085,Nature Ecology & Evolution
1086,Nature Ecology & Evolution
1087,Nature Ecology & Evolution
1088,Nature Ecology & Evolution
1089,Nature Ecology & Evolution
1090,Nature Ecology & Evolution
1091,Nature Ecology & Evolution
1092,Nature Ecology & Evolution
1093,Nature Ecology & Evolution
1094,Nature Ecology & Evolution
1095,Nature Ecology & Evolution
1096,Nature Ecology & Evolution
1097,Nature Ecology & Evolution
1098,Nature Ecology & Evolution
1099,Nature Ecology & Evolution
1100,Nature Ecology & Evolution
1101,Nature Ecology & Evolution
1102,Nature Ecology & Evolution
1103,Nature Ecology & Evolution
1104,Nature Ecology & Evolution
1105,Nature Ecology & Evolution
1106,Nature Electronics
1107,Nature Electronics
1108,Nature Electronics
1109,Nature Electronics
1110,Nature Electronics
1111,Nature Electronics
1112,Nature Electronics
1113,Nature Electronics
1114,Nature Electronics
1115,Nature Electronics
1116,Nature Electronics
1117,Nature Electronics
1118,Nature Electronics
1119,Nature Electronics
1120,Nature Electronics
1121,Nature Electronics
1122,Nature Electronics
1123,Nature Electronics
1124,Nature Electronics
1125,Nature Electronics
1126,Nature Electronics
1127,Nature Electronics
1128,Nature Electronics
1129,Nature Electronics
1130,Nature Electronics
1131,Nature Electronics
1132,Nature Electronics
1133,Nature Electronics
1134,Nature Electronics
1135,Nature Electronics
1136,Nature Electronics
1137,Nature Electronics
1138,Nature Energy
1139,Nature Energy
1140,Nature Energy
1141,Nature Energy
1142,Nature Energy
1143,Nature Energy
1144,Nature Energy
1145,Nature Energy
1146,Nature Energy
1147,Nature Energy
1148,Nature Energy
1149,Nature Energy
1150,Nature Energy
1151,Nature Energy
1152,Nature Energy
1153,Nature Energy
1154,Nature Energy
1155,Nature Energy
1156,Nature Energy
1157,Nature Energy
1158,Nature Energy
1159,Nature Energy
1160,Nature Energy
1161,Nature Energy
1162,Nature Energy
1163,Nature Energy
1164,Nature Energy
1165,Nature Energy
1166,Nature Energy
1167,Nature Energy
1168,Nature Energy
1169,Nature Energy
1170,Nature Energy
1171,Nature Energy
1172,Nature Energy
1173,Nature Energy
