,NOT_PUBLIC_LINK
0,https://www.nature.com/articles/s41401-021-00778-2
1,https://www.nature.com/articles/s41401-021-00778-2
2,https://www.nature.com/articles/s41401-021-00776-4
3,https://www.nature.com/articles/s41401-021-00776-4
4,https://www.nature.com/articles/s41401-021-00774-6
5,https://www.nature.com/articles/s41401-021-00774-6
6,https://www.nature.com/articles/s41401-021-00766-6
7,https://www.nature.com/articles/s41401-021-00766-6
8,https://www.nature.com/articles/s41401-021-00768-4
9,https://www.nature.com/articles/s41401-021-00768-4
10,https://www.nature.com/articles/s41401-021-00755-9
11,https://www.nature.com/articles/s41401-021-00755-9
12,https://www.nature.com/articles/s41401-021-00760-y
13,https://www.nature.com/articles/s41401-021-00760-y
14,https://www.nature.com/articles/s41401-021-00763-9
15,https://www.nature.com/articles/s41401-021-00763-9
16,https://www.nature.com/articles/s41401-021-00765-7
17,https://www.nature.com/articles/s41401-021-00765-7
18,https://www.nature.com/articles/s41401-021-00767-5
19,https://www.nature.com/articles/s41401-021-00767-5
20,https://www.nature.com/articles/s41401-021-00761-x
21,https://www.nature.com/articles/s41401-021-00761-x
22,https://www.nature.com/articles/s41406-021-0232-4
23,https://www.nature.com/articles/s41406-021-0232-4
24,https://www.nature.com/articles/s41406-021-0228-0
25,https://www.nature.com/articles/s41406-021-0228-0
26,https://www.nature.com/articles/s41406-021-0248-9
27,https://www.nature.com/articles/s41406-021-0248-9
28,https://www.nature.com/articles/s41406-021-0260-0
29,https://www.nature.com/articles/s41406-021-0260-0
30,https://www.nature.com/articles/s41406-021-0244-0
31,https://www.nature.com/articles/s41406-021-0244-0
32,https://www.nature.com/articles/s41409-021-01494-5
33,https://www.nature.com/articles/s41409-021-01494-5
34,https://www.nature.com/articles/s41409-021-01478-5
35,https://www.nature.com/articles/s41409-021-01478-5
36,https://www.nature.com/articles/s41409-021-01479-4
37,https://www.nature.com/articles/s41409-021-01479-4
38,https://www.nature.com/articles/s41409-021-01491-8
39,https://www.nature.com/articles/s41409-021-01491-8
40,https://www.nature.com/articles/s41409-021-01486-5
41,https://www.nature.com/articles/s41409-021-01486-5
42,https://www.nature.com/articles/s41409-021-01485-6
43,https://www.nature.com/articles/s41409-021-01485-6
44,https://www.nature.com/articles/s41409-021-01482-9
45,https://www.nature.com/articles/s41409-021-01482-9
46,https://www.nature.com/articles/s41409-021-01464-x
47,https://www.nature.com/articles/s41409-021-01464-x
48,https://www.nature.com/articles/s41409-021-01484-7
49,https://www.nature.com/articles/s41409-021-01484-7
50,https://www.nature.com/articles/s41409-021-01285-y
51,https://www.nature.com/articles/s41409-021-01285-y
52,https://www.nature.com/articles/s41409-021-01455-y
53,https://www.nature.com/articles/s41409-021-01455-y
54,https://www.nature.com/articles/s41409-021-01481-w
55,https://www.nature.com/articles/s41409-021-01481-w
56,https://www.nature.com/articles/s41409-021-01468-7
57,https://www.nature.com/articles/s41409-021-01468-7
58,https://www.nature.com/articles/s41415-021-3522-x
59,https://www.nature.com/articles/s41415-021-3522-x
60,https://www.nature.com/articles/s41416-021-01571-y
61,https://www.nature.com/articles/s41416-021-01571-y
62,https://www.nature.com/articles/s41416-021-01564-x
63,https://www.nature.com/articles/s41416-021-01564-x
64,https://www.nature.com/articles/s41416-021-01557-w
65,https://www.nature.com/articles/s41416-021-01557-w
66,https://www.nature.com/articles/s41416-021-01569-6
67,https://www.nature.com/articles/s41416-021-01569-6
68,https://www.nature.com/articles/s41416-021-01559-8
69,https://www.nature.com/articles/s41416-021-01559-8
70,https://www.nature.com/articles/s41416-021-01566-9
71,https://www.nature.com/articles/s41416-021-01566-9
72,https://www.nature.com/articles/s41416-021-01561-0
73,https://www.nature.com/articles/s41416-021-01561-0
74,https://www.nature.com/articles/s41416-021-01552-1
75,https://www.nature.com/articles/s41416-021-01552-1
76,https://www.nature.com/articles/s41416-021-01558-9
77,https://www.nature.com/articles/s41416-021-01558-9
78,https://www.nature.com/articles/s41416-021-01556-x
79,https://www.nature.com/articles/s41416-021-01556-x
80,https://www.nature.com/articles/s41416-021-01547-y
81,https://www.nature.com/articles/s41416-021-01547-y
82,https://www.nature.com/articles/s41416-021-01549-w
83,https://www.nature.com/articles/s41416-021-01549-w
84,https://www.nature.com/articles/s41416-021-01540-5
85,https://www.nature.com/articles/s41416-021-01540-5
86,https://www.nature.com/articles/s41417-021-00377-7
87,https://www.nature.com/articles/s41417-021-00377-7
88,https://www.nature.com/articles/s41417-021-00382-w
89,https://www.nature.com/articles/s41417-021-00382-w
90,https://www.nature.com/articles/s41417-021-00365-x
91,https://www.nature.com/articles/s41417-021-00365-x
92,https://www.nature.com/articles/s41417-021-00351-3
93,https://www.nature.com/articles/s41417-021-00351-3
94,https://www.nature.com/articles/s41417-021-00378-6
95,https://www.nature.com/articles/s41417-021-00378-6
96,https://www.nature.com/articles/s41417-021-00376-8
97,https://www.nature.com/articles/s41417-021-00376-8
98,https://www.nature.com/articles/s41417-021-00375-9
99,https://www.nature.com/articles/s41417-021-00375-9
100,https://www.nature.com/articles/s41417-021-00373-x
101,https://www.nature.com/articles/s41417-021-00373-x
102,https://www.nature.com/articles/s41417-021-00372-y
103,https://www.nature.com/articles/s41417-021-00372-y
104,https://www.nature.com/articles/s41418-021-00888-8
105,https://www.nature.com/articles/s41418-021-00888-8
106,https://www.nature.com/articles/s41418-021-00881-1
107,https://www.nature.com/articles/s41418-021-00881-1
108,https://www.nature.com/articles/s41418-021-00877-x
109,https://www.nature.com/articles/s41418-021-00877-x
110,https://www.nature.com/articles/s41418-021-00884-y
111,https://www.nature.com/articles/s41418-021-00884-y
112,https://www.nature.com/articles/s41418-021-00882-0
113,https://www.nature.com/articles/s41418-021-00882-0
114,https://www.nature.com/articles/s41418-021-00879-9
115,https://www.nature.com/articles/s41418-021-00879-9
116,https://www.nature.com/articles/s41418-021-00876-y
117,https://www.nature.com/articles/s41418-021-00876-y
118,https://www.nature.com/articles/s41418-021-00872-2
119,https://www.nature.com/articles/s41418-021-00872-2
120,https://www.nature.com/articles/s41418-021-00874-0
121,https://www.nature.com/articles/s41418-021-00874-0
122,https://www.nature.com/articles/s41418-021-00873-1
123,https://www.nature.com/articles/s41418-021-00873-1
124,https://www.nature.com/articles/s41418-021-00870-4
125,https://www.nature.com/articles/s41418-021-00870-4
126,https://www.nature.com/articles/s41418-021-00867-z
127,https://www.nature.com/articles/s41418-021-00867-z
128,https://www.nature.com/articles/s41418-021-00865-1
129,https://www.nature.com/articles/s41418-021-00865-1
130,https://www.nature.com/articles/s41422-021-00565-y
131,https://www.nature.com/articles/s41422-021-00565-y
132,https://www.nature.com/articles/s41422-021-00567-w
133,https://www.nature.com/articles/s41422-021-00567-w
134,https://www.nature.com/articles/s41422-021-00561-2
135,https://www.nature.com/articles/s41422-021-00561-2
136,https://www.nature.com/articles/s41422-021-00557-y
137,https://www.nature.com/articles/s41422-021-00557-y
138,https://www.nature.com/articles/s41423-021-00775-9
139,https://www.nature.com/articles/s41423-021-00775-9
140,https://www.nature.com/articles/s41423-021-00763-z
141,https://www.nature.com/articles/s41423-021-00763-z
142,https://www.nature.com/articles/s41423-021-00764-y
143,https://www.nature.com/articles/s41423-021-00764-y
144,https://www.nature.com/articles/s41423-021-00770-0
145,https://www.nature.com/articles/s41423-021-00770-0
146,https://www.nature.com/articles/s41423-021-00765-x
147,https://www.nature.com/articles/s41423-021-00765-x
148,https://www.nature.com/articles/s41423-021-00766-w
149,https://www.nature.com/articles/s41423-021-00766-w
150,https://www.nature.com/articles/s41423-021-00741-5
151,https://www.nature.com/articles/s41423-021-00741-5
152,https://www.nature.com/articles/s41423-021-00760-2
153,https://www.nature.com/articles/s41423-021-00760-2
154,https://www.nature.com/articles/s41430-021-01018-w
155,https://www.nature.com/articles/s41430-021-01018-w
156,https://www.nature.com/articles/s41430-021-01020-2
157,https://www.nature.com/articles/s41430-021-01020-2
158,https://www.nature.com/articles/s41430-021-01016-y
159,https://www.nature.com/articles/s41430-021-01016-y
160,https://www.nature.com/articles/s41430-021-01021-1
161,https://www.nature.com/articles/s41430-021-01021-1
162,https://www.nature.com/articles/s41430-021-01017-x
163,https://www.nature.com/articles/s41430-021-01017-x
164,https://www.nature.com/articles/s41430-021-01009-x
165,https://www.nature.com/articles/s41430-021-01009-x
166,https://www.nature.com/articles/s41430-021-01007-z
167,https://www.nature.com/articles/s41430-021-01007-z
168,https://www.nature.com/articles/s41430-021-01010-4
169,https://www.nature.com/articles/s41430-021-01010-4
170,https://www.nature.com/articles/s41430-021-01005-1
171,https://www.nature.com/articles/s41430-021-01005-1
172,https://www.nature.com/articles/s41430-021-01008-y
173,https://www.nature.com/articles/s41430-021-01008-y
174,https://www.nature.com/articles/s41430-021-01006-0
175,https://www.nature.com/articles/s41430-021-01006-0
176,https://www.nature.com/articles/s41430-021-00975-6
177,https://www.nature.com/articles/s41430-021-00975-6
178,https://www.nature.com/articles/s41430-021-01004-2
179,https://www.nature.com/articles/s41430-021-01004-2
180,https://www.nature.com/articles/s41430-021-00936-z
181,https://www.nature.com/articles/s41430-021-00936-z
182,https://www.nature.com/articles/s41430-021-01003-3
183,https://www.nature.com/articles/s41430-021-01003-3
184,https://www.nature.com/articles/s41430-021-01001-5
185,https://www.nature.com/articles/s41430-021-01001-5
186,https://www.nature.com/articles/s41431-021-00973-z
187,https://www.nature.com/articles/s41431-021-00973-z
188,https://www.nature.com/articles/s41431-021-00953-3
189,https://www.nature.com/articles/s41431-021-00953-3
190,https://www.nature.com/articles/s41431-021-00963-1
191,https://www.nature.com/articles/s41431-021-00963-1
192,https://www.nature.com/articles/s41431-021-00965-z
193,https://www.nature.com/articles/s41431-021-00965-z
194,https://www.nature.com/articles/s41431-021-00960-4
195,https://www.nature.com/articles/s41431-021-00960-4
196,https://www.nature.com/articles/s41431-021-00955-1
197,https://www.nature.com/articles/s41431-021-00955-1
198,https://www.nature.com/articles/s41431-021-00956-0
199,https://www.nature.com/articles/s41431-021-00956-0
200,https://www.nature.com/articles/s41432-021-0197-8
201,https://www.nature.com/articles/s41432-021-0197-8
202,https://www.nature.com/articles/s41432-021-0202-2
203,https://www.nature.com/articles/s41432-021-0202-2
204,https://www.nature.com/articles/s41432-021-0192-0
205,https://www.nature.com/articles/s41432-021-0192-0
206,https://www.nature.com/articles/s41432-021-0198-7
207,https://www.nature.com/articles/s41432-021-0198-7
208,https://www.nature.com/articles/s41432-021-0200-4
209,https://www.nature.com/articles/s41432-021-0200-4
210,https://www.nature.com/articles/s41432-021-0203-1
211,https://www.nature.com/articles/s41432-021-0203-1
212,https://www.nature.com/articles/s41432-021-0196-9
213,https://www.nature.com/articles/s41432-021-0196-9
214,https://www.nature.com/articles/s41432-021-0195-x
215,https://www.nature.com/articles/s41432-021-0195-x
216,https://www.nature.com/articles/s41432-021-0199-6
217,https://www.nature.com/articles/s41432-021-0199-6
218,https://www.nature.com/articles/s41432-021-0193-z
219,https://www.nature.com/articles/s41432-021-0193-z
220,https://www.nature.com/articles/s41432-021-0204-0
221,https://www.nature.com/articles/s41432-021-0204-0
222,https://www.nature.com/articles/s41432-021-0188-9
223,https://www.nature.com/articles/s41432-021-0188-9
224,https://www.nature.com/articles/s41433-021-01801-w
225,https://www.nature.com/articles/s41433-021-01801-w
226,https://www.nature.com/articles/s41433-021-01790-w
227,https://www.nature.com/articles/s41433-021-01790-w
228,https://www.nature.com/articles/s41433-021-01800-x
229,https://www.nature.com/articles/s41433-021-01800-x
230,https://www.nature.com/articles/s41433-021-01796-4
231,https://www.nature.com/articles/s41433-021-01796-4
232,https://www.nature.com/articles/s41433-021-01795-5
233,https://www.nature.com/articles/s41433-021-01795-5
234,https://www.nature.com/articles/s41433-021-01792-8
235,https://www.nature.com/articles/s41433-021-01792-8
236,https://www.nature.com/articles/s41433-021-01755-z
237,https://www.nature.com/articles/s41433-021-01755-z
238,https://www.nature.com/articles/s41433-021-01779-5
239,https://www.nature.com/articles/s41433-021-01779-5
240,https://www.nature.com/articles/s41433-021-01782-w
241,https://www.nature.com/articles/s41433-021-01782-w
242,https://www.nature.com/articles/s41433-021-01758-w
243,https://www.nature.com/articles/s41433-021-01758-w
244,https://www.nature.com/articles/s41433-021-01778-6
245,https://www.nature.com/articles/s41433-021-01778-6
246,https://www.nature.com/articles/s41433-021-01772-y
247,https://www.nature.com/articles/s41433-021-01772-y
248,https://www.nature.com/articles/s41434-021-00299-x
249,https://www.nature.com/articles/s41434-021-00299-x
250,https://www.nature.com/articles/s41434-021-00296-0
251,https://www.nature.com/articles/s41434-021-00296-0
252,https://www.nature.com/articles/s41434-021-00256-8
253,https://www.nature.com/articles/s41434-021-00256-8
254,https://www.nature.com/articles/s41434-021-00297-z
255,https://www.nature.com/articles/s41434-021-00297-z
256,https://www.nature.com/articles/s41434-021-00286-2
257,https://www.nature.com/articles/s41434-021-00286-2
258,https://www.nature.com/articles/s41434-021-00294-2
259,https://www.nature.com/articles/s41434-021-00294-2
260,https://www.nature.com/articles/s41434-021-00289-z
261,https://www.nature.com/articles/s41434-021-00289-z
262,https://www.nature.com/articles/s41434-021-00285-3
263,https://www.nature.com/articles/s41434-021-00285-3
264,https://www.nature.com/articles/s41434-021-00288-0
265,https://www.nature.com/articles/s41434-021-00288-0
266,https://www.nature.com/articles/s41434-021-00278-2
267,https://www.nature.com/articles/s41434-021-00278-2
268,https://www.nature.com/articles/s41434-021-00281-7
269,https://www.nature.com/articles/s41434-021-00281-7
270,https://www.nature.com/articles/s41435-021-00146-4
271,https://www.nature.com/articles/s41435-021-00146-4
272,https://www.nature.com/articles/s41435-021-00141-9
273,https://www.nature.com/articles/s41435-021-00141-9
274,https://www.nature.com/articles/s41435-021-00138-4
275,https://www.nature.com/articles/s41435-021-00138-4
276,https://www.nature.com/articles/s41435-021-00135-7
277,https://www.nature.com/articles/s41435-021-00135-7
278,https://www.nature.com/articles/s41435-021-00134-8
279,https://www.nature.com/articles/s41435-021-00134-8
280,https://www.nature.com/articles/s41435-021-00132-w
281,https://www.nature.com/articles/s41435-021-00132-w
282,https://www.nature.com/articles/s41436-021-01303-w
283,https://www.nature.com/articles/s41436-021-01303-w
284,https://www.nature.com/articles/s41436-021-01286-8
285,https://www.nature.com/articles/s41436-021-01286-8
286,https://www.nature.com/articles/s41436-021-01295-7
287,https://www.nature.com/articles/s41436-021-01295-7
288,https://www.nature.com/articles/s41436-021-01301-y
289,https://www.nature.com/articles/s41436-021-01301-y
290,https://www.nature.com/articles/s41436-021-01268-w
291,https://www.nature.com/articles/s41436-021-01268-w
292,https://www.nature.com/articles/s41436-021-01291-x
293,https://www.nature.com/articles/s41436-021-01291-x
294,https://www.nature.com/articles/s41437-021-00475-0
295,https://www.nature.com/articles/s41437-021-00475-0
296,https://www.nature.com/articles/s41437-021-00467-0
297,https://www.nature.com/articles/s41437-021-00467-0
298,https://www.nature.com/articles/s41437-021-00472-3
299,https://www.nature.com/articles/s41437-021-00472-3
300,https://www.nature.com/articles/s41437-021-00463-4
301,https://www.nature.com/articles/s41437-021-00463-4
302,https://www.nature.com/articles/s41437-021-00470-5
303,https://www.nature.com/articles/s41437-021-00470-5
304,https://www.nature.com/articles/s41437-021-00466-1
305,https://www.nature.com/articles/s41437-021-00466-1
306,https://www.nature.com/articles/s41437-021-00469-y
307,https://www.nature.com/articles/s41437-021-00469-y
308,https://www.nature.com/articles/s41437-021-00468-z
309,https://www.nature.com/articles/s41437-021-00468-z
310,https://www.nature.com/articles/s41437-021-00465-2
311,https://www.nature.com/articles/s41437-021-00465-2
312,https://www.nature.com/articles/s41437-021-00457-2
313,https://www.nature.com/articles/s41437-021-00457-2
314,https://www.nature.com/articles/s41440-021-00775-2
315,https://www.nature.com/articles/s41440-021-00775-2
316,https://www.nature.com/articles/s41440-021-00771-6
317,https://www.nature.com/articles/s41440-021-00771-6
318,https://www.nature.com/articles/s41440-021-00772-5
319,https://www.nature.com/articles/s41440-021-00772-5
320,https://www.nature.com/articles/s41440-021-00750-x
321,https://www.nature.com/articles/s41440-021-00750-x
322,https://www.nature.com/articles/s41440-021-00733-y
323,https://www.nature.com/articles/s41440-021-00733-y
324,https://www.nature.com/articles/s41440-021-00768-1
325,https://www.nature.com/articles/s41440-021-00768-1
326,https://www.nature.com/articles/s41440-021-00736-9
327,https://www.nature.com/articles/s41440-021-00736-9
328,https://www.nature.com/articles/s41440-021-00747-6
329,https://www.nature.com/articles/s41440-021-00747-6
330,https://www.nature.com/articles/s41440-021-00727-w
331,https://www.nature.com/articles/s41440-021-00727-w
332,https://www.nature.com/articles/s41440-021-00712-3
333,https://www.nature.com/articles/s41440-021-00712-3
334,https://www.nature.com/articles/s41440-021-00734-x
335,https://www.nature.com/articles/s41440-021-00734-x
336,https://www.nature.com/articles/s41440-021-00739-6
337,https://www.nature.com/articles/s41440-021-00739-6
338,https://www.nature.com/articles/s41443-021-00474-z
339,https://www.nature.com/articles/s41443-021-00474-z
340,https://www.nature.com/articles/s41443-021-00475-y
341,https://www.nature.com/articles/s41443-021-00475-y
342,https://www.nature.com/articles/s41443-021-00472-1
343,https://www.nature.com/articles/s41443-021-00472-1
344,https://www.nature.com/articles/s41443-021-00470-3
345,https://www.nature.com/articles/s41443-021-00470-3
346,https://www.nature.com/articles/s41443-021-00469-w
347,https://www.nature.com/articles/s41443-021-00469-w
348,https://www.nature.com/articles/s41443-021-00467-y
349,https://www.nature.com/articles/s41443-021-00467-y
350,https://www.nature.com/articles/s41443-021-00465-0
351,https://www.nature.com/articles/s41443-021-00465-0
352,https://www.nature.com/articles/s41443-021-00466-z
353,https://www.nature.com/articles/s41443-021-00466-z
354,https://www.nature.com/articles/s41443-021-00464-1
355,https://www.nature.com/articles/s41443-021-00464-1
356,https://www.nature.com/articles/s41443-021-00461-4
357,https://www.nature.com/articles/s41443-021-00461-4
358,https://www.nature.com/articles/s41443-021-00463-2
359,https://www.nature.com/articles/s41443-021-00463-2
360,https://www.nature.com/articles/s41443-021-00452-5
361,https://www.nature.com/articles/s41443-021-00452-5
362,https://www.nature.com/articles/s41443-021-00460-5
363,https://www.nature.com/articles/s41443-021-00460-5
364,https://www.nature.com/articles/s41443-021-00458-z
365,https://www.nature.com/articles/s41443-021-00458-z
366,https://www.nature.com/articles/s41443-021-00449-0
367,https://www.nature.com/articles/s41443-021-00449-0
368,https://www.nature.com/articles/s41443-021-00459-y
369,https://www.nature.com/articles/s41443-021-00459-y
370,https://www.nature.com/articles/s41443-021-00456-1
371,https://www.nature.com/articles/s41443-021-00456-1
372,https://www.nature.com/articles/s41366-021-00978-0
373,https://www.nature.com/articles/s41366-021-00978-0
374,https://www.nature.com/articles/s41366-021-00897-0
375,https://www.nature.com/articles/s41366-021-00897-0
376,https://www.nature.com/articles/s41366-021-00974-4
377,https://www.nature.com/articles/s41366-021-00974-4
378,https://www.nature.com/articles/s41366-021-00972-6
379,https://www.nature.com/articles/s41366-021-00972-6
380,https://www.nature.com/articles/s41366-021-00967-3
381,https://www.nature.com/articles/s41366-021-00967-3
382,https://www.nature.com/articles/s41366-021-00966-4
383,https://www.nature.com/articles/s41366-021-00966-4
384,https://www.nature.com/articles/s41366-021-00969-1
385,https://www.nature.com/articles/s41366-021-00969-1
386,https://www.nature.com/articles/s41366-021-00952-w
387,https://www.nature.com/articles/s41366-021-00952-w
388,https://www.nature.com/articles/s41366-021-00954-8
389,https://www.nature.com/articles/s41366-021-00954-8
390,https://www.nature.com/articles/s41366-021-00964-6
391,https://www.nature.com/articles/s41366-021-00964-6
392,https://www.nature.com/articles/s41366-021-00963-7
393,https://www.nature.com/articles/s41366-021-00963-7
394,https://www.nature.com/articles/s41366-021-00959-3
395,https://www.nature.com/articles/s41366-021-00959-3
396,https://www.nature.com/articles/s41366-021-00962-8
397,https://www.nature.com/articles/s41366-021-00962-8
398,https://www.nature.com/articles/s41366-021-00961-9
399,https://www.nature.com/articles/s41366-021-00961-9
400,https://www.nature.com/articles/s41367-020-0015-3
401,https://www.nature.com/articles/s41367-020-0015-3
402,https://www.nature.com/articles/s41367-020-0018-0
403,https://www.nature.com/articles/s41367-020-0018-0
404,https://www.nature.com/articles/s41367-020-0016-2
405,https://www.nature.com/articles/s41367-020-0016-2
406,https://www.nature.com/articles/s41367-020-0014-4
407,https://www.nature.com/articles/s41367-020-0014-4
408,https://www.nature.com/articles/s41367-020-0019-z
409,https://www.nature.com/articles/s41367-020-0019-z
410,https://www.nature.com/articles/s41367-020-0017-1
411,https://www.nature.com/articles/s41367-020-0017-1
412,https://www.nature.com/articles/s41367-019-0009-1
413,https://www.nature.com/articles/s41367-019-0009-1
414,https://www.nature.com/articles/s41367-019-0012-6
415,https://www.nature.com/articles/s41367-019-0012-6
416,https://www.nature.com/articles/s41367-019-0008-2
417,https://www.nature.com/articles/s41367-019-0008-2
418,https://www.nature.com/articles/s41367-019-0010-8
419,https://www.nature.com/articles/s41367-019-0010-8
420,https://www.nature.com/articles/s41367-019-0011-7
421,https://www.nature.com/articles/s41367-019-0011-7
422,https://www.nature.com/articles/s41367-019-0007-3
423,https://www.nature.com/articles/s41367-019-0007-3
424,https://www.nature.com/articles/s41367-018-0001-1
425,https://www.nature.com/articles/s41367-018-0001-1
426,https://www.nature.com/articles/s41367-018-0005-x
427,https://www.nature.com/articles/s41367-018-0005-x
428,https://www.nature.com/articles/s41367-018-0002-0
429,https://www.nature.com/articles/s41367-018-0002-0
430,https://www.nature.com/articles/s41367-018-0003-z
431,https://www.nature.com/articles/s41367-018-0003-z
432,https://www.nature.com/articles/s41367-018-0006-9
433,https://www.nature.com/articles/s41367-018-0006-9
434,https://www.nature.com/articles/ijosup20161
435,https://www.nature.com/articles/ijosup20161
436,https://www.nature.com/articles/ijosup20167
437,https://www.nature.com/articles/ijosup20167
438,https://www.nature.com/articles/s41396-021-01133-3
439,https://www.nature.com/articles/s41396-021-01133-3
440,https://www.nature.com/articles/s41396-021-01121-7
441,https://www.nature.com/articles/s41396-021-01121-7
442,https://www.nature.com/articles/s41396-021-01131-5
443,https://www.nature.com/articles/s41396-021-01131-5
444,https://www.nature.com/articles/s41396-021-01110-w
445,https://www.nature.com/articles/s41396-021-01110-w
446,https://www.nature.com/articles/s41396-021-01122-6
447,https://www.nature.com/articles/s41396-021-01122-6
448,https://www.nature.com/articles/s41396-021-01120-8
449,https://www.nature.com/articles/s41396-021-01120-8
450,https://www.nature.com/articles/s41396-021-01114-6
451,https://www.nature.com/articles/s41396-021-01114-6
452,https://www.nature.com/articles/s41396-021-01113-7
453,https://www.nature.com/articles/s41396-021-01113-7
454,https://www.nature.com/articles/s41396-021-01112-8
455,https://www.nature.com/articles/s41396-021-01112-8
456,https://www.nature.com/articles/s41396-021-01108-4
457,https://www.nature.com/articles/s41396-021-01108-4
458,https://www.nature.com/articles/s41429-021-00478-3
459,https://www.nature.com/articles/s41429-021-00478-3
460,https://www.nature.com/articles/s41429-021-00477-4
461,https://www.nature.com/articles/s41429-021-00477-4
462,https://www.nature.com/articles/s41429-021-00474-7
463,https://www.nature.com/articles/s41429-021-00474-7
464,https://www.nature.com/articles/s41429-021-00471-w
465,https://www.nature.com/articles/s41429-021-00471-w
466,https://www.nature.com/articles/s41429-021-00473-8
467,https://www.nature.com/articles/s41429-021-00473-8
468,https://www.nature.com/articles/s41429-021-00476-5
469,https://www.nature.com/articles/s41429-021-00476-5
470,https://www.nature.com/articles/s41429-021-00468-5
471,https://www.nature.com/articles/s41429-021-00468-5
472,https://www.nature.com/articles/s41429-021-00470-x
473,https://www.nature.com/articles/s41429-021-00470-x
474,https://www.nature.com/articles/s41429-021-00475-6
475,https://www.nature.com/articles/s41429-021-00475-6
476,https://www.nature.com/articles/s41429-021-00469-4
477,https://www.nature.com/articles/s41429-021-00469-4
478,https://www.nature.com/articles/s41429-021-00459-6
479,https://www.nature.com/articles/s41429-021-00459-6
480,https://www.nature.com/articles/s41429-021-00465-8
481,https://www.nature.com/articles/s41429-021-00465-8
482,https://www.nature.com/articles/s41429-021-00463-w
483,https://www.nature.com/articles/s41429-021-00463-w
484,https://www.nature.com/articles/s41429-021-00464-9
485,https://www.nature.com/articles/s41429-021-00464-9
486,https://www.nature.com/articles/s41429-021-00466-7
487,https://www.nature.com/articles/s41429-021-00466-7
488,https://www.nature.com/articles/s41429-021-00462-x
489,https://www.nature.com/articles/s41429-021-00462-x
490,https://www.nature.com/articles/s41370-021-00387-5
491,https://www.nature.com/articles/s41370-021-00387-5
492,https://www.nature.com/articles/s41370-021-00383-9
493,https://www.nature.com/articles/s41370-021-00383-9
494,https://www.nature.com/articles/s41370-021-00380-y
495,https://www.nature.com/articles/s41370-021-00380-y
496,https://www.nature.com/articles/s41370-021-00377-7
497,https://www.nature.com/articles/s41370-021-00377-7
498,https://www.nature.com/articles/s41370-021-00382-w
499,https://www.nature.com/articles/s41370-021-00382-w
500,https://www.nature.com/articles/s41370-021-00374-w
501,https://www.nature.com/articles/s41370-021-00374-w
502,https://www.nature.com/articles/s41370-021-00372-y
503,https://www.nature.com/articles/s41370-021-00372-y
504,https://www.nature.com/articles/s41370-021-00373-x
505,https://www.nature.com/articles/s41370-021-00373-x
506,https://www.nature.com/articles/s41370-021-00359-9
507,https://www.nature.com/articles/s41370-021-00359-9
508,https://www.nature.com/articles/s41370-021-00371-z
509,https://www.nature.com/articles/s41370-021-00371-z
510,https://www.nature.com/articles/s41370-021-00364-y
511,https://www.nature.com/articles/s41370-021-00364-y
512,https://www.nature.com/articles/s41370-021-00363-z
513,https://www.nature.com/articles/s41370-021-00363-z
514,https://www.nature.com/articles/s41370-021-00370-0
515,https://www.nature.com/articles/s41370-021-00370-0
516,https://www.nature.com/articles/s10038-021-00981-3
517,https://www.nature.com/articles/s10038-021-00981-3
518,https://www.nature.com/articles/s10038-021-00979-x
519,https://www.nature.com/articles/s10038-021-00979-x
520,https://www.nature.com/articles/s10038-021-00975-1
521,https://www.nature.com/articles/s10038-021-00975-1
522,https://www.nature.com/articles/s10038-021-00945-7
523,https://www.nature.com/articles/s10038-021-00945-7
524,https://www.nature.com/articles/s10038-021-00977-z
525,https://www.nature.com/articles/s10038-021-00977-z
526,https://www.nature.com/articles/s10038-021-00974-2
527,https://www.nature.com/articles/s10038-021-00974-2
528,https://www.nature.com/articles/s10038-021-00973-3
529,https://www.nature.com/articles/s10038-021-00973-3
530,https://www.nature.com/articles/s10038-021-00972-4
531,https://www.nature.com/articles/s10038-021-00972-4
532,https://www.nature.com/articles/s10038-021-00971-5
533,https://www.nature.com/articles/s10038-021-00971-5
534,https://www.nature.com/articles/s10038-021-00968-0
535,https://www.nature.com/articles/s10038-021-00968-0
536,https://www.nature.com/articles/s10038-021-00967-1
537,https://www.nature.com/articles/s10038-021-00967-1
538,https://www.nature.com/articles/s10038-021-00966-2
539,https://www.nature.com/articles/s10038-021-00966-2
540,https://www.nature.com/articles/s10038-021-00965-3
541,https://www.nature.com/articles/s10038-021-00965-3
542,https://www.nature.com/articles/s10038-021-00963-5
543,https://www.nature.com/articles/s10038-021-00963-5
544,https://www.nature.com/articles/s41371-021-00618-0
545,https://www.nature.com/articles/s41371-021-00618-0
546,https://www.nature.com/articles/s41371-021-00613-5
547,https://www.nature.com/articles/s41371-021-00613-5
548,https://www.nature.com/articles/s41371-021-00614-4
549,https://www.nature.com/articles/s41371-021-00614-4
550,https://www.nature.com/articles/s41371-021-00603-7
551,https://www.nature.com/articles/s41371-021-00603-7
552,https://www.nature.com/articles/s41371-021-00610-8
553,https://www.nature.com/articles/s41371-021-00610-8
554,https://www.nature.com/articles/s41371-021-00609-1
555,https://www.nature.com/articles/s41371-021-00609-1
556,https://www.nature.com/articles/s41371-021-00605-5
557,https://www.nature.com/articles/s41371-021-00605-5
558,https://www.nature.com/articles/s41371-021-00594-5
559,https://www.nature.com/articles/s41371-021-00594-5
560,https://www.nature.com/articles/s41371-021-00606-4
561,https://www.nature.com/articles/s41371-021-00606-4
562,https://www.nature.com/articles/s41371-021-00604-6
563,https://www.nature.com/articles/s41371-021-00604-6
564,https://www.nature.com/articles/s41371-021-00602-8
565,https://www.nature.com/articles/s41371-021-00602-8
566,https://www.nature.com/articles/s41371-021-00599-0
567,https://www.nature.com/articles/s41371-021-00599-0
568,https://www.nature.com/articles/s41372-021-01223-2
569,https://www.nature.com/articles/s41372-021-01223-2
570,https://www.nature.com/articles/s41372-021-01225-0
571,https://www.nature.com/articles/s41372-021-01225-0
572,https://www.nature.com/articles/s41372-021-01222-3
573,https://www.nature.com/articles/s41372-021-01222-3
574,https://www.nature.com/articles/s41372-021-01214-3
575,https://www.nature.com/articles/s41372-021-01214-3
576,https://www.nature.com/articles/s41372-021-01215-2
577,https://www.nature.com/articles/s41372-021-01215-2
578,https://www.nature.com/articles/s41372-021-01217-0
579,https://www.nature.com/articles/s41372-021-01217-0
580,https://www.nature.com/articles/s41372-021-01207-2
581,https://www.nature.com/articles/s41372-021-01207-2
582,https://www.nature.com/articles/s41372-021-01208-1
583,https://www.nature.com/articles/s41372-021-01208-1
584,https://www.nature.com/articles/s41372-021-01209-0
585,https://www.nature.com/articles/s41372-021-01209-0
586,https://www.nature.com/articles/s41372-021-01151-1
587,https://www.nature.com/articles/s41372-021-01151-1
588,https://www.nature.com/articles/s41372-021-01205-4
589,https://www.nature.com/articles/s41372-021-01205-4
590,https://www.nature.com/articles/s41684-021-00871-3
591,https://www.nature.com/articles/s41684-021-00871-3
592,https://www.nature.com/articles/s41684-021-00864-2
593,https://www.nature.com/articles/s41684-021-00864-2
594,https://www.nature.com/articles/s41684-021-00850-8
595,https://www.nature.com/articles/s41684-021-00850-8
596,https://www.nature.com/articles/s41684-021-00858-0
597,https://www.nature.com/articles/s41684-021-00858-0
598,https://www.nature.com/articles/s41684-021-00846-4
599,https://www.nature.com/articles/s41684-021-00846-4
600,https://www.nature.com/articles/s41684-021-00865-1
601,https://www.nature.com/articles/s41684-021-00865-1
602,https://www.nature.com/articles/s41684-021-00849-1
603,https://www.nature.com/articles/s41684-021-00849-1
604,https://www.nature.com/articles/s41684-021-00860-6
605,https://www.nature.com/articles/s41684-021-00860-6
606,https://www.nature.com/articles/s41684-021-00863-3
607,https://www.nature.com/articles/s41684-021-00863-3
608,https://www.nature.com/articles/s41684-021-00851-7
609,https://www.nature.com/articles/s41684-021-00851-7
610,https://www.nature.com/articles/s41684-021-00847-3
611,https://www.nature.com/articles/s41684-021-00847-3
612,https://www.nature.com/articles/s41684-021-00866-0
613,https://www.nature.com/articles/s41684-021-00866-0
614,https://www.nature.com/articles/s41684-021-00859-z
615,https://www.nature.com/articles/s41684-021-00859-z
616,https://www.nature.com/articles/s41684-021-00861-5
617,https://www.nature.com/articles/s41684-021-00861-5
618,https://www.nature.com/articles/s41684-021-00857-1
619,https://www.nature.com/articles/s41684-021-00857-1
620,https://www.nature.com/articles/s41684-021-00848-2
621,https://www.nature.com/articles/s41684-021-00848-2
622,https://www.nature.com/articles/s41684-021-00853-5
623,https://www.nature.com/articles/s41684-021-00853-5
624,https://www.nature.com/articles/s41374-021-00666-7
625,https://www.nature.com/articles/s41374-021-00666-7
626,https://www.nature.com/articles/s41374-021-00670-x
627,https://www.nature.com/articles/s41374-021-00670-x
628,https://www.nature.com/articles/s41374-021-00647-w
629,https://www.nature.com/articles/s41374-021-00647-w
630,https://www.nature.com/articles/s41374-021-00662-x
631,https://www.nature.com/articles/s41374-021-00662-x
632,https://www.nature.com/articles/s41374-021-00656-9
633,https://www.nature.com/articles/s41374-021-00656-9
634,https://www.nature.com/articles/s41374-021-00668-5
635,https://www.nature.com/articles/s41374-021-00668-5
636,https://www.nature.com/articles/s41374-021-00675-6
637,https://www.nature.com/articles/s41374-021-00675-6
638,https://www.nature.com/articles/s41374-021-00661-y
639,https://www.nature.com/articles/s41374-021-00661-y
640,https://www.nature.com/articles/s41374-021-00673-8
641,https://www.nature.com/articles/s41374-021-00673-8
642,https://www.nature.com/articles/s41374-021-00667-6
643,https://www.nature.com/articles/s41374-021-00667-6
644,https://www.nature.com/articles/s41374-021-00660-z
645,https://www.nature.com/articles/s41374-021-00660-z
646,https://www.nature.com/articles/s41374-021-00665-8
647,https://www.nature.com/articles/s41374-021-00665-8
648,https://www.nature.com/articles/s41375-021-01447-3
649,https://www.nature.com/articles/s41375-021-01447-3
650,https://www.nature.com/articles/s41375-021-01438-4
651,https://www.nature.com/articles/s41375-021-01438-4
652,https://www.nature.com/articles/s41375-021-01435-7
653,https://www.nature.com/articles/s41375-021-01435-7
654,https://www.nature.com/articles/s41375-021-01439-3
655,https://www.nature.com/articles/s41375-021-01439-3
656,https://www.nature.com/articles/s41375-021-01426-8
657,https://www.nature.com/articles/s41375-021-01426-8
658,https://www.nature.com/articles/s41375-021-01427-7
659,https://www.nature.com/articles/s41375-021-01427-7
660,https://www.nature.com/articles/s41375-021-01423-x
661,https://www.nature.com/articles/s41375-021-01423-x
662,https://www.nature.com/articles/s41375-021-01428-6
663,https://www.nature.com/articles/s41375-021-01428-6
664,https://www.nature.com/articles/s41375-021-01400-4
665,https://www.nature.com/articles/s41375-021-01400-4
666,https://www.nature.com/articles/leusup20148
667,https://www.nature.com/articles/leusup20148
668,https://www.nature.com/articles/leusup20141
669,https://www.nature.com/articles/leusup20141
670,https://www.nature.com/articles/leusup20143
671,https://www.nature.com/articles/leusup20143
672,https://www.nature.com/articles/leusup201411
673,https://www.nature.com/articles/leusup201411
674,https://www.nature.com/articles/leusup20145
675,https://www.nature.com/articles/leusup20145
676,https://www.nature.com/articles/leusup201413
677,https://www.nature.com/articles/leusup201413
678,https://www.nature.com/articles/leusup20147
679,https://www.nature.com/articles/leusup20147
680,https://www.nature.com/articles/leusup201415
681,https://www.nature.com/articles/leusup201415
682,https://www.nature.com/articles/leusup20149
683,https://www.nature.com/articles/leusup20149
684,https://www.nature.com/articles/leusup20142
685,https://www.nature.com/articles/leusup20142
686,https://www.nature.com/articles/leusup20144
687,https://www.nature.com/articles/leusup20144
688,https://www.nature.com/articles/leusup201412
689,https://www.nature.com/articles/leusup201412
690,https://www.nature.com/articles/leusup201414
691,https://www.nature.com/articles/leusup201414
692,https://www.nature.com/articles/leusup20136
693,https://www.nature.com/articles/leusup20136
694,https://www.nature.com/articles/leusup20133
695,https://www.nature.com/articles/leusup20133
696,https://www.nature.com/articles/leusup20134
697,https://www.nature.com/articles/leusup20134
698,https://www.nature.com/articles/s41379-021-00944-1
699,https://www.nature.com/articles/s41379-021-00944-1
700,https://www.nature.com/articles/s41379-021-00934-3
701,https://www.nature.com/articles/s41379-021-00934-3
702,https://www.nature.com/articles/s41379-021-00932-5
703,https://www.nature.com/articles/s41379-021-00932-5
704,https://www.nature.com/articles/s41379-021-00909-4
705,https://www.nature.com/articles/s41379-021-00909-4
706,https://www.nature.com/articles/s41379-021-00938-z
707,https://www.nature.com/articles/s41379-021-00938-z
708,https://www.nature.com/articles/s41379-021-00929-0
709,https://www.nature.com/articles/s41379-021-00929-0
710,https://www.nature.com/articles/s41379-021-00931-6
711,https://www.nature.com/articles/s41379-021-00931-6
712,https://www.nature.com/articles/s41379-021-00924-5
713,https://www.nature.com/articles/s41379-021-00924-5
714,https://www.nature.com/articles/s41379-021-00928-1
715,https://www.nature.com/articles/s41379-021-00928-1
716,https://www.nature.com/articles/s41379-021-00936-1
717,https://www.nature.com/articles/s41379-021-00936-1
718,https://www.nature.com/articles/s41379-021-00927-2
719,https://www.nature.com/articles/s41379-021-00927-2
720,https://www.nature.com/articles/s41379-021-00937-0
721,https://www.nature.com/articles/s41379-021-00937-0
722,https://www.nature.com/articles/s41379-021-00922-7
723,https://www.nature.com/articles/s41379-021-00922-7
724,https://www.nature.com/articles/s41379-021-00896-6
725,https://www.nature.com/articles/s41379-021-00896-6
726,https://www.nature.com/articles/s41380-021-01308-6
727,https://www.nature.com/articles/s41380-021-01308-6
728,https://www.nature.com/articles/s41380-021-01297-6
729,https://www.nature.com/articles/s41380-021-01297-6
730,https://www.nature.com/articles/s41380-021-01292-x
731,https://www.nature.com/articles/s41380-021-01292-x
732,https://www.nature.com/articles/s41380-021-01293-w
733,https://www.nature.com/articles/s41380-021-01293-w
734,https://www.nature.com/articles/s41380-021-01296-7
735,https://www.nature.com/articles/s41380-021-01296-7
736,https://www.nature.com/articles/s41385-021-00457-9
737,https://www.nature.com/articles/s41385-021-00457-9
738,https://www.nature.com/articles/s41385-021-00458-8
739,https://www.nature.com/articles/s41385-021-00458-8
740,https://www.nature.com/articles/s41385-021-00453-z
741,https://www.nature.com/articles/s41385-021-00453-z
742,https://www.nature.com/articles/s41385-021-00454-y
743,https://www.nature.com/articles/s41385-021-00454-y
744,https://www.nature.com/articles/s41385-021-00440-4
745,https://www.nature.com/articles/s41385-021-00440-4
746,https://www.nature.com/articles/s41385-021-00438-y
747,https://www.nature.com/articles/s41385-021-00438-y
748,https://www.nature.com/articles/s41385-021-00447-x
749,https://www.nature.com/articles/s41385-021-00447-x
750,https://www.nature.com/articles/d41586-021-02756-4
751,https://www.nature.com/articles/d41586-021-02756-4
752,https://www.nature.com/articles/d41586-021-02643-y
753,https://www.nature.com/articles/d41586-021-02643-y
754,https://www.nature.com/articles/s41586-021-04058-1
755,https://www.nature.com/articles/s41586-021-04058-1
756,https://www.nature.com/articles/d41586-021-02745-7
757,https://www.nature.com/articles/d41586-021-02745-7
758,https://www.nature.com/articles/s43587-021-00124-5
759,https://www.nature.com/articles/s43587-021-00124-5
760,https://www.nature.com/articles/s43587-021-00123-6
761,https://www.nature.com/articles/s43587-021-00123-6
762,https://www.nature.com/articles/s43587-021-00122-7
763,https://www.nature.com/articles/s43587-021-00122-7
764,https://www.nature.com/articles/s43587-021-00116-5
765,https://www.nature.com/articles/s43587-021-00116-5
766,https://www.nature.com/articles/s43587-021-00107-6
767,https://www.nature.com/articles/s43587-021-00107-6
768,https://www.nature.com/articles/s43587-021-00117-4
769,https://www.nature.com/articles/s43587-021-00117-4
770,https://www.nature.com/articles/s43587-021-00103-w
771,https://www.nature.com/articles/s43587-021-00103-w
772,https://www.nature.com/articles/s43587-021-00113-8
773,https://www.nature.com/articles/s43587-021-00113-8
774,https://www.nature.com/articles/s43587-021-00109-4
775,https://www.nature.com/articles/s43587-021-00109-4
776,https://www.nature.com/articles/s43587-021-00110-x
777,https://www.nature.com/articles/s43587-021-00110-x
778,https://www.nature.com/articles/s43587-021-00111-w
779,https://www.nature.com/articles/s43587-021-00111-w
780,https://www.nature.com/articles/s41550-021-01483-0
781,https://www.nature.com/articles/s41550-021-01483-0
782,https://www.nature.com/articles/s41550-021-01485-y
783,https://www.nature.com/articles/s41550-021-01485-y
784,https://www.nature.com/articles/s41550-021-01509-7
785,https://www.nature.com/articles/s41550-021-01509-7
786,https://www.nature.com/articles/s41550-021-01473-2
787,https://www.nature.com/articles/s41550-021-01473-2
788,https://www.nature.com/articles/s41550-021-01474-1
789,https://www.nature.com/articles/s41550-021-01474-1
790,https://www.nature.com/articles/s41550-021-01472-3
791,https://www.nature.com/articles/s41550-021-01472-3
792,https://www.nature.com/articles/s41550-021-01522-w
793,https://www.nature.com/articles/s41550-021-01522-w
794,https://www.nature.com/articles/s41550-021-01525-7
795,https://www.nature.com/articles/s41550-021-01525-7
796,https://www.nature.com/articles/s41550-021-01526-6
797,https://www.nature.com/articles/s41550-021-01526-6
798,https://www.nature.com/articles/s41550-021-01523-9
799,https://www.nature.com/articles/s41550-021-01523-9
800,https://www.nature.com/articles/s41550-021-01475-0
801,https://www.nature.com/articles/s41550-021-01475-0
802,https://www.nature.com/articles/s41550-021-01511-z
803,https://www.nature.com/articles/s41550-021-01511-z
804,https://www.nature.com/articles/s41550-021-01469-y
805,https://www.nature.com/articles/s41550-021-01469-y
806,https://www.nature.com/articles/s41550-021-01471-4
807,https://www.nature.com/articles/s41550-021-01471-4
808,https://www.nature.com/articles/s41550-021-01504-y
809,https://www.nature.com/articles/s41550-021-01504-y
810,https://www.nature.com/articles/s41550-021-01499-6
811,https://www.nature.com/articles/s41550-021-01499-6
812,https://www.nature.com/articles/s41550-021-01492-z
813,https://www.nature.com/articles/s41550-021-01492-z
814,https://www.nature.com/articles/s41550-021-01497-8
815,https://www.nature.com/articles/s41550-021-01497-8
816,https://www.nature.com/articles/s41550-021-01498-7
817,https://www.nature.com/articles/s41550-021-01498-7
818,https://www.nature.com/articles/s41551-021-00803-z
819,https://www.nature.com/articles/s41551-021-00803-z
820,https://www.nature.com/articles/s41551-021-00791-0
821,https://www.nature.com/articles/s41551-021-00791-0
822,https://www.nature.com/articles/s41551-021-00792-z
823,https://www.nature.com/articles/s41551-021-00792-z
824,https://www.nature.com/articles/s41551-021-00785-y
825,https://www.nature.com/articles/s41551-021-00785-y
826,https://www.nature.com/articles/s41551-021-00796-9
827,https://www.nature.com/articles/s41551-021-00796-9
828,https://www.nature.com/articles/s41551-021-00793-y
829,https://www.nature.com/articles/s41551-021-00793-y
830,https://www.nature.com/articles/s41551-021-00788-9
831,https://www.nature.com/articles/s41551-021-00788-9
832,https://www.nature.com/articles/s41551-021-00784-z
833,https://www.nature.com/articles/s41551-021-00784-z
834,https://www.nature.com/articles/s41551-021-00783-0
835,https://www.nature.com/articles/s41551-021-00783-0
836,https://www.nature.com/articles/s41551-021-00780-3
837,https://www.nature.com/articles/s41551-021-00780-3
838,https://www.nature.com/articles/s41551-021-00767-0
839,https://www.nature.com/articles/s41551-021-00767-0
840,https://www.nature.com/articles/s41551-021-00782-1
841,https://www.nature.com/articles/s41551-021-00782-1
842,https://www.nature.com/articles/s41551-021-00779-w
843,https://www.nature.com/articles/s41551-021-00779-w
844,https://www.nature.com/articles/s41587-021-01101-4
845,https://www.nature.com/articles/s41587-021-01101-4
846,https://www.nature.com/articles/s41587-021-01042-y
847,https://www.nature.com/articles/s41587-021-01042-y
848,https://www.nature.com/articles/s41587-021-01038-8
849,https://www.nature.com/articles/s41587-021-01038-8
850,https://www.nature.com/articles/s41587-021-01031-1
851,https://www.nature.com/articles/s41587-021-01031-1
852,https://www.nature.com/articles/s41587-021-01082-4
853,https://www.nature.com/articles/s41587-021-01082-4
854,https://www.nature.com/articles/s41587-021-01083-3
855,https://www.nature.com/articles/s41587-021-01083-3
856,https://www.nature.com/articles/s41587-021-01090-4
857,https://www.nature.com/articles/s41587-021-01090-4
858,https://www.nature.com/articles/s41587-021-01098-w
859,https://www.nature.com/articles/s41587-021-01098-w
860,https://www.nature.com/articles/s41587-021-01096-y
861,https://www.nature.com/articles/s41587-021-01096-y
862,https://www.nature.com/articles/s41587-021-01087-z
863,https://www.nature.com/articles/s41587-021-01087-z
864,https://www.nature.com/articles/s41587-021-01097-x
865,https://www.nature.com/articles/s41587-021-01097-x
866,https://www.nature.com/articles/s41587-021-01076-2
867,https://www.nature.com/articles/s41587-021-01076-2
868,https://www.nature.com/articles/s41587-021-01086-0
869,https://www.nature.com/articles/s41587-021-01086-0
870,https://www.nature.com/articles/s41587-021-01077-1
871,https://www.nature.com/articles/s41587-021-01077-1
872,https://www.nature.com/articles/s41587-021-01071-7
873,https://www.nature.com/articles/s41587-021-01071-7
874,https://www.nature.com/articles/s41587-021-01039-7
875,https://www.nature.com/articles/s41587-021-01039-7
876,https://www.nature.com/articles/s43018-021-00247-z
877,https://www.nature.com/articles/s43018-021-00247-z
878,https://www.nature.com/articles/s43018-021-00249-x
879,https://www.nature.com/articles/s43018-021-00249-x
880,https://www.nature.com/articles/s43018-021-00251-3
881,https://www.nature.com/articles/s43018-021-00251-3
882,https://www.nature.com/articles/s43018-021-00257-x
883,https://www.nature.com/articles/s43018-021-00257-x
884,https://www.nature.com/articles/s43018-021-00255-z
885,https://www.nature.com/articles/s43018-021-00255-z
886,https://www.nature.com/articles/s43018-021-00244-2
887,https://www.nature.com/articles/s43018-021-00244-2
888,https://www.nature.com/articles/s43018-021-00256-y
889,https://www.nature.com/articles/s43018-021-00256-y
890,https://www.nature.com/articles/s43018-021-00245-1
891,https://www.nature.com/articles/s43018-021-00245-1
892,https://www.nature.com/articles/s43018-021-00250-4
893,https://www.nature.com/articles/s43018-021-00250-4
894,https://www.nature.com/articles/s43018-021-00248-y
895,https://www.nature.com/articles/s43018-021-00248-y
896,https://www.nature.com/articles/s43018-021-00241-5
897,https://www.nature.com/articles/s43018-021-00241-5
898,https://www.nature.com/articles/s43018-021-00238-0
899,https://www.nature.com/articles/s43018-021-00238-0
900,https://www.nature.com/articles/s43018-021-00240-6
901,https://www.nature.com/articles/s43018-021-00240-6
902,https://www.nature.com/articles/s43018-021-00232-6
903,https://www.nature.com/articles/s43018-021-00232-6
904,https://www.nature.com/articles/s41929-021-00678-y
905,https://www.nature.com/articles/s41929-021-00678-y
906,https://www.nature.com/articles/s41929-021-00676-0
907,https://www.nature.com/articles/s41929-021-00676-0
908,https://www.nature.com/articles/s41929-021-00674-2
909,https://www.nature.com/articles/s41929-021-00674-2
910,https://www.nature.com/articles/s41929-021-00675-1
911,https://www.nature.com/articles/s41929-021-00675-1
912,https://www.nature.com/articles/s41929-021-00671-5
913,https://www.nature.com/articles/s41929-021-00671-5
914,https://www.nature.com/articles/s41929-021-00672-4
915,https://www.nature.com/articles/s41929-021-00672-4
916,https://www.nature.com/articles/s41929-021-00670-6
917,https://www.nature.com/articles/s41929-021-00670-6
918,https://www.nature.com/articles/s41929-021-00669-z
919,https://www.nature.com/articles/s41929-021-00669-z
920,https://www.nature.com/articles/s41929-021-00666-2
921,https://www.nature.com/articles/s41929-021-00666-2
922,https://www.nature.com/articles/s41929-021-00668-0
923,https://www.nature.com/articles/s41929-021-00668-0
924,https://www.nature.com/articles/s41929-021-00664-4
925,https://www.nature.com/articles/s41929-021-00664-4
926,https://www.nature.com/articles/s41929-021-00667-1
927,https://www.nature.com/articles/s41929-021-00667-1
928,https://www.nature.com/articles/s41929-021-00665-3
929,https://www.nature.com/articles/s41929-021-00665-3
930,https://www.nature.com/articles/s41929-021-00663-5
931,https://www.nature.com/articles/s41929-021-00663-5
932,https://www.nature.com/articles/s41929-021-00659-1
933,https://www.nature.com/articles/s41929-021-00659-1
934,https://www.nature.com/articles/s41929-021-00660-8
935,https://www.nature.com/articles/s41929-021-00660-8
936,https://www.nature.com/articles/s41929-021-00661-7
937,https://www.nature.com/articles/s41929-021-00661-7
938,https://www.nature.com/articles/s41929-021-00651-9
939,https://www.nature.com/articles/s41929-021-00651-9
940,https://www.nature.com/articles/s41556-021-00770-2
941,https://www.nature.com/articles/s41556-021-00770-2
942,https://www.nature.com/articles/s41556-021-00773-z
943,https://www.nature.com/articles/s41556-021-00773-z
944,https://www.nature.com/articles/s41556-021-00771-1
945,https://www.nature.com/articles/s41556-021-00771-1
946,https://www.nature.com/articles/s41556-021-00765-z
947,https://www.nature.com/articles/s41556-021-00765-z
948,https://www.nature.com/articles/s41556-021-00763-1
949,https://www.nature.com/articles/s41556-021-00763-1
950,https://www.nature.com/articles/s41556-021-00768-w
951,https://www.nature.com/articles/s41556-021-00768-w
952,https://www.nature.com/articles/s41556-021-00769-9
953,https://www.nature.com/articles/s41556-021-00769-9
954,https://www.nature.com/articles/s41556-021-00760-4
955,https://www.nature.com/articles/s41556-021-00760-4
956,https://www.nature.com/articles/s41556-021-00764-0
957,https://www.nature.com/articles/s41556-021-00764-0
958,https://www.nature.com/articles/s41556-021-00762-2
959,https://www.nature.com/articles/s41556-021-00762-2
960,https://www.nature.com/articles/s41556-021-00767-x
961,https://www.nature.com/articles/s41556-021-00767-x
962,https://www.nature.com/articles/s41556-021-00753-3
963,https://www.nature.com/articles/s41556-021-00753-3
964,https://www.nature.com/articles/s41556-021-00754-2
965,https://www.nature.com/articles/s41556-021-00754-2
966,https://www.nature.com/articles/s41589-021-00881-9
967,https://www.nature.com/articles/s41589-021-00881-9
968,https://www.nature.com/articles/s41589-021-00875-7
969,https://www.nature.com/articles/s41589-021-00875-7
970,https://www.nature.com/articles/s41589-021-00873-9
971,https://www.nature.com/articles/s41589-021-00873-9
972,https://www.nature.com/articles/s41589-021-00857-9
973,https://www.nature.com/articles/s41589-021-00857-9
974,https://www.nature.com/articles/s41589-021-00852-0
975,https://www.nature.com/articles/s41589-021-00852-0
976,https://www.nature.com/articles/s41589-021-00866-8
977,https://www.nature.com/articles/s41589-021-00866-8
978,https://www.nature.com/articles/s41589-021-00862-y
979,https://www.nature.com/articles/s41589-021-00862-y
980,https://www.nature.com/articles/s41589-021-00874-8
981,https://www.nature.com/articles/s41589-021-00874-8
982,https://www.nature.com/articles/s41589-021-00887-3
983,https://www.nature.com/articles/s41589-021-00887-3
984,https://www.nature.com/articles/s41589-021-00885-5
985,https://www.nature.com/articles/s41589-021-00885-5
986,https://www.nature.com/articles/s41589-021-00888-2
987,https://www.nature.com/articles/s41589-021-00888-2
988,https://www.nature.com/articles/s41589-021-00886-4
989,https://www.nature.com/articles/s41589-021-00886-4
990,https://www.nature.com/articles/s41589-021-00807-5
991,https://www.nature.com/articles/s41589-021-00807-5
992,https://www.nature.com/articles/s41589-021-00861-z
993,https://www.nature.com/articles/s41589-021-00861-z
994,https://www.nature.com/articles/s41589-021-00822-6
995,https://www.nature.com/articles/s41589-021-00822-6
996,https://www.nature.com/articles/s41589-021-00837-z
997,https://www.nature.com/articles/s41589-021-00837-z
998,https://www.nature.com/articles/s41557-021-00790-3
999,https://www.nature.com/articles/s41557-021-00790-3
1000,https://www.nature.com/articles/s41557-021-00795-y
1001,https://www.nature.com/articles/s41557-021-00795-y
1002,https://www.nature.com/articles/s41557-021-00777-0
1003,https://www.nature.com/articles/s41557-021-00777-0
1004,https://www.nature.com/articles/s41557-021-00793-0
1005,https://www.nature.com/articles/s41557-021-00793-0
1006,https://www.nature.com/articles/s41557-021-00784-1
1007,https://www.nature.com/articles/s41557-021-00784-1
1008,https://www.nature.com/articles/s41557-021-00786-z
1009,https://www.nature.com/articles/s41557-021-00786-z
1010,https://www.nature.com/articles/s41557-021-00783-2
1011,https://www.nature.com/articles/s41557-021-00783-2
1012,https://www.nature.com/articles/s41557-021-00767-2
1013,https://www.nature.com/articles/s41557-021-00767-2
1014,https://www.nature.com/articles/s41557-021-00782-3
1015,https://www.nature.com/articles/s41557-021-00782-3
1016,https://www.nature.com/articles/s41557-021-00785-0
1017,https://www.nature.com/articles/s41557-021-00785-0
1018,https://www.nature.com/articles/s41557-021-00780-5
1019,https://www.nature.com/articles/s41557-021-00780-5
1020,https://www.nature.com/articles/s41557-021-00772-5
1021,https://www.nature.com/articles/s41557-021-00772-5
1022,https://www.nature.com/articles/s41558-021-01171-x
1023,https://www.nature.com/articles/s41558-021-01171-x
1024,https://www.nature.com/articles/s41558-021-01176-6
1025,https://www.nature.com/articles/s41558-021-01176-6
1026,https://www.nature.com/articles/s41558-021-01174-8
1027,https://www.nature.com/articles/s41558-021-01174-8
1028,https://www.nature.com/articles/s41558-021-01181-9
1029,https://www.nature.com/articles/s41558-021-01181-9
1030,https://www.nature.com/articles/s41558-021-01166-8
1031,https://www.nature.com/articles/s41558-021-01166-8
1032,https://www.nature.com/articles/s41558-021-01177-5
1033,https://www.nature.com/articles/s41558-021-01177-5
1034,https://www.nature.com/articles/s41558-021-01178-4
1035,https://www.nature.com/articles/s41558-021-01178-4
1036,https://www.nature.com/articles/s41558-021-01180-w
1037,https://www.nature.com/articles/s41558-021-01180-w
1038,https://www.nature.com/articles/s41558-021-01179-3
1039,https://www.nature.com/articles/s41558-021-01179-3
1040,https://www.nature.com/articles/s41558-021-01165-9
1041,https://www.nature.com/articles/s41558-021-01165-9
1042,https://www.nature.com/articles/s41558-021-01169-5
1043,https://www.nature.com/articles/s41558-021-01169-5
1044,https://www.nature.com/articles/s41558-021-01167-7
1045,https://www.nature.com/articles/s41558-021-01167-7
1046,https://www.nature.com/articles/s41558-021-01162-y
1047,https://www.nature.com/articles/s41558-021-01162-y
1048,https://www.nature.com/articles/s41558-021-01163-x
1049,https://www.nature.com/articles/s41558-021-01163-x
1050,https://www.nature.com/articles/s41558-021-01160-0
1051,https://www.nature.com/articles/s41558-021-01160-0
1052,https://www.nature.com/articles/s41558-021-01161-z
1053,https://www.nature.com/articles/s41558-021-01161-z
1054,https://www.nature.com/articles/s41558-021-01140-4
1055,https://www.nature.com/articles/s41558-021-01140-4
1056,https://www.nature.com/articles/s43588-021-00149-1
1057,https://www.nature.com/articles/s43588-021-00149-1
1058,https://www.nature.com/articles/s43588-021-00151-7
1059,https://www.nature.com/articles/s43588-021-00151-7
1060,https://www.nature.com/articles/s43588-021-00148-2
1061,https://www.nature.com/articles/s43588-021-00148-2
1062,https://www.nature.com/articles/s43588-021-00150-8
1063,https://www.nature.com/articles/s43588-021-00150-8
1064,https://www.nature.com/articles/s43588-021-00128-6
1065,https://www.nature.com/articles/s43588-021-00128-6
1066,https://www.nature.com/articles/s43588-021-00129-5
1067,https://www.nature.com/articles/s43588-021-00129-5
1068,https://www.nature.com/articles/s43588-021-00132-w
1069,https://www.nature.com/articles/s43588-021-00132-w
1070,https://www.nature.com/articles/s43588-021-00131-x
1071,https://www.nature.com/articles/s43588-021-00131-x
1072,https://www.nature.com/articles/s43588-021-00134-8
1073,https://www.nature.com/articles/s43588-021-00134-8
1074,https://www.nature.com/articles/s43588-021-00135-7
1075,https://www.nature.com/articles/s43588-021-00135-7
1076,https://www.nature.com/articles/s43588-021-00133-9
1077,https://www.nature.com/articles/s43588-021-00133-9
1078,https://www.nature.com/articles/s41559-021-01567-0
1079,https://www.nature.com/articles/s41559-021-01567-0
1080,https://www.nature.com/articles/s41559-021-01557-2
1081,https://www.nature.com/articles/s41559-021-01557-2
1082,https://www.nature.com/articles/s41559-021-01555-4
1083,https://www.nature.com/articles/s41559-021-01555-4
1084,https://www.nature.com/articles/s41559-021-01559-0
1085,https://www.nature.com/articles/s41559-021-01559-0
1086,https://www.nature.com/articles/s41559-021-01561-6
1087,https://www.nature.com/articles/s41559-021-01561-6
1088,https://www.nature.com/articles/s41559-021-01562-5
1089,https://www.nature.com/articles/s41559-021-01562-5
1090,https://www.nature.com/articles/s41559-021-01558-1
1091,https://www.nature.com/articles/s41559-021-01558-1
1092,https://www.nature.com/articles/s41559-021-01556-3
1093,https://www.nature.com/articles/s41559-021-01556-3
1094,https://www.nature.com/articles/s41559-021-01551-8
1095,https://www.nature.com/articles/s41559-021-01551-8
1096,https://www.nature.com/articles/s41559-021-01547-4
1097,https://www.nature.com/articles/s41559-021-01547-4
1098,https://www.nature.com/articles/s41559-021-01553-6
1099,https://www.nature.com/articles/s41559-021-01553-6
1100,https://www.nature.com/articles/s41559-021-01550-9
1101,https://www.nature.com/articles/s41559-021-01550-9
1102,https://www.nature.com/articles/s41559-021-01548-3
1103,https://www.nature.com/articles/s41559-021-01548-3
1104,https://www.nature.com/articles/s41559-021-01543-8
1105,https://www.nature.com/articles/s41559-021-01543-8
1106,https://www.nature.com/articles/s41928-021-00655-0
1107,https://www.nature.com/articles/s41928-021-00655-0
1108,https://www.nature.com/articles/s41928-021-00659-w
1109,https://www.nature.com/articles/s41928-021-00659-w
1110,https://www.nature.com/articles/s41928-021-00648-z
1111,https://www.nature.com/articles/s41928-021-00648-z
1112,https://www.nature.com/articles/s41928-021-00652-3
1113,https://www.nature.com/articles/s41928-021-00652-3
1114,https://www.nature.com/articles/s41928-021-00650-5
1115,https://www.nature.com/articles/s41928-021-00650-5
1116,https://www.nature.com/articles/s41928-021-00651-4
1117,https://www.nature.com/articles/s41928-021-00651-4
1118,https://www.nature.com/articles/s41928-021-00647-0
1119,https://www.nature.com/articles/s41928-021-00647-0
1120,https://www.nature.com/articles/s41928-021-00640-7
1121,https://www.nature.com/articles/s41928-021-00640-7
1122,https://www.nature.com/articles/s41928-021-00643-4
1123,https://www.nature.com/articles/s41928-021-00643-4
1124,https://www.nature.com/articles/s41928-021-00646-1
1125,https://www.nature.com/articles/s41928-021-00646-1
1126,https://www.nature.com/articles/s41928-021-00641-6
1127,https://www.nature.com/articles/s41928-021-00641-6
1128,https://www.nature.com/articles/s41928-021-00645-2
1129,https://www.nature.com/articles/s41928-021-00645-2
1130,https://www.nature.com/articles/s41928-021-00633-6
1131,https://www.nature.com/articles/s41928-021-00633-6
1132,https://www.nature.com/articles/s41928-021-00636-3
1133,https://www.nature.com/articles/s41928-021-00636-3
1134,https://www.nature.com/articles/s41928-021-00639-0
1135,https://www.nature.com/articles/s41928-021-00639-0
1136,https://www.nature.com/articles/s41928-021-00638-1
1137,https://www.nature.com/articles/s41928-021-00638-1
1138,https://www.nature.com/articles/s41560-021-00902-w
1139,https://www.nature.com/articles/s41560-021-00902-w
1140,https://www.nature.com/articles/s41560-021-00898-3
1141,https://www.nature.com/articles/s41560-021-00898-3
1142,https://www.nature.com/articles/s41560-021-00892-9
1143,https://www.nature.com/articles/s41560-021-00892-9
1144,https://www.nature.com/articles/s41560-021-00860-3
1145,https://www.nature.com/articles/s41560-021-00860-3
1146,https://www.nature.com/articles/s41560-021-00883-w
1147,https://www.nature.com/articles/s41560-021-00883-w
1148,https://www.nature.com/articles/s41560-021-00899-2
1149,https://www.nature.com/articles/s41560-021-00899-2
1150,https://www.nature.com/articles/s41560-021-00873-y
1151,https://www.nature.com/articles/s41560-021-00873-y
1152,https://www.nature.com/articles/s41560-021-00905-7
1153,https://www.nature.com/articles/s41560-021-00905-7
1154,https://www.nature.com/articles/s41560-021-00887-6
1155,https://www.nature.com/articles/s41560-021-00887-6
1156,https://www.nature.com/articles/s41560-021-00886-7
1157,https://www.nature.com/articles/s41560-021-00886-7
1158,https://www.nature.com/articles/s41560-021-00906-6
1159,https://www.nature.com/articles/s41560-021-00906-6
1160,https://www.nature.com/articles/s41560-021-00908-4
1161,https://www.nature.com/articles/s41560-021-00908-4
1162,https://www.nature.com/articles/s41560-021-00903-9
1163,https://www.nature.com/articles/s41560-021-00903-9
1164,https://www.nature.com/articles/s41560-021-00901-x
1165,https://www.nature.com/articles/s41560-021-00901-x
1166,https://www.nature.com/articles/s41560-021-00891-w
1167,https://www.nature.com/articles/s41560-021-00891-w
1168,https://www.nature.com/articles/s41560-021-00894-7
1169,https://www.nature.com/articles/s41560-021-00894-7
1170,https://www.nature.com/articles/s41560-021-00895-6
1171,https://www.nature.com/articles/s41560-021-00895-6
1172,https://www.nature.com/articles/s41560-021-00893-8
1173,https://www.nature.com/articles/s41560-021-00893-8
